Job ID,Job URL,Job Title,Company Name,Status,Timestamp,WP ID
b781090ee6a968ad,https://au.linkedin.com/jobs/view/expression-of-interest-at-procreate-4345721114,Expression of Interest,,scraped,2026-09-11T18:04:18.042504,
2ab810645bdee95a,https://au.linkedin.com/jobs/view/business-development-representative-australia-at-wayflyer-4465883575,"Business Development Representative, Australia",,scraped,2026-09-11T18:04:24.849657,
519e58728c1a08c0,https://au.linkedin.com/jobs/view/maintenance-specialist-at-kapsch-group-4462200076,Maintenance Specialist,,scraped,2026-09-11T18:04:31.587277,
25659be8e6eec94d,https://au.linkedin.com/jobs/view/business-development-representative-apj-at-hibob-4464397735,"Business Development Representative, APJ",HiBob,failed|wp_post_failed,2026-09-11T18:04:45.910558,
f608a36ef49385cb,https://au.linkedin.com/jobs/view/recruitment-consultant-at-salt-4463569747,Recruitment Consultant,,scraped,2026-09-11T18:04:48.910571,
cb660823eaabcd56,https://au.linkedin.com/jobs/view/pricing-analyst-at-wns-4464381329,Pricing Analyst,WNS,failed|wp_post_failed,2026-09-11T18:05:03.337222,
035a9af6e4a15f79,https://au.linkedin.com/jobs/view/business-development-representative-saas-at-salient-group-4464156495,Business Development Representative - SaaS,,scraped,2026-09-11T18:05:06.047999,
e38dbdc9b5343005,https://au.linkedin.com/jobs/view/receptionist-office-assistant-at-white-fox-boutique-4464088178,Receptionist & Office Assistant,,scraped,2026-09-11T18:05:16.099270,
91cc66b9b364866c,https://au.linkedin.com/jobs/view/sales-assistant-amx-bendigo-full-time-at-amx-superstores-4455244399,Sales Assistant - AMX Bendigo - Full Time,AMX Superstores,failed|wp_post_failed,2026-09-11T18:05:33.582706,
a9df7154012068ba,https://au.linkedin.com/jobs/view/retail-sales-assistant-townsville-at-pillow-talk-australia-4462914115,Retail Sales Assistant - Townsville,,scraped,2026-09-11T18:05:36.230086,
9eb766f9d04c1011,https://au.linkedin.com/jobs/view/sales-development-representative-sdr-saas-perth-australia-remote-at-recite-me-4464330415,"Sales Development Representative SDR (SaaS) Perth Australia, Remote",,scraped,2026-09-11T18:05:43.741771,
73fa156e3ad97ded,https://au.linkedin.com/jobs/view/sales-executive-small-and-medium-business-saas-at-hindsite-industries-4464179399,Sales Executive (Small and Medium Business SaaS),,scraped,2026-09-11T18:05:50.936654,
55e84ab45cd6532b,https://au.linkedin.com/jobs/view/full-life-cycle-recruiter-amazon-web-services-at-amazon-web-services-aws-4455780857,"Full Life Cycle Recruiter, Amazon Web Services",Amazon Web Services (AWS),failed|wp_post_failed,2026-09-11T18:06:04.749545,
1ff9c11720487b8e,https://au.linkedin.com/jobs/view/sales-development-representative-at-quiet-list-4464173239,Sales Development Representative,,scraped,2026-09-11T18:06:07.433068,
e6d0967431df2f4a,https://au.linkedin.com/jobs/view/intermediate-accountant-at-w3global-4464153913,Intermediate Accountant,W3Global,failed|wp_post_failed,2026-09-11T18:06:23.710686,
16149e8ce538ba1e,https://au.linkedin.com/jobs/view/publican-bayswater-hotel-at-alh-hotels-4465621662,Publican - Bayswater Hotel,,scraped,2026-09-11T18:06:26.266107,
d9529ab7e2866580,https://au.linkedin.com/jobs/view/software-engineering-manager-at-buildsafe-4437987059,Software Engineering Manager,,scraped,2026-09-11T18:06:32.573794,
c67b4125e11377f7,https://au.linkedin.com/jobs/view/sales-development-representative-at-forcepoint-4465802836,Sales Development Representative,Forcepoint,failed|wp_post_failed,2026-09-11T18:06:47.562552,
9d9ee1467c3fcba0,https://au.linkedin.com/jobs/view/senior-business-development-representative-at-shipbob-4437386154,Senior Business Development Representative,ShipBob,failed|wp_post_failed,2026-09-11T18:06:56.578902,
5540d97c991eabcc,https://au.linkedin.com/jobs/view/store-manager-brisbane-north-at-spotlight-ltd-4462564505,Store Manager Brisbane North,,scraped,2026-09-11T18:06:59.232883,
859fa2cf10495d78,https://au.linkedin.com/jobs/view/building-maintenance-handyman-at-coombes-property-group-4460799464,Building Maintenance Handyman,,scraped,2026-09-11T18:07:07.234615,
a3404050a910ae23,https://au.linkedin.com/jobs/view/assistant-manager-prospect-full-time-assistant-manager-at-kennards-self-storage-4461492452,Assistant Manager Prospect Full-Time Assistant Manager,Kennards Self Storage,failed|wp_post_failed,2026-09-11T18:07:26.517962,
fdbf428d695a4c25,https://au.linkedin.com/jobs/view/performance-reward-specialist-at-team-global-express-4464328614,Performance Reward Specialist,,scraped,2026-09-11T18:07:29.292956,
397349214fddfd66,https://au.linkedin.com/jobs/view/sales-consultant-at-e-s-4462292183,Sales Consultant,,scraped,2026-09-11T18:07:36.895239,
b02ff3695decf6af,https://au.linkedin.com/jobs/view/account-executive-remote-at-visualcare-4465893046,Account Executive - Remote,,scraped,2026-09-11T18:07:44.800318,
08dfec5eb1540b8b,https://au.linkedin.com/jobs/view/cleaner-at-versa-cleaners-home-services-4464567717,Cleaner,Versa Cleaners- Home services,failed|wp_post_failed,2026-09-11T18:07:57.825337,
192ffb0b17c92cd3,https://au.linkedin.com/jobs/view/full-time-general-practitioner-townsville-at-ausdocs-holdings-group-4464431798,Full-time General Practitioner - Townsville,,scraped,2026-09-11T18:08:00.424850,
8f81b548319361b2,https://au.linkedin.com/jobs/view/management-opportunities-macpac-robina-new-store-at-macpac-ltd-4463004357,Management Opportunities - Macpac Robina *New Store*,,scraped,2026-09-11T18:08:06.864356,
d95165a791e9f83f,https://au.linkedin.com/jobs/view/retail-store-manager-artarmon-at-petstock-group-4462588015,Retail Store Manager | Artarmon,,scraped,2026-09-11T18:08:13.884520,
a5904445dde5dbe9,https://au.linkedin.com/jobs/view/general-hand-at-reddam-house-north-shore-4465379390,General Hand,,scraped,2026-09-11T18:08:21.122513,
47c71e74a3dac3e8,https://au.linkedin.com/jobs/view/sales-development-representative-at-ninjaone-4465885923,Sales Development Representative,NinjaOne,failed|wp_post_failed,2026-09-11T18:08:34.604128,
ed5b3e879faa4e51,https://au.linkedin.com/jobs/view/account-executive-smb-position-located-in-melbourne-australia-at-knowbe4-4435592033,"Account Executive (SMB) (Position located in Melbourne, Australia)",KnowBe4,failed|wp_post_failed,2026-09-11T18:08:43.473602,
d4d5c778093664e5,https://au.linkedin.com/jobs/view/business-development-rep-at-aircall-4456348001,Business Development Rep,Aircall,failed|wp_post_failed,2026-09-11T18:08:52.544790,
dec2befc467f8c5b,https://au.linkedin.com/jobs/view/analyst-rna-at-wns-4464376409,Analyst - RNA,WNS,failed|wp_post_failed,2026-09-11T18:09:01.486808,
3630aec49d236da2,https://au.linkedin.com/jobs/view/sales-development-representative-at-insights-4461884944,Sales Development Representative,,scraped,2026-09-11T18:09:04.209115,
8e4b66784f5007d3,https://au.linkedin.com/jobs/view/cost-planner-estimator-at-bluestone-recruitment-4463956302,Cost Planner/Estimator,,scraped,2026-09-11T18:09:11.636126,
6ce5c6344869ce55,https://au.linkedin.com/jobs/view/business-development-representative-at-zembl-4466067035,Business Development Representative,,scraped,2026-09-11T18:09:19.841994,
1dc3b9edf34270f6,https://au.linkedin.com/jobs/view/platypus-store-manager-geelong-at-platypus-shoes-4466037608,Platypus Store Manager - Geelong,,scraped,2026-09-11T18:09:27.212352,
8b9a95381d57da62,https://au.linkedin.com/jobs/view/store-manager-bankstown-at-skechers-australia-new-zealand-4454179165,Store Manager - Bankstown,,scraped,2026-09-11T18:09:33.597528,
0f2043cec7e312f0,https://au.linkedin.com/jobs/view/sales-consultant-fyshwick-at-freedom-australia-4462289606,Sales Consultant - Fyshwick,,scraped,2026-09-11T18:09:40.385337,
daf8cf16ed7c7c0e,https://au.linkedin.com/jobs/view/kitchen-attendant-steward-at-pullman-hotels-resorts-4464873910,Kitchen Attendant/Steward,,scraped,2026-09-11T18:09:47.073601,
6beea833a1b91066,https://au.linkedin.com/jobs/view/store-manager-kingaroy-at-spotlight-ltd-4463937304,Store Manager Kingaroy,,scraped,2026-09-11T18:09:53.608490,
ac5b8704b4b399d7,https://au.linkedin.com/jobs/view/customer-sales-service-repco-narrabri-full-time-at-repco-4456474323,Customer Sales & Service - Repco Narrabri - Full Time,Repco,failed|wp_post_failed,2026-09-11T18:19:51.258900,
c2756e80ef8cdf7d,https://au.linkedin.com/jobs/view/mc-local-driver-full-time-sydney-at-followmont-transport-pty-ltd-4463822203,MC Local Driver | Full Time | Sydney,Followmont Transport Pty Ltd,failed|wp_post_failed,2026-09-11T18:20:26.849627,
2f29fbcedad578c5,https://au.linkedin.com/jobs/view/smokemart-giftbox-mackay-%E2%80%93-sales-assistant-at-smokemart-giftbox-4464081840,Smokemart & GiftBox Mackay – Sales Assistant,,scraped,2026-09-11T18:20:29.658151,
982b50790243e3e6,https://au.linkedin.com/jobs/view/sales-assistant-at-bapcor-limited-4464097085,Sales Assistant,,scraped,2026-09-11T18:20:36.027717,
cd4b5b5cfd8192e6,https://au.linkedin.com/jobs/view/maintenance-assistant-at-accor-4462683157,Maintenance Assistant,Accor,failed|wp_post_failed,2026-09-11T18:20:51.989975,
345f87d15bfb428f,https://au.linkedin.com/jobs/view/account-executive-at-hello-clever-4464417372,Account Executive,,scraped,2026-09-11T18:20:54.794923,
8d31fee28c90f50c,https://au.linkedin.com/jobs/view/new-store-sales-assistant-rouse-hill-new-south-wales-act-at-ghanda-clothing-4462531704,NEW STORE - Sales Assistant - Rouse Hill NEW SOUTH WALES/ACT,,scraped,2026-09-11T18:21:01.679183,
fdf86e16f720364d,https://au.linkedin.com/jobs/view/business-development-representative-at-halcyon-knights-4464154387,Business Development Representative,,scraped,2026-09-11T18:21:08.615089,
fa4ddcf197d194c0,https://au.linkedin.com/jobs/view/maintenance-officer-at-levande-4444118615,Maintenance Officer,,scraped,2026-09-11T18:21:15.532146,
88585709a9adc004,https://au.linkedin.com/jobs/view/account-manager-strategic-tech-robotics-at-progresso-search-4454187845,Account Manager (Strategic) - Tech/Robotics,,scraped,2026-09-11T18:21:21.970558,
efe93d2ad6fb41ea,https://au.linkedin.com/jobs/view/general-practitioner-4462681442,General Practitioner,RSS medical pty Ltd,failed|wp_post_failed,2026-09-11T18:21:34.483183,
35da92f72066f7c0,https://au.linkedin.com/jobs/view/control-room-operator-at-securecorp-4464436032,Control room Operator,,scraped,2026-09-11T18:21:37.098505,
601bc252444868a5,https://au.linkedin.com/jobs/view/estimator-northern-territory-at-mcmahon-services-4466009986,Estimator - Northern Territory,,scraped,2026-09-11T18:21:44.676460,
f133c9e5ccb58693,https://au.linkedin.com/jobs/view/optometrist-tamworth-at-specsavers-4464398654,Optometrist - Tamworth,,scraped,2026-09-11T18:21:52.538001,
856b00acd9309a84,https://au.linkedin.com/jobs/view/sales-development-representative-at-josys-4443218910,Sales Development Representative,,scraped,2026-09-11T18:21:59.317268,
a998a16f5f751735,https://au.linkedin.com/jobs/view/store-manager-at-ksubi-4461863305,Store Manager,,scraped,2026-09-11T18:22:06.309622,
737cf30de7ca5746,https://au.linkedin.com/jobs/view/delivery-driver-at-iiqafgroup-4463043431,Delivery Driver,,scraped,2026-09-11T18:22:14.699698,
0c6a24daa8fc3ed1,https://au.linkedin.com/jobs/view/account-manager-at-six-degrees-executive-4464457566,Account Manager,,scraped,2026-09-11T18:22:21.869541,
de332b393f37412a,https://au.linkedin.com/jobs/view/account-manager-corporate-at-hatch-4463822438,"Account Manager, Corporate",,scraped,2026-09-11T18:22:28.579956,
911d5a33da5a61bb,https://au.linkedin.com/jobs/view/assistant-store-manager-noosa-at-skechers-australia-new-zealand-4452215838,Assistant Store Manager - Noosa,,scraped,2026-09-11T18:22:36.061732,
2fc316d716398462,https://au.linkedin.com/jobs/view/utilities-locator-at-veris-4463594043,Utilities Locator,,scraped,2026-09-11T18:22:42.986171,
fb03589f4af0882e,https://au.linkedin.com/jobs/view/assistant-store-manager-bondi-junction-at-pop-mart-4465003012,Assistant Store Manager (Bondi Junction),,scraped,2026-09-11T18:22:51.552035,
9cb4aa4dd3aabfbd,https://au.linkedin.com/jobs/view/account-executive-at-sage-4466031786,Account Executive,Sage,failed|wp_post_failed,2026-09-11T18:23:07.229322,
14d7de0a4e029142,https://au.linkedin.com/jobs/view/assisgtant-store-manager-canberra-at-forever-new-clothing-4423635319,Assisgtant Store Manager - Canberra,,scraped,2026-09-11T18:23:09.827497,
ecc4cc8a90a58cee,https://au.linkedin.com/jobs/view/electrical-estimator-at-michael-page-4466069048,Electrical estimator,Michael Page,failed|wp_post_failed,2026-09-11T18:23:24.683169,
272eb1295ba7a2be,https://au.linkedin.com/jobs/view/sales-development-representative-at-podium-4443236160,Sales Development Representative,Podium,failed|wp_post_failed,2026-09-11T18:23:33.230621,
facf84095099e8d0,https://au.linkedin.com/jobs/view/inside-sales-executive-tech-robotics-at-progresso-search-4454181875,Inside Sales Executive - Tech/Robotics,,scraped,2026-09-11T18:23:35.922946,
7d3b52e7fe2fa96b,https://au.linkedin.com/jobs/view/business-analyst-calypso-at-carecone-group-4464457991,Business Analyst calypso,,scraped,2026-09-11T18:23:43.665309,
1b32b12b94a05a00,https://au.linkedin.com/jobs/view/sales-consultant-earn-more-at-plush-toowoomba-at-plush-think-sofas-4462262251,Sales Consultant - Earn More at Plush Toowoomba,,scraped,2026-09-11T18:23:50.842337,
07bbd2a9575e61be,https://au.linkedin.com/jobs/view/retail-team-member-at-jb-hi-fi-4463918801,Retail Team Member,,scraped,2026-09-11T18:23:58.223463,
305b997fd60c256d,https://au.linkedin.com/jobs/view/cleaner-at-millennium-services-group-limited-4463021614,Cleaner,,scraped,2026-09-11T18:24:05.403127,
27b288ac18a3dd3b,https://au.linkedin.com/jobs/view/recruiter-at-teksystems-4456009958,Recruiter,TEKsystems,failed|wp_post_failed,2026-09-11T18:24:20.894313,
0be14dd081bacc82,https://au.linkedin.com/jobs/view/store-manager-bws-sorrento-at-bws-4446708816,Store Manager - BWS - Sorrento,,scraped,2026-09-11T18:24:23.544348,
f7319409e22c03c4,https://au.linkedin.com/jobs/view/account-executive-melbourne-or-sydney-at-pageup-4462919397,Account Executive (Melbourne or Sydney),,scraped,2026-09-11T18:24:30.928302,
0cc714dce1382e85,https://au.linkedin.com/jobs/view/employment-consultant-at-apm-employment-services-4453803616,Employment Consultant,,scraped,2026-09-11T18:24:37.778373,
5c8b66e487a9a4ca,https://au.linkedin.com/jobs/view/pefs-leading-hand-at-chubb-fire-security-4251525870,PEFS Leading Hand,,scraped,2026-09-11T18:24:45.242673,
06289174e25ad29b,https://au.linkedin.com/jobs/view/account-executive-full-cycle-closer-focus-at-shping-4462368457,"Account Executive (Full-Cycle, Closer Focus)",Shping,failed|wp_post_failed,2026-09-11T18:25:04.671949,
b56a20e41f135d93,https://au.linkedin.com/jobs/view/junior-account-executive-at-techium-consulting-group-4462929295,Junior Account Executive,,scraped,2026-09-11T18:25:07.315770,
86211a5158650396,https://au.linkedin.com/jobs/view/research-engineer-%E2%80%93-matilda-at-maincode-4387325191,Research Engineer – Matilda,,scraped,2026-09-11T18:25:14.296405,
d43ef283859cf569,https://au.linkedin.com/jobs/view/payroll-specialist-at-michael-page-4466056964,Payroll Specialist,Michael Page,failed|wp_post_failed,2026-09-11T18:25:29.563479,
400a6abfacb0eaf3,https://au.linkedin.com/jobs/view/handyperson-at-crystalbrook-collection-4463945623,Handyperson,,scraped,2026-09-11T18:25:32.138535,
0239e0943698e822,https://au.linkedin.com/jobs/view/maintenance-technician-at-the-iconic-4457074610,Maintenance Technician,THE ICONIC,failed|wp_post_failed,2026-09-11T18:25:47.357325,
a4675bb4ca4cc988,https://au.linkedin.com/jobs/view/junior-maintenance-technician-rotating-roster-dayworker-shiftworker-at-the-iconic-4444541970,Junior Maintenance Technician (Rotating Roster Dayworker & Shiftworker),THE ICONIC,failed|wp_post_failed,2026-09-11T18:25:58.612528,
703c203e50bddbf5,https://au.linkedin.com/jobs/view/store-business-manager-at-officeworks-4452204805,Store Business Manager,,scraped,2026-09-11T18:26:01.313834,
2d339e82f9054a8a,https://au.linkedin.com/jobs/view/sales-assistant-amx-virginia-full-time-at-amx-superstores-4457079265,Sales Assistant - AMX Virginia - Full Time,AMX Superstores,failed|wp_post_failed,2026-09-11T18:27:41.370016,
96db176468d91732,https://au.linkedin.com/jobs/view/sales-assistant-amx-epping-full-time-at-amx-superstores-4457082220,Sales Assistant - AMX Epping - Full Time,AMX Superstores,failed|wp_post_failed,2026-09-11T18:27:52.967897,
73114cb74027fd24,https://au.linkedin.com/jobs/view/sales-assistant-amx-carrum-downs-full-time-at-amx-superstores-4436168854,Sales Assistant - AMX Carrum Downs - Full Time,AMX Superstores,failed|wp_post_failed,2026-09-11T18:28:04.491754,
3f3cfa758b49f3f7,https://au.linkedin.com/jobs/view/full-time-shop-assistants-mosman-at-harris-farm-markets-4461874867,Full Time Shop Assistants - Mosman,,scraped,2026-09-11T18:28:07.193390,
a0108e440fbfe45d,https://au.linkedin.com/jobs/view/full-time-general-practitioner-bribie-island-at-ausdocs-holdings-group-4464426839,Full-time General Practitioner - Bribie Island,,scraped,2026-09-11T18:28:14.467635,
34c2aac47b8b16d2,https://au.linkedin.com/jobs/view/general-practitioner-at-ausdocs-holdings-group-4464417867,General Practitioner,,scraped,2026-09-11T18:28:20.870127,
c375ac83db990622,https://au.linkedin.com/jobs/view/assistant-store-manager-sydney-cbd-flagship-at-pop-mart-4464429037,Assistant Store Manager (Sydney CBD Flagship)),,scraped,2026-09-11T18:28:27.091660,
40886b217b636212,https://au.linkedin.com/jobs/view/sales-consultant-made-to-measure-mt-druitt-at-spotlight-ltd-4461862871,Sales Consultant - Made to Measure - Mt. Druitt,,scraped,2026-09-11T18:28:34.900930,
c7e0d501bef1c5c4,https://au.linkedin.com/jobs/view/kmart-sydney-cbd-department-manager-at-kmart-australia-limited-4452216988,Kmart Sydney CBD - Department Manager,Kmart Australia Limited,failed|wp_post_failed,2026-09-11T18:28:51.388528,
60787190b0b13317,https://au.linkedin.com/jobs/view/full-time-sales-assistant-sydney-outlet-village-at-skechers-australia-new-zealand-4463951337,Full Time Sales Assistant - Sydney Outlet Village,,scraped,2026-09-11T18:28:54.044977,
b1f3e822fe82071f,https://au.linkedin.com/jobs/view/smokemart-gift-box-goolwa-shop-assistant-at-smokemart-giftbox-4464315152,Smokemart & Gift Box Goolwa - Shop Assistant,,scraped,2026-09-11T18:29:00.373137,
dc611952651fdfdd,https://au.linkedin.com/jobs/view/sales-consultant-bundaberg-at-spotlight-ltd-4463947529,Sales Consultant Bundaberg,,scraped,2026-09-11T18:29:06.797483,
56199c4b5bee9a3d,https://au.linkedin.com/jobs/view/store-manager-rebel-eastgardens-at-rebel-sport-4455621179,Store Manager - rebel Eastgardens,,scraped,2026-09-11T18:29:14.984963,
c9e30e55efc1281e,https://au.linkedin.com/jobs/view/kmart-kalgoorlie-department-manager-at-kmart-australia-limited-4463433229,Kmart Kalgoorlie - Department Manager,Kmart Australia Limited,failed|wp_post_failed,2026-09-11T18:29:30.417564,
1ff6cb18aa10e083,https://au.linkedin.com/jobs/view/vehicle-detailer-at-sixt-australia-4465617178,Vehicle Detailer,,scraped,2026-09-11T18:29:33.008189,
0616c6e516d6c7dd,https://au.linkedin.com/jobs/view/reddy-express-lidcombe-assistant-manager-at-otr-4463833214,Reddy Express Lidcombe - Assistant Manager,,scraped,2026-09-11T18:29:40.971363,
8cac2717a63cf6ec,https://au.linkedin.com/jobs/view/teacher-of-mathematics-at-the-southport-school-4461859352,Teacher of Mathematics,The Southport School,failed|wp_post_failed,2026-09-11T18:29:58.565236,
7bf6e099b5caa04f,https://au.linkedin.com/jobs/view/business-development-manager-brisbane-at-cachet-group-4463224396,Business Development Manager | Brisbane,,scraped,2026-09-11T18:30:01.297850,
07419af43aab551a,https://au.linkedin.com/jobs/view/estimator-at-civilandscape-4463777349,ESTIMATOR,,scraped,2026-09-11T18:30:13.714113,
b2661e761dbb8c3f,https://au.linkedin.com/jobs/view/account-executive-mid-market-at-zeller-4142619180,Account Executive (Mid-Market),,scraped,2026-09-11T18:30:23.242904,
b7c7705e54add4fd,https://au.linkedin.com/jobs/view/team-leader-amx-pakenham-at-amx-superstores-4443208757,Team Leader - AMX Pakenham,AMX Superstores,failed|wp_post_failed,2026-09-11T18:30:38.784807,
a014c2a0733fc6d1,https://au.linkedin.com/jobs/view/sales-development-representative-sme-growth-at-airwallex-4423638079,"Sales Development Representative, SME & Growth",,scraped,2026-09-11T18:30:41.406649,
6d5f12cde60bfd0d,https://au.linkedin.com/jobs/view/store-manager-dan-murphy-s-fawkner-at-dan-murphy-s-4455254480,Store Manager - Dan Murphy's - Fawkner,,scraped,2026-09-11T18:30:48.050147,
271e6a867faafde6,https://au.linkedin.com/jobs/view/barista-at-autograph-collection-4446559524,Barista,Autograph Collection,failed|wp_post_failed,2026-09-11T18:31:00.974880,
13027f5d61897c70,https://au.linkedin.com/jobs/view/mammographer-at-integral-diagnostics-idx-4463812609,Mammographer,,scraped,2026-09-11T18:31:03.669468,
1071bc4a77bb2e91,https://au.linkedin.com/jobs/view/store-manager-every-sunday-off-newcomb-at-the-reject-shop-4435967309,"Store Manager, Every Sunday Off, Newcomb",,scraped,2026-09-11T18:31:16.781515,
014f40fa94f5380a,https://au.linkedin.com/jobs/view/account-executive-100%25-remote-anz-at-hostaway-4463605375,Account Executive - 100% remote - ANZ,,scraped,2026-09-11T18:31:23.897288,
77bf98b809b9a02a,https://au.linkedin.com/jobs/view/retail-sales-assistant-full-time-darwin-at-nutrition-warehouse-4465032128,Retail Sales Assistant - Full-Time - Darwin,,scraped,2026-09-11T18:31:30.354831,
99c19f9501073efc,https://au.linkedin.com/jobs/view/carpenter-4463247707,Carpenter,All plus PTY LTD,failed|wp_post_failed,2026-09-11T18:31:41.465676,
09989d6a6f79ce2a,https://au.linkedin.com/jobs/view/developer-advocate-at-jobgether-4464536121,Developer Advocate,,scraped,2026-09-11T18:31:44.341168,
cd9ca67df422d905,https://au.linkedin.com/jobs/view/maintenance-officer-at-accor-4462675241,Maintenance Officer,Accor,failed|wp_post_failed,2026-09-11T18:31:59.950557,
6cb4808b456780fa,https://au.linkedin.com/jobs/view/diecut-embellishing-operator-at-austcorp-executive-4465023572,Diecut & Embellishing Operator,,scraped,2026-09-11T18:32:02.670513,
2c1132a0524e2cc8,https://au.linkedin.com/jobs/view/apac-business-development-representative-at-lucid-software-4446537254,APAC Business Development Representative,Lucid Software,failed|wp_post_failed,2026-09-11T18:32:17.427435,
7cb75484c4dff698,https://au.linkedin.com/jobs/view/executive-assistant-at-electro-optic-systems-4464865743,Executive Assistant,,scraped,2026-09-11T18:32:20.074277,
d69d374251625224,https://au.linkedin.com/jobs/view/maintenance-officer-at-mercy-health-australia-4463246139,Maintenance Officer,,scraped,2026-09-11T18:32:29.841189,
536dff360f79a712,https://au.linkedin.com/jobs/view/kmart-burwood-department-manager-at-kmart-australia-limited-4454141913,Kmart Burwood - Department Manager,Kmart Australia Limited,failed|wp_post_failed,2026-09-11T18:32:45.018899,
2eed85a0247a34c8,https://au.linkedin.com/jobs/view/store-manager-gyprock-trade-thomastown-vic-at-csr-4463422155,"Store Manager - Gyprock Trade (Thomastown, VIC)",,scraped,2026-09-11T18:32:47.678613,
712b5760baa8bff7,https://au.linkedin.com/jobs/view/privacy-manager-at-easygo-4466041490,Privacy Manager,,scraped,2026-09-11T18:32:54.804098,
84bf66044ef28c0e,https://au.linkedin.com/jobs/view/melb-pr-am-home-retail-pet-lifestyle-%2480k-%2485k%2B-at-agency-iceberg-4463915907,"MELB PR AM (Home, Retail, Pet, Lifestyle) $80k-$85k+",,scraped,2026-09-11T18:33:01.896979,
bc08a8b14dcbdb64,https://au.linkedin.com/jobs/view/cyber-security-sales-specialist-at-softwareone-4462923819,Cyber Security Sales Specialist,SoftwareOne,failed|wp_post_failed,2026-09-11T18:33:19.458561,
3417158dbb3a10cb,https://au.linkedin.com/jobs/view/assistant-store-manager-bcf-roma-at-bcf-boating-camping-fishing-4465639828,Assistant Store Manager - BCF Roma,,scraped,2026-09-11T18:33:22.029176,
92454abc5158a01f,https://au.linkedin.com/jobs/view/junior-pr-at-freedom-property-investors-4464843679,Junior PR,,scraped,2026-09-11T18:33:28.823196,
9d338be6151a13e9,https://au.linkedin.com/jobs/view/internal-communications-specialist-at-easygo-4456474208,Internal Communications Specialist,,scraped,2026-09-11T18:33:35.569714,
3faa6ce2996aa2e5,https://au.linkedin.com/jobs/view/optometrist-gladstone-at-specsavers-4464388820,Optometrist | Gladstone,,scraped,2026-09-11T18:33:42.702689,
f36f962238125cc6,https://au.linkedin.com/jobs/view/bdr-business-development-representative-at-siemens-digital-industries-software-4454764754,BDR - Business Development Representative,Siemens Digital Industries Software,failed|wp_post_failed,2026-09-11T18:33:55.723605,
236af58485f1efd3,https://au.linkedin.com/jobs/view/payroll-officer-at-macrohire-4453695704,Payroll Officer,,scraped,2026-09-11T18:33:58.450170,
070a7d260b26c373,https://au.linkedin.com/jobs/view/assistant-store-manager-supercheap-auto-mentone-at-supercheap-auto-4463810345,Assistant Store Manager - Supercheap Auto Mentone,Supercheap Auto,failed|wp_post_failed,2026-09-11T18:34:17.258336,
93d7820a3360703e,https://au.linkedin.com/jobs/view/sales-engineer-position-located-in-melbourne-australia-at-knowbe4-4445700966,"Sales Engineer (Position located in Melbourne, Australia)",KnowBe4,failed|wp_post_failed,2026-09-11T18:34:26.063609,
8b065a4c904589d0,https://au.linkedin.com/jobs/view/account-executive-nca-at-simpro-software-4464926393,"Account Executive, NCA",Simpro Software,failed|wp_post_failed,2026-09-11T18:34:34.808953,
c71162fb555e642b,https://au.linkedin.com/jobs/view/sales-consultant-earn-more-at-plush-capalaba-at-plush-think-sofas-4462263210,Sales Consultant - Earn More at Plush Capalaba,,scraped,2026-09-11T18:34:37.428888,
00c34ac8971e1a55,https://au.linkedin.com/jobs/view/residential-valuer-rpv-cpv-at-opteon-aus-nz-4453839275,Residential Valuer (RPV/CPV),,scraped,2026-09-11T18:34:44.949279,
41b0b26701cb7ff9,https://au.linkedin.com/jobs/view/sales-development-representative-at-techium-consulting-group-4462930273,Sales Development Representative,,scraped,2026-09-11T18:34:51.697165,
4e2582c9c9746b88,https://au.linkedin.com/jobs/view/cabinet-maker-joiner-commercial-joinery-at-linktal-recruitment-4464946417,Cabinet Maker/Joiner - Commercial Joinery,,scraped,2026-09-11T18:34:58.116070,
bf1e7814be20e82b,https://au.linkedin.com/jobs/view/foreign-exchange-sales-calls-consultant-melbourne-vic-at-flight-centre-travel-group-4465899924,"Foreign Exchange Sales & Calls Consultant - Melbourne, VIC",,scraped,2026-09-11T18:35:04.459838,
04b6cf7250666b4b,https://au.linkedin.com/jobs/view/sales-development-representative-at-vocus-4452909408,Sales Development Representative,,scraped,2026-09-11T18:35:10.976508,
545e672fe694ebc9,https://au.linkedin.com/jobs/view/handyperson-pre-opening-at-andaz-4464415416,Handyperson (Pre-Opening),Andaz,failed|wp_post_failed,2026-09-11T18:35:24.535992,
6fe6c6600df270e9,https://au.linkedin.com/jobs/view/full-time-gp-%238211-carrum-at-atticus-health-4463951278,Full Time GP &#8211; Carrum,,scraped,2026-09-11T18:35:27.221047,
e7f4b1c16f1c4e28,https://au.linkedin.com/jobs/view/general-practitioner-4462944002,General Practitioner,Twin Waters Medical Practice,failed|wp_post_failed,2026-09-11T18:35:38.448547,
d69e57d2609f984c,https://au.linkedin.com/jobs/view/sales-executive-at-searchability%C2%AE-4464426857,Sales Executive,,scraped,2026-09-11T18:35:41.289528,
50bfe92f58c8ee84,https://au.linkedin.com/jobs/view/general-practitioner-4463567260,General Practitioner,Chapman family medical centre,failed|wp_post_failed,2026-09-11T18:35:54.138024,
22a6d1595f8f70ed,https://au.linkedin.com/jobs/view/maintenance-manager-smithton-at-mccain-foods-4455597053,Maintenance Manager - Smithton,,scraped,2026-09-11T18:35:56.856657,
df30abba12e05547,https://au.linkedin.com/jobs/view/submissions-coordinator-at-design-build-recruitment-4463034509,Submissions Coordinator,,scraped,2026-09-11T18:36:03.541374,
a8c4c30f1b13bf22,https://au.linkedin.com/jobs/view/stock-supervisor-albert-park-at-spotlight-ltd-4461867311,Stock Supervisor - Albert Park,,scraped,2026-09-11T18:36:10.650241,
08fa335c7e65f041,https://au.linkedin.com/jobs/view/politix-store-manager-dfo-perth-wa-at-country-road-group-4464097129,Politix - Store Manager - DFO Perth - WA,,scraped,2026-09-11T18:36:18.816346,
9a69d63204356a73,https://au.linkedin.com/jobs/view/in-store-mortgage-broker-belmont-at-aussie-4464362952,In-store Mortgage Broker - Belmont,,scraped,2026-09-11T18:36:26.225999,
7b6b6766066ecfc0,https://au.linkedin.com/jobs/view/set-up-technician-and-tool-crib-attendant-at-precious-plate-4464685917,Set-Up Technician and Tool Crib Attendant,Precious Plate,failed|wp_post_failed,2026-09-11T18:36:38.985129,
655ce0adf8a324ee,https://au.linkedin.com/jobs/view/business-development-specialist-mandarin-speaking-at-hungrypanda-ltd-%E7%86%8A%E7%8C%AB%E5%A4%96%E5%8D%96-4463959398,Business development specialist (mandarin speaking),,scraped,2026-09-11T18:36:41.613037,
7372ddea55a91a5f,https://au.linkedin.com/jobs/view/operations-manager-at-blue-wealth-property-4464833767,Operations Manager,,scraped,2026-09-11T18:36:48.156968,
f89a89a25a3fbeaf,https://au.linkedin.com/jobs/view/new-store-retail-store-manager-rouse-hill-new-south-wales-act-at-ghanda-clothing-4462536642,NEW STORE - Retail Store Manager -  Rouse Hill NEW SOUTH WALES/ACT,,scraped,2026-09-11T18:36:56.431766,
a7db882bf3ab987a,https://au.linkedin.com/jobs/view/sales-travel-consultant-adelaide-city-west-at-flight-centre-travel-group-4429241193,Sales Travel Consultant - Adelaide City & West,,scraped,2026-09-11T18:37:02.709506,
85e31e5f4556951b,https://au.linkedin.com/jobs/view/garden-maintenance-team-member-at-green-by-nature-4455245337,Garden Maintenance Team Member,Green by Nature,failed|wp_post_failed,2026-09-11T18:37:15.015702,
78f117ebadb81658,https://au.linkedin.com/jobs/view/caravan-detailer-yard-hand-traralgon-at-snowy-river-caravans-4450226236,Caravan Detailer/Yard Hand (Traralgon),Snowy River Caravans,failed|wp_post_failed,2026-09-11T18:37:23.654168,
182c66c297448f3f,https://au.linkedin.com/jobs/view/assistant-store-manager-bws-kurri-kurri-drive-at-bws-4437748203,Assistant Store Manager - BWS Kurri Kurri Drive,,scraped,2026-09-11T18:37:26.365832,
593bf8832027c468,https://au.linkedin.com/jobs/view/store-manager-bws-eglinton-at-bws-4446716702,Store Manager - BWS - Eglinton,,scraped,2026-09-11T18:37:33.621329,
ef46d3319c35b5ca,https://au.linkedin.com/jobs/view/fire-estimator-at-equans-anz-4449319948,Fire Estimator,,scraped,2026-09-11T18:37:41.138631,
fb7d754df9b67cf1,https://au.linkedin.com/jobs/view/assistant-store-manager-dfo-homebush-at-pandora-4463593549,Assistant Store Manager DFO Homebush,,scraped,2026-09-11T18:37:49.160150,
e2a269ae960f9222,https://au.linkedin.com/jobs/view/payroll-officer-at-twoscots-recruitment-4462908768,Payroll Officer,,scraped,2026-09-11T18:37:56.619576,
962e1c83e3789c0b,https://au.linkedin.com/jobs/view/customer-service-team-member-at-the-good-guys-4442382068,Customer Service Team Member,,scraped,2026-09-11T18:38:04.280471,
0fb54c2e53ea083b,https://au.linkedin.com/jobs/view/store-manager-bonds-outlet-rosebud-at-hanes-brands-australasia-4464077442,Store Manager | BONDS Outlet | Rosebud,Hanes Brands Australasia,failed|wp_post_failed,2026-09-11T18:38:19.374463,
6cd8c1a93faa29b8,https://au.linkedin.com/jobs/view/sales-development-representative-finance-at-alliancecorp-property-experts-4463247167,Sales Development Representative (Finance),,scraped,2026-09-11T18:38:22.046755,
9885655719ed3549,https://au.linkedin.com/jobs/view/sonographer-at-imaging-associates-4463008675,Sonographer,,scraped,2026-09-11T18:38:31.863896,
1dc562aec1b1adba,https://au.linkedin.com/jobs/view/production-engineering-manager-at-canva-4462693937,Production Engineering Manager,,scraped,2026-09-11T18:38:39.177913,
446416de8d1268bc,https://au.linkedin.com/jobs/view/assistant-store-managers-rebel-townsville-region-at-rebel-sport-4446987180,Assistant Store Managers - Rebel Townsville Region,,scraped,2026-09-11T18:38:45.731136,
250e375774358c94,https://au.linkedin.com/jobs/view/assistant-store-manager-midcity-at-casetify-4433182611,Assistant Store Manager (MidCity),,scraped,2026-09-11T18:38:52.464770,
0317ad3a09585b13,https://au.linkedin.com/jobs/view/staff-production-engineer-at-canva-4462900165,Staff Production Engineer,,scraped,2026-09-11T18:38:59.419815,
99c548484c0bd5ac,https://au.linkedin.com/jobs/view/industrial-painter-at-metso-4464512255,Industrial Painter,,scraped,2026-09-11T18:39:06.023098,
31d6f03f97294900,https://au.linkedin.com/jobs/view/assistant-store-manager-cotton-on-stockland-rockhampton-shopping-centre-at-cotton-on-group-4447285113,Assistant Store Manager - Cotton On Stockland Rockhampton Shopping Centre,,scraped,2026-09-11T18:39:13.956650,
5e28547e4859b48c,https://au.linkedin.com/jobs/view/building-certifier-at-w3global-4463800369,Building Certifier,W3Global,failed|wp_post_failed,2026-09-11T18:39:26.497727,
93ac65d40d1ef6d1,https://au.linkedin.com/jobs/view/teacher-hass-at-catholic-education-western-australia-4465684453,Teacher (HASS),,scraped,2026-09-11T18:39:28.980301,
8de7660736e0698d,https://au.linkedin.com/jobs/view/recruitment-officer-at-freedom-australia-4462291562,Recruitment Officer,,scraped,2026-09-11T18:39:35.995651,
e70335a994f4fa4a,https://au.linkedin.com/jobs/view/product-owner-hr-at-technologyone-4466024266,Product Owner - HR,TechnologyOne,failed|wp_post_failed,2026-09-11T18:39:52.611704,
0a50d89f53344c6c,https://au.linkedin.com/jobs/view/the-north-face-assistant-store-manager-chatswood-at-the-north-face-4401192472,The North Face : Assistant Store Manager- Chatswood,The North Face,failed|wp_post_failed,2026-09-11T18:40:01.228183,
4ec46134f78d5472,https://au.linkedin.com/jobs/view/mammographer-at-integral-diagnostics-idx-4463279997,Mammographer,,scraped,2026-09-11T18:40:03.847673,
d96c5965ed0a6bd1,https://au.linkedin.com/jobs/view/retail-store-manager-blacktown-new-south-wales-act-at-ghanda-clothing-4462530670,Retail Store Manager - Blacktown NEW SOUTH WALES/ACT,,scraped,2026-09-11T18:40:14.336163,
f08eebc1f956bfdd,https://au.linkedin.com/jobs/view/employment-consultant-at-apm-4464152573,Employment Consultant,,scraped,2026-09-11T18:40:20.608884,
b8ae88e52411d953,https://au.linkedin.com/jobs/view/grounds-maintenance-attendant-melbourne-at-discovery-parks-4461878298,Grounds & Maintenance Attendant - Melbourne,,scraped,2026-09-11T18:40:28.247577,
a2084b04f3e4ebf2,https://au.linkedin.com/jobs/view/store-business-manager-at-officeworks-4407749017,Store Business Manager,,scraped,2026-09-11T18:40:35.079892,
3f142980eb1ee6da,https://au.linkedin.com/jobs/view/general-practitioner-4462996478,General Practitioner,Coburg Family Medical Centre,failed|wp_post_failed,2026-09-11T18:42:08.955185,
2556254f3cd13a1a,https://au.linkedin.com/jobs/view/sem-senior-manager-at-xero-4464847078,SEM Senior Manager,,scraped,2026-09-11T18:42:11.636899,
dbf5dfc8b82fcb34,https://au.linkedin.com/jobs/view/sales-consultant-%E2%80%93-sydney-full-training-provided-at-freedom-property-investors-4464835749,Sales Consultant – Sydney | Full Training Provided,,scraped,2026-09-11T18:42:19.705945,
2f023857fd8d9585,https://au.linkedin.com/jobs/view/payroll-officer-at-randstad-australia-4464179305,Payroll Officer,,scraped,2026-09-11T18:42:26.059533,
7e02243042da9f79,https://au.linkedin.com/jobs/view/barista-pre-opening-at-andaz-4454835781,Barista (Pre-Opening),Andaz,failed|wp_post_failed,2026-09-11T18:42:38.581479,
1c92f165039d8468,https://au.linkedin.com/jobs/view/employment-consultant-at-apm-employment-services-4462587189,Employment Consultant,,scraped,2026-09-11T18:42:41.200689,
a643e2e9f3fecccd,https://au.linkedin.com/jobs/view/store-manager-every-sunday-off-morwell-at-the-reject-shop-4437731298,"Store Manager, Every Sunday Off, Morwell",,scraped,2026-09-11T18:42:48.495355,
ffc0c8217a48c7b5,https://au.linkedin.com/jobs/view/assistant-store-manager-chadstone-at-pop-mart-4438118299,Assistant Store Manager (Chadstone),,scraped,2026-09-11T18:42:55.316422,
2f4f50b4c2075d6b,https://au.linkedin.com/jobs/view/store-manager-toowoomba-at-pandora-4463800386,Store Manager (Toowoomba),,scraped,2026-09-11T18:43:03.045059,
1dbba80f354062be,https://au.linkedin.com/jobs/view/account-executive-mid-market-at-zeller-4052855116,Account Executive (Mid-Market),,scraped,2026-09-11T18:43:10.161171,
08bcad6a94a9aa19,https://au.linkedin.com/jobs/view/assistant-manager-victoria-hotel-at-alh-hotels-4464603025,Assistant Manager - Victoria Hotel,,scraped,2026-09-11T18:43:16.425722,
00921dfc2522dc35,https://au.linkedin.com/jobs/view/general-practitioner-at-ausdocs-holdings-group-4464420873,General Practitioner,,scraped,2026-09-11T18:43:22.806521,
e4a3729134e9ca63,https://au.linkedin.com/jobs/view/production-engineering-manager-at-canva-4462688911,Production Engineering Manager,,scraped,2026-09-11T18:43:29.277975,
9fd39b55f8999637,https://au.linkedin.com/jobs/view/round-the-world-travel-consultant-%E2%80%93-flight-centre-%E2%80%93-victoria-at-flight-centre-travel-group-4464437961,Round the World Travel Consultant – Flight Centre – Victoria,,scraped,2026-09-11T18:43:35.662003,
9e6d211c46afa0cb,https://au.linkedin.com/jobs/view/store-manager-dan-murphy-s-watergardens-at-dan-murphy-s-4428805527,Store Manager - Dan Murphy's - Watergardens,,scraped,2026-09-11T18:43:41.947659,
1ad25612ba15a59a,https://au.linkedin.com/jobs/view/assistant-store-manager-supre-canberra-centre-at-cotton-on-group-4447025128,Assistant Store Manager - Supre Canberra Centre,,scraped,2026-09-11T18:43:48.668309,
b43954990be60bda,https://au.linkedin.com/jobs/view/assistant-store-manager-warringah-mall-at-pandora-4463586619,Assistant Store Manager (Warringah Mall),,scraped,2026-09-11T18:43:55.325501,
f1bcb54186a09f4d,https://au.linkedin.com/jobs/view/business-development-manager-at-tenth-revolution-group-4461860198,Business Development Manager,,scraped,2026-09-11T18:44:02.475629,
c6a5725c5b6699fd,https://au.linkedin.com/jobs/view/product-manager-at-trimble-inc-4409129938,Product Manager,Trimble Inc.,failed|wp_post_failed,2026-09-11T18:44:15.680384,
0a587e17880d1a22,https://au.linkedin.com/jobs/view/trade-counter-assistant-matraville-at-reece-group-4464998146,Trade Counter Assistant - Matraville,,scraped,2026-09-11T18:44:18.359553,
70671018bbe15129,https://au.linkedin.com/jobs/view/teacher-hass-at-catholic-education-western-australia-4465621524,Teacher (HASS),,scraped,2026-09-11T18:44:24.685416,
08a86e7c465d05c9,https://au.linkedin.com/jobs/view/employment-consultant-at-apm-employment-services-4463082696,Employment Consultant,,scraped,2026-09-11T18:44:31.625548,
3bfba4d0215e9f37,https://au.linkedin.com/jobs/view/retail-store-manager-carousel-western-australia-at-ghanda-clothing-4462540676,Retail Store Manager -   Carousel WESTERN AUSTRALIA,,scraped,2026-09-11T18:44:39.179060,
895fdae8a38d9a87,https://au.linkedin.com/jobs/view/account-manager-at-team-global-express-4463825219,Account Manager,,scraped,2026-09-11T18:44:45.588134,
8a635b3ae7c7ee9c,https://au.linkedin.com/jobs/view/radiographer-at-qscan-group-4456598740,Radiographer,,scraped,2026-09-11T18:44:52.625529,
4197eefdeee41312,https://au.linkedin.com/jobs/view/relationship-manager-at-lumi-4465624367,Relationship Manager,,scraped,2026-09-11T18:45:00.291687,
3df1fb132697b708,https://au.linkedin.com/jobs/view/receptionist-at-qscan-group-4462369098,Receptionist,,scraped,2026-09-11T18:45:07.125398,
24f45f0dd0501568,https://au.linkedin.com/jobs/view/project-coordinator-at-forefront-recruitment-4463590611,Project Coordinator,,scraped,2026-09-11T18:45:14.522017,
9866f0004653484b,https://au.linkedin.com/jobs/view/commerce-teacher-at-scotch-college-perth-4464853519,Commerce Teacher,"Scotch College, Perth",failed|wp_post_failed,2026-09-11T18:45:28.768339,
5337d20ca7eee741,https://au.linkedin.com/jobs/view/store-manager-at-bp-4464990044,Store Manager,bp,failed|wp_post_failed,2026-09-11T18:45:38.798496,
802de59f8850c6c9,https://au.linkedin.com/jobs/view/store-manager-at-total-tools-and-hardware-group-4463240674,Store Manager,,scraped,2026-09-11T18:45:41.526080,
0e589c674b2fa024,https://au.linkedin.com/jobs/view/sales-consultant-m2m-melrose-park-at-spotlight-retail-group-srg-4463455184,Sales Consultant M2M - Melrose Park,,scraped,2026-09-11T18:45:48.552110,
72e32178798d3aee,https://au.linkedin.com/jobs/view/assistant-store-manager-cotton-on-canberra-centre-at-cotton-on-group-4464003224,Assistant Store Manager - Cotton On Canberra Centre,,scraped,2026-09-11T18:45:58.357495,
1740d943ddca79cf,https://au.linkedin.com/jobs/view/manufacturing-electrician-at-epiroc-4464169903,Manufacturing Electrician,,scraped,2026-09-11T18:46:05.050043,
dac44d5e2dc05166,https://au.linkedin.com/jobs/view/junior-payroll-specialist-at-qualtrics-4463667263,Junior Payroll Specialist,Qualtrics,failed|wp_post_failed,2026-09-11T18:46:17.678918,
35e96154345fe2cb,https://au.linkedin.com/jobs/view/maintenance-officer-at-northern-beaches-council-4464089594,Maintenance Officer,,scraped,2026-09-11T18:46:20.276953,
2a4765a5b7e71206,https://au.linkedin.com/jobs/view/banking-consultant-manly-nsw-at-anz-4464392361,"Banking Consultant, Manly NSW",,scraped,2026-09-11T18:46:27.578934,
52bb3b6f72c8caf2,https://au.linkedin.com/jobs/view/courier-at-fedex-australia-4464096156,Courier,FedEx Australia,failed|wp_post_failed,2026-09-11T18:46:41.617613,
1d57f482db002804,https://au.linkedin.com/jobs/view/sales-development-representative-property-at-alliancecorp-property-experts-4463247151,Sales Development Representative (Property),,scraped,2026-09-11T18:46:44.277655,
fac4c688b35c9ae7,https://au.linkedin.com/jobs/view/in-store-mortgage-broker-at-aussie-4464369837,In-Store Mortgage Broker,,scraped,2026-09-11T18:46:52.906740,
b2ef7e8d3644f9ed,https://au.linkedin.com/jobs/view/retail-assistant-store-manager-karrinyup-at-seed-heritage-4464992235,Retail Assistant Store Manager - Karrinyup,Seed Heritage,failed|wp_post_failed,2026-09-11T18:47:07.844878,
a790c3c89e06c93d,https://au.linkedin.com/jobs/view/commis-chef-breakfast-at-westin-hotels-resorts-4463611387,Commis Chef - Breakfast,Westin Hotels &amp; Resorts,failed|wp_post_failed,2026-09-11T18:47:16.430897,
ac0d2c16b4de8782,https://au.linkedin.com/jobs/view/radiographer-at-lumus-imaging-4465627009,Radiographer,,scraped,2026-09-11T18:47:19.102175,
ef8722635093e9f4,https://au.linkedin.com/jobs/view/business-development-manager-at-white-bay-4464144912,Business Development Manager,,scraped,2026-09-11T18:47:25.941858,
a1ca09386eecec38,https://au.linkedin.com/jobs/view/sales-travel-consultant-southeast-sydney-nsw-at-flight-centre-4436498273,"Sales Travel Consultant - Southeast Sydney, NSW",,scraped,2026-09-11T18:47:33.131843,
3438f134c027b949,https://au.linkedin.com/jobs/view/maintenance-officer-marsfield-at-southern-cross-care-nsw-act-4452203957,Maintenance Officer - Marsfield,,scraped,2026-09-11T18:47:40.434407,
73d33f350f827a70,https://au.linkedin.com/jobs/view/retail-mortgage-broker-hobart-at-aussie-4464370881,Retail Mortgage Broker - Hobart,,scraped,2026-09-11T18:47:47.462779,
fe80ff6906453ccd,https://au.linkedin.com/jobs/view/sem-senior-manager-at-xero-4464844102,SEM Senior Manager,,scraped,2026-09-11T18:47:53.951903,
ab205fe334e80dca,https://au.linkedin.com/jobs/view/head-chef-victoria-hotel-at-alh-hotels-4466057080,Head Chef - Victoria Hotel,,scraped,2026-09-11T18:48:00.587438,
a380e7e00a68cf6d,https://au.linkedin.com/jobs/view/technical-sales-representative-at-six-degrees-executive-4464086228,Technical Sales Representative,,scraped,2026-09-11T18:48:07.038285,
92cdacc2f909698a,https://au.linkedin.com/jobs/view/visual-merchandiser-at-channelplay-limited-4461488206,Visual Merchandiser,,scraped,2026-09-11T18:48:13.521692,
5ee0ae3debb93a56,https://au.linkedin.com/jobs/view/reddy-express-wagga-wagga-customer-service-representative-at-otr-4462922551,Reddy Express Wagga Wagga - Customer Service Representative,,scraped,2026-09-11T18:48:20.229355,
8c3a6e134feabc80,https://au.linkedin.com/jobs/view/legal-assistant-workers-compensation-at-hall-wilcox-4445492673,Legal Assistant - Workers Compensation,,scraped,2026-09-11T18:48:29.997149,
51f1edacdbbcdf24,https://au.linkedin.com/jobs/view/sonographer-at-queensland-x-ray-4456874142,Sonographer,,scraped,2026-09-11T18:48:36.175445,
e4eaa2d7e4254c39,https://au.linkedin.com/jobs/view/information-technology-project-manager-at-peoplelogic-4464454954,Information Technology Project Manager,,scraped,2026-09-11T18:48:43.590305,
7b7404a7589599ad,https://au.linkedin.com/jobs/view/customer-relations-representative-at-retail-zoo-4465889686,Customer Relations Representative,,scraped,2026-09-11T18:48:53.269221,
bb580a3f91578a95,https://au.linkedin.com/jobs/view/store-manager-every-sunday-off-south-fremantle-at-the-reject-shop-4427332625,"Store Manager, Every Sunday Off, South Fremantle",,scraped,2026-09-11T18:48:59.928877,
ecfe2a9052e8f25e,https://au.linkedin.com/jobs/view/business-development-manager-building-services-at-tp-human-capital-4463959237,Business Development Manager : Building Services,TP Human Capital,failed|wp_post_failed,2026-09-11T18:49:15.442883,
7e70aad0a50b5665,https://au.linkedin.com/jobs/view/assistant-store-manager-opsm-dubbo-nsw-at-opsm-4463214073,"Assistant Store Manager | OPSM | Dubbo, NSW",,scraped,2026-09-11T18:49:18.181732,
4d115abc0fe01a63,https://au.linkedin.com/jobs/view/sales-consultant-at-smaart-recruitment-4464833828,Sales Consultant,,scraped,2026-09-11T18:49:24.599763,
bfbe5128ce18f4bd,https://au.linkedin.com/jobs/view/lead-engineer-front-end-platform-at-xero-4463820932,Lead Engineer - Front End Platform,,scraped,2026-09-11T18:49:31.789124,
c9fda8c6c292a217,https://au.linkedin.com/jobs/view/store-manager-every-sunday-off-mansfield-at-the-reject-shop-4461898617,"Store Manager, Every Sunday Off, Mansfield",,scraped,2026-09-11T18:49:38.133699,
58964be3f7ea1da5,https://au.linkedin.com/jobs/view/shotfirer-at-thiess-4465639994,Shotfirer,,scraped,2026-09-11T18:49:44.414545,
7024a11705a51d6c,https://au.linkedin.com/jobs/view/retail-sales-assistant-erina-at-lorna-jane-4464838463,Retail Sales Assistant - Erina,,scraped,2026-09-11T18:49:51.833878,
779b546ab73ea3b1,https://au.linkedin.com/jobs/view/accounts-receivable-officer-at-sharp-carter-4466046280,Accounts Receivable Officer,Sharp & Carter,failed|wp_post_failed,2026-09-11T18:50:30.652499,
606b949249c2778b,https://au.linkedin.com/jobs/view/analyst-rna-at-wns-4464377417,Analyst - RNA,WNS,failed|wp_post_failed,2026-09-11T18:50:39.440113,
bc64e8e4ad474aac,https://au.linkedin.com/jobs/view/accounts-officer-at-mccormick-company-4464862514,Accounts Officer,McCormick &amp; Company,failed|wp_post_failed,2026-09-11T18:50:48.420333,
871b4c4ad0928bfe,https://au.linkedin.com/jobs/view/m365-architect-at-datacom-4464089277,M365 Architect,Datacom,failed|wp_post_failed,2026-09-11T18:51:00.541621,
6120c09945a8918a,https://au.linkedin.com/jobs/view/mechanical-fitter-level-1-4-at-south-eastern-sydney-local-health-district-seslhd-4464065540,Mechanical Fitter Level 1-4,,scraped,2026-09-11T18:51:03.152995,
ae387b719b6bbbf1,https://au.linkedin.com/jobs/view/senior-recruitment-consultant-at-nes-fircroft-4466035172,Senior Recruitment Consultant,,scraped,2026-09-11T18:51:10.444715,
1992fc5f9d369ae2,https://au.linkedin.com/jobs/view/security-officer-at-international-convention-centre-sydney-icc-sydney-4464825110,Security Officer,International Convention Centre Sydney (ICC Sydney),failed|wp_post_failed,2026-09-11T18:51:25.948577,
ffa2c3d576c2fc07,https://au.linkedin.com/jobs/view/junior-sales-representative-at-kablamo-4462929633,JUNIOR SALES REPRESENTATIVE,,scraped,2026-09-11T18:51:29.072364,
db4469e6157a3fee,https://au.linkedin.com/jobs/view/home-services-coordinator-vic-at-jb-hi-fi-4456123031,Home Services Coordinator (VIC),,scraped,2026-09-11T18:51:35.714649,
05b1b56a3f981236,https://au.linkedin.com/jobs/view/dental-assistant-at-serco-4457068029,Dental Assistant,Serco,failed|wp_post_failed,2026-09-11T18:51:51.534876,
b81dcc764feae076,https://au.linkedin.com/jobs/view/mechanic-i-at-fieldcore-4399001863,Mechanic I,FieldCore,failed|wp_post_failed,2026-09-11T18:51:59.975469,
0fd5bf8630b42510,https://au.linkedin.com/jobs/view/data-centre-security-officer-level-4-nv1-at-securitas-australia-4465606944,Data Centre Security Officer - Level 4 - NV1,,scraped,2026-09-11T18:52:02.683216,
8f1416f177bdff7a,https://au.linkedin.com/jobs/view/business-development-executive-sydney-at-fresha-4436727034,Business Development Executive (Sydney),,scraped,2026-09-11T18:52:09.983414,
e8b06cdd4768d7d2,https://au.linkedin.com/jobs/view/senior-commercial-property-sales-executive-at-cbre-4464693225,Senior Commercial Property Sales Executive,CBRE,failed|wp_post_failed,2026-09-11T18:52:22.298777,
eef183345d87a744,https://au.linkedin.com/jobs/view/upholsterer-4464129650,Upholsterer,Coast marine covers,failed|wp_post_failed,2026-09-11T18:52:29.128653,
3b56c2790f26e401,https://au.linkedin.com/jobs/view/eoi-lineworker-at-evoenergy-act-4444791842,EOI - Lineworker,Evoenergy ACT,failed|wp_post_failed,2026-09-11T18:52:40.493969,
5d373465c1f041f5,https://au.linkedin.com/jobs/view/experienced-drafter-roads-highways-at-smec-an-sj-group-company-4457053435,"Experienced Drafter, Roads & Highways",SMEC (an SJ Group company),failed|wp_post_failed,2026-09-11T18:52:51.999562,
062c2265e42f1b85,https://au.linkedin.com/jobs/view/solutions-architect-at-tata-consultancy-services-4451915006,Solutions Architect,Tata Consultancy Services,failed|wp_post_failed,2026-09-11T18:53:04.290236,
c362b2df9beee850,https://au.linkedin.com/jobs/view/assistant-store-manager-supercheap-auto-mirrabooka-at-supercheap-auto-4454225913,Assistant Store Manager - Supercheap Auto Mirrabooka,Supercheap Auto,failed|wp_post_failed,2026-09-11T18:53:18.366091,
ef04de7deee6b5ac,https://au.linkedin.com/jobs/view/retail-store-manager-narre-warren-at-seed-heritage-4464083616,Retail Store Manager - Narre Warren,Seed Heritage,failed|wp_post_failed,2026-09-11T18:53:28.465148,
d8f453f6a83073bd,https://au.linkedin.com/jobs/view/assistant-restaurant-manager-macquarie-at-zeus-street-greek-4463068783,Assistant Restaurant Manager Macquarie,,scraped,2026-09-11T18:53:31.092917,
913055d3f8df0e1d,https://au.linkedin.com/jobs/view/retail-store-manager-north-richmond-at-nutrition-warehouse-4465022174,Retail Store Manager - North Richmond,,scraped,2026-09-11T18:53:38.904728,
33ff4a76ff228c4f,https://au.linkedin.com/jobs/view/store-manager-full-time-wynnum-at-lovisa-pty-ltd-4463403754,Store Manager | Full Time | Wynnum,,scraped,2026-09-11T18:53:46.098114,
6c1e2c19c8bc07d0,https://au.linkedin.com/jobs/view/sales-development-representative-at-4twenty-consulting-4457666764,Sales Development Representative,,scraped,2026-09-11T18:53:53.084481,
96f1a83cd377b1d5,https://au.linkedin.com/jobs/view/room-attendant-at-accor-4462679195,Room Attendant,Accor,failed|wp_post_failed,2026-09-11T18:54:10.262317,
e081d555a0ea1379,https://au.linkedin.com/jobs/view/assistant-store-managers-bcf-noarlunga-new-store-at-bcf-boating-camping-fishing-4465602427,Assistant Store Managers - BCF Noarlunga *New Store*,,scraped,2026-09-11T18:54:12.971095,
04cad87ecb1fc1e2,https://au.linkedin.com/jobs/view/deli-assistant-at-centra-4464584696,Deli Assistant,,scraped,2026-09-11T18:54:19.580779,
d957f93f0180ee52,https://au.linkedin.com/jobs/view/head-of-talent-acquisition-at-first-focus-au-4465625170,Head of Talent Acquisition,,scraped,2026-09-11T18:54:26.957847,
426f7e4f0ead38f3,https://au.linkedin.com/jobs/view/svp-solutions-at-energy-exemplar-4454248851,SVP Solutions,Energy Exemplar,failed|wp_post_failed,2026-09-11T18:54:39.810578,
b9ba97ebeaaa9853,https://au.linkedin.com/jobs/view/electrician-at-cgc-recruitment-4466070312,Electrician,,scraped,2026-09-11T18:54:42.493565,
3d9fe974cda5058f,https://au.linkedin.com/jobs/view/senior-submissions-coordinator-at-abergeldie-complex-infrastructure-4464840182,Senior Submissions Coordinator,,scraped,2026-09-11T18:54:49.774214,
ab70a2d38533b501,https://au.linkedin.com/jobs/view/target-elizabeth-and-surrounding-locations-department-manager-at-target-australia-4461885837,Target Elizabeth and Surrounding Locations Department Manager,Target Australia,failed|wp_post_failed,2026-09-11T18:55:08.828484,
856368af59aedf53,https://au.linkedin.com/jobs/view/experience-seo-geo-executive-at-wpp-media-4415215408,"Experience (SEO, GEO) Executive",WPP Media,failed|wp_post_failed,2026-09-11T18:55:17.396230,
f633635f51bded37,https://au.linkedin.com/jobs/view/sales-development-representative-at-optipay-4464922825,Sales Development Representative,,scraped,2026-09-11T18:55:20.097655,
611165329a589848,https://au.linkedin.com/jobs/view/psychology-researcher-talent-at-maincode-4464982557,"Psychology Researcher, Talent",,scraped,2026-09-11T18:55:27.939225,
c4f2946017663ca6,https://au.linkedin.com/jobs/view/employment-consultant-at-apm-employment-services-4462586224,Employment Consultant,,scraped,2026-09-11T18:55:35.046421,
741866f8a9ab02c8,https://au.linkedin.com/jobs/view/retail-business-manager-at-assembly-label-4464321157,Retail Business Manager,,scraped,2026-09-11T18:55:42.745355,
6cbcffe459387050,https://au.linkedin.com/jobs/view/consulting-arborist-at-genusplus-group-4463232222,Consulting Arborist,,scraped,2026-09-11T18:55:49.734990,
a804818a1b00aae3,https://au.linkedin.com/jobs/view/talent-acquisition-specialist-at-compass-education-4463921413,Talent Acquisition Specialist,,scraped,2026-09-11T18:55:56.523708,
b6a17e4580357f32,https://au.linkedin.com/jobs/view/target-palmerston-department-manager-at-target-australia-4463801480,Target Palmerston - Department Manager,,scraped,2026-09-11T18:56:07.001259,
774b76dd141e4116,https://au.linkedin.com/jobs/view/team-member-eastern-creek-eastbound-at-ampol-4463593946,Team Member - Eastern Creek Eastbound,,scraped,2026-09-11T18:56:13.544059,
2de301acf18780b7,https://au.linkedin.com/jobs/view/human-resources-manager-wa-nt-at-rsgx-4462582184,Human Resources Manager - WA/NT,,scraped,2026-09-11T18:56:20.460460,
04d72dd880c38bb1,https://au.linkedin.com/jobs/view/trading-executive-%E2%80%93-social-at-omnicom-media-4464825281,Trading Executive – Social,Omnicom Media,failed|wp_post_failed,2026-09-11T18:56:34.669270,
5ca121421002f52f,https://au.linkedin.com/jobs/view/store-manager-every-sunday-off-cranbourne-at-the-reject-shop-4437730264,"Store Manager, Every Sunday Off, Cranbourne",,scraped,2026-09-11T18:56:37.387973,
bf71ecfa315e16a3,https://au.linkedin.com/jobs/view/assistant-store-manager-cotton-on-body-chermside-at-cotton-on-group-4464430366,Assistant Store Manager - Cotton On Body Chermside,,scraped,2026-09-11T18:56:44.125675,
22efd301a9f26969,https://au.linkedin.com/jobs/view/assistant-manager-finsbury-hotel-at-alh-hotels-4445453880,Assistant Manager - Finsbury Hotel,,scraped,2026-09-11T18:56:50.587561,
4c4a4370c39b72a8,https://au.linkedin.com/jobs/view/kmart-campbellfield-assistant-supervisor-at-kmart-australia-limited-4463989179,Kmart Campbellfield - Assistant Supervisor,Kmart Australia Limited,failed|wp_post_failed,2026-09-11T18:57:05.735906,
8d5c9837f0c579ef,https://au.linkedin.com/jobs/view/public-areas-attendant-at-novotel-hotels-4463249020,Public Areas Attendant,,scraped,2026-09-11T18:57:08.388996,
122a1a99e3969f0e,https://au.linkedin.com/jobs/view/fresh-manager-at-woolworths-group-4464477580,Fresh Manager,,scraped,2026-09-11T18:57:15.617403,
9cbc1032c7d3b318,https://au.linkedin.com/jobs/view/assistant-manager-north-melbourne-area-at-alh-hotels-4437702287,Assistant Manager - North Melbourne Area,,scraped,2026-09-11T18:57:22.504640,
0faaf02077536fa0,https://au.linkedin.com/jobs/view/baker-at-woolworths-group-4465605425,Baker,,scraped,2026-09-11T18:57:28.970899,
085b5c191578e456,https://au.linkedin.com/jobs/view/assistant-store-manager-galleria-at-pandora-4463581675,Assistant Store Manager Galleria,,scraped,2026-09-11T18:57:35.690122,
26e19e3664bd4aa4,https://au.linkedin.com/jobs/view/store-manager-factorie-sunshine-plaza-shopping-centre-at-cotton-on-group-4464436365,Store Manager - Factorie Sunshine Plaza Shopping Centre,,scraped,2026-09-11T18:57:42.863967,
c70ec25cb341884e,https://au.linkedin.com/jobs/view/shift-supervisors-at-zambrero-4462953141,Shift Supervisors,,scraped,2026-09-11T18:57:49.574469,
50eec5397642c927,https://au.linkedin.com/jobs/view/staff-production-engineer-at-canva-4462900095,Staff Production Engineer,,scraped,2026-09-11T18:57:57.376390,
ab81d41dd665c727,https://au.linkedin.com/jobs/view/media-expression-of-interest-at-wpp-media-4419237531,Media Expression of Interest,WPP Media,failed|wp_post_failed,2026-09-11T18:58:10.119010,
6e0103f893f69ae9,https://au.linkedin.com/jobs/view/lead-data-engineer-at-cotton-on-group-4464845592,Lead Data Engineer,,scraped,2026-09-11T18:58:12.786618,
0f93c811d71d6d53,https://au.linkedin.com/jobs/view/assistant-store-manager-wendouree-at-pandora-4463599385,Assistant Store Manager (Wendouree),,scraped,2026-09-11T18:58:19.355255,
b0a48825ab11c324,https://au.linkedin.com/jobs/view/retail-assistant-manager-mount-gambier-at-petstock-group-4462918370,Retail Assistant Manager | Mount Gambier,,scraped,2026-09-11T18:58:26.764957,
957c661aa06febb7,https://au.linkedin.com/jobs/view/security-technician-at-austcorp-executive-4465610087,Security Technician,,scraped,2026-09-11T18:58:33.533562,
a0b46c7ac9f20771,https://au.linkedin.com/jobs/view/retail-sales-travel-consultant-cairns-surrounding-suburbs-at-flight-centre-4464429290,Retail Sales Travel Consultant - Cairns & Surrounding Suburbs,,scraped,2026-09-11T18:58:41.412663,
73f67a97202b4a68,https://au.linkedin.com/jobs/view/assistant-store-manager-at-mountain-warehouse-4463227476,Assistant Store Manager,,scraped,2026-09-11T18:58:48.265417,
aa1a9ef61a778f12,https://au.linkedin.com/jobs/view/secondary-hpe-teacher-at-coomera-anglican-college-4464980133,Secondary HPE Teacher,Coomera Anglican College,failed|wp_post_failed,2026-09-11T18:59:02.855784,
1cc1e71fc1e7a83c,https://au.linkedin.com/jobs/view/graduate-valuer-4464948416,Graduate Valuer,McLean Gladstone Valuers,failed|wp_post_failed,2026-09-11T18:59:10.069198,
e70187b3cb0ff972,https://au.linkedin.com/jobs/view/reddy-express-kessels-rd-customer-service-representative-at-otr-4463825943,Reddy Express Kessels Rd - Customer Service Representative,,scraped,2026-09-11T18:59:12.701431,
0aa785fd9f281762,https://au.linkedin.com/jobs/view/driver-at-team-global-express-4456414439,Driver,,scraped,2026-09-11T18:59:22.316902,
9b2bd50dbc9966d1,https://au.linkedin.com/jobs/view/hydrogeology-opportunities-at-wga-wallbridge-gilbert-aztec-4458172484,Hydrogeology Opportunities,,scraped,2026-09-11T18:59:29.310110,
6cb5a545457d431b,https://au.linkedin.com/jobs/view/customer-solutions-advisor-full-time-helensvale-at-tpg-telecom-4444520037,Customer Solutions Advisor - Full-time - Helensvale,,scraped,2026-09-11T18:59:40.941904,
f3787890a3bcd839,https://au.linkedin.com/jobs/view/cnc-machinist-at-infrabuild-4462574198,CNC Machinist,,scraped,2026-09-11T18:59:48.723702,
038040c51ee32410,https://au.linkedin.com/jobs/view/heavy-vehicle-technician-laverton-branch-at-scania-australia-4465004020,"Heavy Vehicle Technician, Laverton Branch",Scania Australia,failed|wp_post_failed,2026-09-11T19:00:01.383783,
011eff9b04b06334,https://au.linkedin.com/jobs/view/assistant-manager-at-bapcor-limited-4465617342,Assistant Manager,,scraped,2026-09-11T19:00:04.023378,
540f694c840ecf29,https://au.linkedin.com/jobs/view/senior-level-designer-at-gameloft-brisbane-4446546987,Senior Level Designer,,scraped,2026-09-11T19:00:10.975370,
9964890af441b80c,https://au.linkedin.com/jobs/view/new-site-opening-utility-allrounder-5477-at-cater-care-4462998642,**NEW SITE OPENING** - Utility Allrounder (5477),,scraped,2026-09-11T19:00:18.153809,
657601dda0d88bcd,https://au.linkedin.com/jobs/view/electrician-at-epiroc-4436073388,Electrician,,scraped,2026-09-11T19:00:26.555809,
bbab2655927594b2,https://au.linkedin.com/jobs/view/courier-at-fedex-australia-4446564110,Courier,FedEx Australia,failed|wp_post_failed,2026-09-11T19:00:40.664126,
bd6205d938cc817c,https://au.linkedin.com/jobs/view/trade-assistant-at-mcnab-4463874192,Trade Assistant,,scraped,2026-09-11T19:00:43.488782,
f3899991fe50ab1f,https://au.linkedin.com/jobs/view/assistant-store-manager-supercheap-auto-midland-at-supercheap-auto-4446710434,Assistant Store Manager - Supercheap Auto Midland,Supercheap Auto,failed|wp_post_failed,2026-09-11T19:01:01.877460,
f254b1a717be43c2,https://au.linkedin.com/jobs/view/team-member-holbrook-at-ampol-4464461375,Team Member - Holbrook,,scraped,2026-09-11T19:01:05.034790,
d80f20e26253bca2,https://au.linkedin.com/jobs/view/store-manager-moree-at-lowes-petroleum-service-4458980912,Store Manager - Moree,,scraped,2026-09-11T19:01:11.516041,
be9826c29272a3d0,https://au.linkedin.com/jobs/view/assistant-store-manager-cotton-on-kawana-shopping-world-at-cotton-on-group-4438553941,Assistant Store Manager - Cotton On Kawana Shopping World,,scraped,2026-09-11T19:01:20.510488,
303e025dba593a30,https://au.linkedin.com/jobs/view/delivery-driver-repco-north-mackay-full-time-at-repco-4455715876,Delivery Driver - Repco North Mackay - Full Time,Repco,failed|wp_post_failed,2026-09-11T19:01:36.327704,
cd78ea6212c43223,https://au.linkedin.com/jobs/view/recoveries-specialist-nsw-qld-vic-at-procare-group-4466038736,Recoveries Specialist - NSW/QLD/VIC,,scraped,2026-09-11T19:01:38.911193,
497938aef80311fe,https://au.linkedin.com/jobs/view/assistant-restaurant-manager-canning-vale-at-nando-s-australia-new-zealand-4465624184,Assistant Restaurant Manager - Canning Vale,,scraped,2026-09-11T19:01:45.829448,
5c3144cbeabdfaff,https://au.linkedin.com/jobs/view/business-development-manager-at-total-tools-and-hardware-group-4464583352,Business Development Manager,,scraped,2026-09-11T19:01:52.292327,
69b1a40d6c94fcff,https://au.linkedin.com/jobs/view/general-practitioner-at-serco-4377149617,General Practitioner,Serco,failed|wp_post_failed,2026-09-11T19:02:08.188419,
5de3ead5b3f01414,https://au.linkedin.com/jobs/view/sonographer-at-integral-diagnostics-idx-4463227485,Sonographer,,scraped,2026-09-11T19:02:10.835751,
89549e812dc23d87,https://au.linkedin.com/jobs/view/junior-accountant-at-stamford-plaza-brisbane-4464180896,Junior Accountant,,scraped,2026-09-11T19:02:20.994391,
a82aeab2aac6fab3,https://au.linkedin.com/jobs/view/assistant-store-manager-dan-murphy-s-mittagong-at-dan-murphy-s-4455533848,Assistant Store Manager - Dan Murphy's Mittagong,,scraped,2026-09-11T19:02:28.058345,
aa78d2013641c50e,https://au.linkedin.com/jobs/view/critical-environment-technician-manager-at-microsoft-4466078793,Critical Environment Technician Manager,Microsoft,failed|wp_post_failed,2026-09-11T19:02:41.082432,
add80b3d58ef2483,https://au.linkedin.com/jobs/view/qualified-plasterer-4457624939,Qualified Plasterer,Sunrise Plastering Byron Bay,failed|wp_post_failed,2026-09-11T19:02:48.108300,
30df977a3cf1fba6,https://au.linkedin.com/jobs/view/restaurant-manager-mona-vale-at-zeus-street-greek-4462525791,Restaurant Manager Mona Vale,,scraped,2026-09-11T19:02:50.667626,
a17fd1af340a2800,https://au.linkedin.com/jobs/view/tax-at-pwc-australia-4444875121,Tax,PwC Australia,failed|wp_post_failed,2026-09-11T19:03:05.306890,
d23ecdeea1e22f2e,https://au.linkedin.com/jobs/view/project-scheduler-at-nova-systems-4464929059,Project Scheduler,,scraped,2026-09-11T19:03:07.988012,
bd588e43ee396134,https://au.linkedin.com/jobs/view/executive-business-development-manager-at-persol-apac-4465610258,Executive Business Development Manager,,scraped,2026-09-11T19:03:14.994258,
c1e2c496785166c2,https://au.linkedin.com/jobs/view/gbs-apac-anz-at-gartner-4437918210,GBS - APAC/ANZ,Gartner,failed|wp_post_failed,2026-09-11T19:03:27.555712,
95b23502e284df00,https://au.linkedin.com/jobs/view/skilled-landscaper-at-landscape-linkup-4466073076,Skilled Landscaper,Landscape LinkUP,failed|wp_post_failed,2026-09-11T19:03:36.029770,
e86170b4082466d7,https://au.linkedin.com/jobs/view/platypus-management-opportunities-canberra-at-platypus-shoes-4463800882,Platypus Management Opportunities - Canberra,,scraped,2026-09-11T19:03:38.722291,
a991e6f3e430ec0f,https://au.linkedin.com/jobs/view/cook-at-accor-4462933087,Cook,Accor,failed|wp_post_failed,2026-09-11T19:03:53.984051,
9a927eacba481a3b,https://au.linkedin.com/jobs/view/site-reliability-engineer-australia-remote-at-axon-4446579178,"Site Reliability Engineer (Australia, Remote)",Axon,failed|wp_post_failed,2026-09-11T19:04:02.832950,
8dd34188301159b7,https://au.linkedin.com/jobs/view/assistant-store-manager-tea-tree-plaza-at-lovisa-pty-ltd-4463012524,Assistant Store Manager | Tea Tree Plaza,,scraped,2026-09-11T19:04:05.537869,
95cfc1df85e13eab,https://au.linkedin.com/jobs/view/production-operator-at-howmet-aerospace-4414884655,Production Operator,Howmet Aerospace,failed|wp_post_failed,2026-09-11T19:04:18.804209,
1b304e61d7c0d323,https://au.linkedin.com/jobs/view/hr-graduate-recruitment-consultant-at-talent-4465616782,HR Graduate Recruitment Consultant,Talent,failed|wp_post_failed,2026-09-11T19:04:29.930195,
e613ad19e4b5741c,https://au.linkedin.com/jobs/view/sales-manager-at-clearworld-4462979759,Sales Manager,,scraped,2026-09-11T19:04:32.588151,
fad79a73ff2d88d1,https://au.linkedin.com/jobs/view/business-development-manager-at-mercure-hotels-4464196381,Business Development Manager,,scraped,2026-09-11T19:04:43.348755,
1772700510931c13,https://au.linkedin.com/jobs/view/product-manager-at-block-earner-4464840556,Product Manager,,scraped,2026-09-11T19:04:50.678639,
d382f9a338cbf7f4,https://au.linkedin.com/jobs/view/senior-maintenance-planner-at-focus-minerals-4466047583,Senior Maintenance Planner,,scraped,2026-09-11T19:04:57.854149,
42705731bf92b68e,https://au.linkedin.com/jobs/view/new-store-assistant-store-manager-angle-vale-sa-australia-at-beacon-lighting-4463938215,"NEW STORE - Assistant Store Manager Angle Vale SA, Australia",,scraped,2026-09-11T19:05:06.386770,
1d4a4a914d3f8a32,https://au.linkedin.com/jobs/view/project-estimator-at-srg-global-4464165717,Project Estimator,,scraped,2026-09-11T19:05:13.289981,
338ab769b78f2855,https://au.linkedin.com/jobs/view/sales-associate-4462993780,Sales Associate,Flooring Xtra Burleigh Heads,failed|wp_post_failed,2026-09-11T19:05:26.296201,
a4c6c865ed54aa57,https://au.linkedin.com/jobs/view/storeperson-driver-at-rexel-australia-4464374582,Storeperson/Driver,,scraped,2026-09-11T19:05:28.898572,
a9aa832e098f71aa,https://au.linkedin.com/jobs/view/surveyor-at-eso-surveyors-4464170166,Surveyor,,scraped,2026-09-11T19:05:36.787402,
44c2ca1f506cd42f,https://au.linkedin.com/jobs/view/software-engineer-manager-netsoft-at-google-4445735789,"Software Engineer Manager, Netsoft",Google,failed|wp_post_failed,2026-09-11T19:05:50.434665,
bbf8fe5d20ae0de7,https://au.linkedin.com/jobs/view/full-time-certificate-iii-educator-tallawong-at-mini-masterminds-4461855879,Full Time Certificate III Educator - Tallawong,,scraped,2026-09-11T19:05:53.138213,
8b62058b98df63e7,https://au.linkedin.com/jobs/view/general-practitioner-at-serco-4377147734,General Practitioner,Serco,failed|wp_post_failed,2026-09-11T19:06:09.197993,
6edffa8fbf83029d,https://au.linkedin.com/jobs/view/store-manager-woden-at-david-jones-4462912091,Store Manager | Woden,,scraped,2026-09-11T19:06:11.829405,
428bfa2b8eaea1aa,https://au.linkedin.com/jobs/view/assistant-store-manager-adelaide-southern-suburbs-surrounds-at-beacon-lighting-4461802462,Assistant Store Manager Adelaide Southern Suburbs & Surrounds,,scraped,2026-09-11T19:06:18.456882,
3db9262e8d90cb91,https://au.linkedin.com/jobs/view/data-center-technician-at-microsoft-4437788394,Data Center Technician,Microsoft,failed|wp_post_failed,2026-09-11T19:06:30.919886,
594e6dddae04b1f7,https://au.linkedin.com/jobs/view/maison-host-full-time-van-cleef-arpels-sydney-flagship-at-van-cleef-arpels-4435430894,Maison Host - Full Time - Van Cleef & Arpels - Sydney Flagship,Van Cleef & Arpels,failed|wp_post_failed,2026-09-11T19:07:17.271170,
98ceba802d39e2cb,https://au.linkedin.com/jobs/view/recruitment-consultant-at-healthcare-australia-4463959238,Recruitment Consultant,,scraped,2026-09-11T19:07:19.854843,
b9d8110ce15e17a5,https://au.linkedin.com/jobs/view/concierge-security-officer-at-challenger-security-4463960468,Concierge Security Officer,Challenger Security,failed|wp_post_failed,2026-09-11T19:07:33.960855,
a2628026801289f8,https://au.linkedin.com/jobs/view/data-steward-partner-at-tata-consultancy-services-4464852160,Data Steward Partner,Tata Consultancy Services,failed|wp_post_failed,2026-09-11T19:07:45.999654,
48b42534acc420a5,https://au.linkedin.com/jobs/view/visual-merchandiser-chadstone-at-h-m-4465894013,Visual Merchandiser - Chadstone,H&M,failed|wp_post_failed,2026-09-11T19:07:57.399619,
76f96d1f025033e5,https://au.linkedin.com/jobs/view/store-manager-warringah-at-h-m-4465612763,Store Manager - Warringah,H&M,failed|wp_post_failed,2026-09-11T19:08:08.508436,
e7c433762c028a4e,https://au.linkedin.com/jobs/view/breakfast-attendant-at-raines-company-4463790452,Breakfast Attendant,Raines Company,failed|wp_post_failed,2026-09-11T19:08:17.011123,
36b2ce3a8d6519b4,https://au.linkedin.com/jobs/view/excavator-operators-civil-utilities-at-mcmahon-services-4466008978,Excavator Operators - Civil Utilities,,scraped,2026-09-11T19:08:19.671660,
54b4311b634a67c6,https://au.linkedin.com/jobs/view/recruitment-consultant-at-the-andersen-partnership-4462903969,Recruitment Consultant,,scraped,2026-09-11T19:08:27.033267,
34f197c228781b00,https://au.linkedin.com/jobs/view/full-time-sales-associate-sydney-at-apm-monaco-4463260054,Full Time Sales Associate (Sydney),,scraped,2026-09-11T19:08:33.971849,
223ba027d0babcc7,https://au.linkedin.com/jobs/view/occupational-therapist-hobart-tas-at-amplar-health-4463026208,"Occupational Therapist - Hobart, TAS",Amplar Health,failed|wp_post_failed,2026-09-11T19:08:46.689374,
6642a5dff33cd6d7,https://au.linkedin.com/jobs/view/head-of-talent-acquisition-at-first-focus-au-4465607751,Head of Talent Acquisition,First Focus AU,failed|wp_post_failed,2026-09-11T19:09:19.778761,
019b0938910537a2,https://au.linkedin.com/jobs/view/employment-consultant-at-apm-employment-services-4462263902,Employment Consultant,,scraped,2026-09-11T19:09:22.406764,
366c37f65e4b6757,https://au.linkedin.com/jobs/view/sales-estimator-at-carrier-4462387049,Sales Estimator,Carrier,failed|wp_post_failed,2026-09-11T19:09:35.807716,
6304d932cc43fffb,https://au.linkedin.com/jobs/view/assistant-management-accountant-at-360hr-solutions-recruitment-4464192341,Assistant Management Accountant,,scraped,2026-09-11T19:09:38.420563,
04834878d2ef039c,https://au.linkedin.com/jobs/view/maintenance-services-manager-at-airtrunk-4464477541,Maintenance Services Manager,,scraped,2026-09-11T19:09:48.062813,
c255452f18ff4794,https://au.linkedin.com/jobs/view/assistant-restaurant-manager-at-grill-d-4407686871,Assistant Restaurant Manager,,scraped,2026-09-11T19:09:54.490358,
d472eaaa60ee41ad,https://au.linkedin.com/jobs/view/service-coordinator-at-evolv-building-technologies-4464832782,Service Coordinator,,scraped,2026-09-11T19:10:02.587562,
b3fad593d67e90f0,https://au.linkedin.com/jobs/view/lube-technician-sydney-airport-at-tcr-4316753696,Lube Technician - Sydney Airport,,scraped,2026-09-11T19:10:10.698893,
29026ddcd59ce702,https://au.linkedin.com/jobs/view/security-officer-rotational-day-and-night-shift-%243-000-sign-on-bonus-at-securitas-australia-4463307392,"Security Officer -Rotational Day and Night Shift : $3,000 Sign-On Bonus",,scraped,2026-09-11T19:10:17.235020,
b61e47d4d0032822,https://au.linkedin.com/jobs/view/technical-artist-at-tantalus-media-4463400970,Technical Artist,Tantalus Media,failed|wp_post_failed,2026-09-11T19:10:39.699834,
d687484cbfb60f31,https://au.linkedin.com/jobs/view/heritage-specialist-at-hays-4463803455,Heritage Specialist,,scraped,2026-09-11T19:10:42.490663,
cfe7e8a9b6a44f1d,https://au.linkedin.com/jobs/view/global-agency-acquisition-manager-scaled-growth-aunz-at-tiktok-4452920100,"Global Agency Acquisition Manager, Scaled Growth - AUNZ",TikTok,failed|wp_post_failed,2026-09-11T19:10:55.610949,
fb2d6e5c899ba1a8,https://au.linkedin.com/jobs/view/valuer-agribusiness-at-bendigo-bank-4462903685,Valuer - Agribusiness,,scraped,2026-09-11T19:10:58.535853,
815051c850b7c89a,https://au.linkedin.com/jobs/view/business-development-manager-%E2%80%93-construction-tenders-4464824943,Business Development Manager – Construction & Tenders,Descom Consultant,failed|wp_post_failed,2026-09-11T19:11:10.014248,
e41914367571f896,https://au.linkedin.com/jobs/view/valuation-acquisition-advisor-at-hays-4464090338,Valuation & Acquisition Advisor,,scraped,2026-09-11T19:11:12.613466,
e2d47e0531f11dd7,https://au.linkedin.com/jobs/view/food-and-beverage-supervisor-at-accor-4462684177,Food and Beverage Supervisor,Accor,failed|wp_post_failed,2026-09-11T19:11:28.461531,
fb01811fe651585e,https://au.linkedin.com/jobs/view/otr-kadina-%E2%80%93-assistant-store-manager-at-otr-4464094203,OTR Kadina – Assistant Store Manager,,scraped,2026-09-11T19:11:31.060207,
a897e140148a34ef,https://au.linkedin.com/jobs/view/reddy-express-kirwan-customer-service-representative-at-otr-4464961637,Reddy Express Kirwan - Customer Service Representative,,scraped,2026-09-11T19:11:41.209374,
fb4037b34c46e45c,https://au.linkedin.com/jobs/view/concierge-at-accor-4462676234,Concierge,Accor,failed|wp_post_failed,2026-09-11T19:11:59.678513,
ebdcc083bb86b967,https://au.linkedin.com/jobs/view/retail-sales-travel-consultant-townsville-surrounding-suburbs-at-flight-centre-travel-group-4455276329,Retail Sales Travel Consultant - Townsville & Surrounding Suburbs,,scraped,2026-09-11T19:12:02.272914,
2fdd8a8654709266,https://au.linkedin.com/jobs/view/assistant-store-manager-dan-murphy-s-mosman-at-dan-murphy-s-4457084480,Assistant Store Manager - Dan Murphy's Mosman,,scraped,2026-09-11T19:12:09.062798,
59d9b17b977e24bb,https://au.linkedin.com/jobs/view/gaming-manager-the-ettamogah-at-alh-hotels-4446169606,Gaming Manager - The Ettamogah,,scraped,2026-09-11T19:12:15.950377,
68c7ad5ecbb84c37,https://au.linkedin.com/jobs/view/customer-sales-service-repco-roxburgh-park-full-time-at-repco-4426475016,Customer Sales & Service - Repco Roxburgh Park - Full Time,Repco,failed|wp_post_failed,2026-09-11T19:12:32.088109,
97e2c9ba20d45afd,https://au.linkedin.com/jobs/view/security-technician-at-austcorp-executive-4465600992,Security Technician,,scraped,2026-09-11T19:12:35.028157,
10c9e5f37ed996ca,https://au.linkedin.com/jobs/view/red-team-specialist-at-tpg-telecom-4462949295,Red Team Specialist,,scraped,2026-09-11T19:12:45.725231,
48ce5b08382e97e7,https://au.linkedin.com/jobs/view/office-administrator-at-cmw-geosciences-4466069447,Office Administrator,,scraped,2026-09-11T20:11:54.453336,
0dc546f13d673279,https://au.linkedin.com/jobs/view/restaurant-supervisor-marketown-at-mad-mex-4464214786,Restaurant Supervisor Marketown,Mad Mex,failed|wp_post_failed,2026-09-11T20:12:12.257974,
4e1eaddcbc7fc59d,https://au.linkedin.com/jobs/view/store-manager-sydney-inner-city-surrounds-at-beacon-lighting-4464217824,Store Manager Sydney Inner City & Surrounds,,scraped,2026-09-11T20:12:40.831789,
5654c5658cf4a9c3,https://au.linkedin.com/jobs/view/sales-consultant-earn-more-at-plush-knoxfield-at-nick-scali-limited-4462264224,Sales Consultant - Earn More at Plush Knoxfield,,scraped,2026-09-11T20:13:56.146294,
1d601f9f5316e08a,https://au.linkedin.com/jobs/view/v-lead-technical-consultant-at-wns-4464361625,V-Lead Technical Consultant,WNS,failed|wp_post_failed,2026-09-11T20:14:28.818888,
fe24179aa234990b,https://au.linkedin.com/jobs/view/maintenance-service-person-at-amentum-4446484441,Maintenance Service Person,Amentum,failed|wp_post_failed,2026-09-11T20:14:58.080966,
ec3832a8022fbca5,https://au.linkedin.com/jobs/view/foreperson-at-civilandscape-4466348873,FOREPERSON,,scraped,2026-09-11T20:15:20.658816,
af5a6f5ac7a9ccd2,https://au.linkedin.com/jobs/view/intermediate-accountant-at-sharp-carter-4465384595,Intermediate Accountant,,scraped,2026-09-11T20:15:46.443373,
564a91b40086dd88,https://au.linkedin.com/jobs/view/sales-development-representative-australia-at-cockroach-labs-4454994361,"Sales Development Representative, Australia",Cockroach Labs,failed|wp_post_failed,2026-09-11T20:16:37.261873,
6bea90495302fa0d,https://au.linkedin.com/jobs/view/director-of-operations-at-pullman-hotels-resorts-4462987238,Director of Operations,,scraped,2026-09-11T20:17:17.960064,
802a3ee9d73de07f,https://au.linkedin.com/jobs/view/skechers-sales-assistant-chermside-super-at-skechers-australia-new-zealand-4463418296,Skechers Sales Assistant - Chermside Super,,scraped,2026-09-11T20:17:34.854245,
fd9d555bbd81c411,https://au.linkedin.com/jobs/view/business-development-manager-at-resonate-4427461876,Business Development Manager,,scraped,2026-09-11T20:18:09.544778,
6ce661ab8603d66b,https://au.linkedin.com/jobs/view/project-coordinator-at-gamblingcareers-com-4463781986,Project Coordinator,GamblingCareers.com,failed|wp_post_failed,2026-09-11T20:18:28.783872,
7af162b8ddc54191,https://au.linkedin.com/jobs/view/senior-product-manager-at-workyard-4463594984,Senior Product Manager,Workyard,failed|wp_post_failed,2026-09-11T20:19:27.881769,
dfc77e356686f90a,https://au.linkedin.com/jobs/view/architect-at-ghd-4463832077,Architect,,scraped,2026-09-11T20:19:30.518771,
0e93920661953477,https://au.linkedin.com/jobs/view/nursery-officer-at-mackay-regional-council-4461898583,Nursery Officer,Mackay Regional Council,failed|wp_post_failed,2026-09-11T20:19:49.147005,
bdb96e19a31f30a5,https://au.linkedin.com/jobs/view/driving-examiner-at-department-of-customer-services-open-data-and-small-and-family-business-4463534483,Driving Examiner,,scraped,2026-09-11T20:20:05.787089,
4876d94ea9ff240d,https://au.linkedin.com/jobs/view/business-development-manager-corporate-government-at-crystalbrook-collection-4463961481,Business Development Manager - Corporate & Government,,scraped,2026-09-11T20:20:15.232153,
2139a015a0c9a215,https://au.linkedin.com/jobs/view/accountant-at-sammut-bulow-4464821912,Accountant,,scraped,2026-09-11T20:20:21.902643,
957965a86dee410d,https://au.linkedin.com/jobs/view/assistant-store-manager-at-early-settler-4464125926,Assistant Store Manager,,scraped,2026-09-11T20:20:42.203801,
035cb1033eee96b6,https://au.linkedin.com/jobs/view/sales-coordinator-at-bishopp-4464310174,Sales Coordinator,,scraped,2026-09-11T20:20:49.417702,
66a2f10a54786f61,https://au.linkedin.com/jobs/view/store-manager-full-time-kawana-at-lovisa-pty-ltd-4463412700,Store Manager | Full Time | Kawana,,scraped,2026-09-11T20:21:00.476387,
d038ca42ee423c4a,https://au.linkedin.com/jobs/view/assistant-store-manager-rebel-wagga-wagga-at-rebel-sport-4455621178,Assistant Store Manager - rebel Wagga Wagga,,scraped,2026-09-11T20:21:19.699652,
b1114ab603a7474d,https://au.linkedin.com/jobs/view/maintenance-technician-at-amazon-4455913058,Maintenance Technician,Amazon,failed|wp_post_failed,2026-09-11T20:21:32.811118,
7974301849c8d706,https://au.linkedin.com/jobs/view/developer-relations-manager-anz-at-nvidia-4395491041,Developer Relations Manager - ANZ,NVIDIA,failed|wp_post_failed,2026-09-11T20:21:42.241677,
bde93bbd77ae8241,https://au.linkedin.com/jobs/view/customer-service-officer-newcastle-nsw-at-bullivants-4461886136,"Customer Service Officer - Newcastle, NSW",,scraped,2026-09-11T20:21:44.867293,
59f3279ba3747ffe,https://au.linkedin.com/jobs/view/reliability-planner-at-george-weston-foods-4462270756,Reliability Planner,George Weston Foods,failed|wp_post_failed,2026-09-11T20:22:30.455198,
31ff44dc0a605f9d,https://au.linkedin.com/jobs/view/payroll-and-finance-advisor-at-metro-tasmania-pty-ltd-4464980680,Payroll and Finance Advisor,,scraped,2026-09-11T20:22:33.082034,
27cbd0eb403633ce,https://au.linkedin.com/jobs/view/hype-dc-assistant-store-manager-belconnen-at-hype-dc-pty-limited-4463596902,Hype DC Assistant Store Manager - Belconnen,HYPE DC Pty Limited,failed|wp_post_failed,2026-09-11T20:22:51.075829,
39ad85f046f7aae5,https://au.linkedin.com/jobs/view/retail-manager-myer-mt-gravatt-salt-pepper-the-custom-chef-at-global-retail-brands-australia-4462998631,Retail Manager | MYER Mt Gravatt | salt&pepper & The Custom Chef,,scraped,2026-09-11T20:22:53.727269,
63c785946dd68e40,https://au.linkedin.com/jobs/view/appian-developer-at-xpt-software-australia-4464155620,Appian Developer,,scraped,2026-09-11T20:23:12.723269,
f36fe129eb412697,https://au.linkedin.com/jobs/view/sales-specialist-at-complete-air-systems-pty-ltd-4463271302,Sales Specialist,,scraped,2026-09-11T20:23:19.546029,
b0fe73764d2e0a61,https://au.linkedin.com/jobs/view/data-centre-security-officer-nv1-rotational-shift-level-4-%243000-sign-on-bonus-at-securitas-australia-4466045424,Data Centre Security Officer-NV1-Rotational Shift-Level 4-$3000 sign on bonus,,scraped,2026-09-11T20:23:32.056550,
75f740e1e6e57120,https://au.linkedin.com/jobs/view/assistant-venue-manager-greensborough-full-time-at-the-sporting-globe-4463005148,Assistant Venue Manager Greensborough / Full Time,,scraped,2026-09-11T20:23:39.197185,
07aebfcea1a184f6,https://au.linkedin.com/jobs/view/bim-modeller-draftsperson-at-ezystrut-cable-pipe-supports-4466054315,BIM Modeller/Draftsperson,,scraped,2026-09-11T20:23:56.256208,
656f2256536f35d0,https://au.linkedin.com/jobs/view/barista-at-accor-4462683468,Barista,Accor,failed|wp_post_failed,2026-09-11T20:24:13.807226,
373759e47e554306,https://au.linkedin.com/jobs/view/kmart-macquarie-department-manager-at-kmart-australia-limited-4454198039,Kmart Macquarie - Department Manager,Kmart Australia Limited,failed|wp_post_failed,2026-09-11T20:24:47.705873,
02505db5a9f7f658,https://au.linkedin.com/jobs/view/rigger-i-at-fieldcore-4398247552,Rigger I,FieldCore,failed|wp_post_failed,2026-09-11T20:24:56.877458,
2f2ea52c93810e05,https://au.linkedin.com/jobs/view/doncaster-%E2%80%93-full-time-front-of-house-supervisors-at-yomg-4465688897,Doncaster – Full Time Front of House Supervisors,,scraped,2026-09-11T20:24:59.504466,
a8dd6f24ee561193,https://au.linkedin.com/jobs/view/assistant-store-manager-bws-huntlee-at-bws-4437726972,Assistant Store Manager - BWS Huntlee,,scraped,2026-09-11T20:25:15.300507,
f402a27585e2aa08,https://au.linkedin.com/jobs/view/general-practitioner-gp-at-hireon-4463854021,General Practitioner (GP),HireOn,failed|wp_post_failed,2026-09-11T20:25:29.226745,
584097dfbaa374ed,https://au.linkedin.com/jobs/view/in-store-mortgage-broker-at-aussie-4464378787,In-Store Mortgage Broker,,scraped,2026-09-11T20:25:31.794611,
8662faf6bd4fdb85,https://au.linkedin.com/jobs/view/director-of-sales-nt-at-hilton-4465019728,Director of Sales - NT,Hilton,failed|wp_post_failed,2026-09-11T20:25:45.740471,
d9d24bbf87dca042,https://au.linkedin.com/jobs/view/travel-advisor-travel-associates-vic-at-flight-centre-travel-group-4455270358,Travel Advisor - Travel Associates - VIC,,scraped,2026-09-11T20:25:48.426637,
1fd8452c469492a8,https://au.linkedin.com/jobs/view/retail-sales-travel-consultant-eaton-wa-at-flight-centre-travel-group-4455256441,"Retail Sales Travel Consultant - Eaton, WA",,scraped,2026-09-11T20:26:05.025077,
f30473d063b32156,https://au.linkedin.com/jobs/view/junior-estimator-at-lycopodium-4463248607,Junior Estimator,,scraped,2026-09-11T20:26:11.564255,
25911f91964fa658,https://au.linkedin.com/jobs/view/customer-sales-service-repco-port-hedland-full-time-at-repco-4464093147,Customer Sales & Service - Repco Port Hedland - Full Time,Repco,failed|wp_post_failed,2026-09-11T20:26:28.398836,
301a64f72113caa5,https://au.linkedin.com/jobs/view/kmart-gladstone-store-inventory-manager-at-kmart-australia-limited-4463074695,Kmart Gladstone - Store Inventory Manager,Kmart Australia Limited,failed|wp_post_failed,2026-09-11T20:26:40.296449,
99d730eb24186748,https://au.linkedin.com/jobs/view/sales-consultant-m2m-bundaberg-at-spotlight-retail-group-srg-4463975310,Sales Consultant M2M - Bundaberg,,scraped,2026-09-11T20:26:43.113426,
34996b9b92ee6178,https://au.linkedin.com/jobs/view/reddy-express-mandurah-customer-service-rep-at-otr-4463239006,Reddy Express Mandurah - Customer Service Rep,,scraped,2026-09-11T20:27:03.680327,
a5d96e1547e4b0c0,https://au.linkedin.com/jobs/view/paraplanner-at-bluewave-talent-4464161164,Paraplanner,,scraped,2026-09-11T20:27:13.953284,
474d48147ff85628,https://au.linkedin.com/jobs/view/restaurant-team-member-doncaster-westfield-shopping-center-at-mad-mex-4462541654,Restaurant Team Member Doncaster - Westfield Shopping Center,,scraped,2026-09-11T20:27:21.802965,
e63b2cb9c5a4e9cd,https://au.linkedin.com/jobs/view/assistant-store-manager-dan-murphy-s-hornsby-at-dan-murphy-s-4447007091,Assistant Store Manager - Dan Murphy's Hornsby,,scraped,2026-09-11T20:27:29.925692,
df92d45cdf4aacf6,https://au.linkedin.com/jobs/view/assistant-store-manager-supercheap-auto-chirnside-park-at-supercheap-auto-4446979141,Assistant Store Manager - Supercheap Auto Chirnside Park,Supercheap Auto,failed|wp_post_failed,2026-09-11T20:27:49.009978,
2c295ff95c6da87b,https://au.linkedin.com/jobs/view/deli-assistant-at-centra-4464873013,Deli Assistant,,scraped,2026-09-11T20:28:03.614281,
0363615bb3392485,https://au.linkedin.com/jobs/view/wholesale-business-development-representative-at-carma-4454179914,Wholesale Business Development Representative,,scraped,2026-09-11T20:28:10.967681,
15619132219bc487,https://au.linkedin.com/jobs/view/recruitment-consultant-luxury-retail-melbourne-at-drake-international-australia-4463236271,Recruitment Consultant - Luxury Retail (Melbourne),,scraped,2026-09-11T20:28:18.385923,
ca2ce501bac98f07,https://au.linkedin.com/jobs/view/assistant-restaurant-manager-at-grill-d-4329972689,Assistant Restaurant Manager,,scraped,2026-09-11T20:28:25.274682,
9c5d2a29bbf075e3,https://au.linkedin.com/jobs/view/technical-data-steward-at-city-facilities-management-australia-4466037287,Technical Data Steward,,scraped,2026-09-11T20:28:46.043491,
27d688b1a5260123,https://au.linkedin.com/jobs/view/pit-pathway-scoper-at-ugl-4465385518,Pit & Pathway Scoper,,scraped,2026-09-11T20:28:52.868112,
c5f24cdee43f019b,https://au.linkedin.com/jobs/view/business-development-manager-at-team-global-express-4464447515,Business Development Manager,,scraped,2026-09-11T20:28:59.766267,
25640e75d6fd487c,https://au.linkedin.com/jobs/view/recruitment-officer-at-talentpath-recruitment-4456450742,Recruitment Officer,,scraped,2026-09-11T20:29:06.999457,
01ed3a1e4e6d0e7b,https://au.linkedin.com/jobs/view/department-manager-bayswater-at-spotlight-ltd-4462267612,Department Manager- Bayswater,,scraped,2026-09-11T20:29:30.971705,
f16c377b2a6ae124,https://au.linkedin.com/jobs/view/management-accountant-at-tasnetworks-4464925167,Management Accountant,,scraped,2026-09-11T20:29:39.159912,
24e385137e15348d,https://au.linkedin.com/jobs/view/estimating-lead-at-clarity-partners-4461874781,Estimating Lead,,scraped,2026-09-11T20:30:11.142814,
81d43a52c44e12a4,https://au.linkedin.com/jobs/view/team-member-rydalmere-at-ampol-4464945055,Team Member - Rydalmere,,scraped,2026-09-11T20:30:31.955494,
6e5876fd0a9f8ead,https://au.linkedin.com/jobs/view/customer-sales-service-repco-box-hill-full-time-at-repco-4464317587,Customer Sales & Service - Repco Box Hill - Full Time,Repco,failed|wp_post_failed,2026-09-11T20:30:48.708379,
4fa1e74319e16dd7,https://au.linkedin.com/jobs/view/assistant-manager-chardons-hotel-at-alh-hotels-4419599947,Assistant Manager - Chardons Hotel,,scraped,2026-09-11T20:30:51.277891,
1cf5aa86544a118a,https://au.linkedin.com/jobs/view/in-store-visual-merchandiser-rebel-rcx-chadstone-at-rebel-sport-4454497031,In-Store Visual Merchandiser - rebel rCX Chadstone,,scraped,2026-09-11T23:40:03.923281,
c90aa149eaa9be6e,https://au.linkedin.com/jobs/view/shop-assistant-miranda-at-harris-farm-markets-4461872822,Shop Assistant - Miranda,,scraped,2026-09-11T23:40:28.744271,
077f9dd6aeb4a21e,https://au.linkedin.com/jobs/view/sales-development-representative-at-prospa-4456458197,Sales Development Representative,,scraped,2026-09-11T23:40:53.877497,
14fa18f16beccab6,https://au.linkedin.com/jobs/view/sales-development-representative-at-procore-technologies-4465817612,Sales Development Representative,Procore Technologies,failed|wp_post_failed,2026-09-11T23:41:25.617710,
be22e1d98fe514e9,https://au.linkedin.com/jobs/view/account-executive-at-sage-4466037647,Account Executive,Sage,failed|wp_post_failed,2026-09-11T23:42:04.126139,
c654f17ebecc9070,https://au.linkedin.com/jobs/view/social-media-manager-at-searchability%C2%AE-4464065210,Social Media Manager,,scraped,2026-09-11T23:42:14.772233,
202a9d665a947088,https://au.linkedin.com/jobs/view/respirator-fit-tester-mount-waverley-at-fit-test-victoria-pty-ltd-4463571475,Respirator Fit Tester - Mount Waverley,,scraped,2026-09-11T23:42:37.485873,
7cf9ed914d899cd6,https://au.linkedin.com/jobs/view/assistant-store-manager-supercheap-auto-belmont-at-supercheap-auto-4408627598,Assistant Store Manager - Supercheap Auto Belmont,Supercheap Auto,failed|wp_post_failed,2026-09-11T23:42:55.912562,
4a7015924c4f9da3,https://au.linkedin.com/jobs/view/platypus-store-manager-doncaster-at-platypus-shoes-4464318380,Platypus Store Manager - Doncaster,,scraped,2026-09-11T23:43:14.493196,
aedc5591f2f3bd48,https://au.linkedin.com/jobs/view/customer-service-associate-australia-at-wns-4464379368,Customer Service Associate - Australia,WNS,failed|wp_post_failed,2026-09-11T23:43:26.880598,
734e3aa753c40d51,https://au.linkedin.com/jobs/view/publican-castle-hill-tavern-at-alh-hotels-4455252502,Publican - Castle Hill Tavern,,scraped,2026-09-11T23:43:47.502335,
1002a9020df8bb02,https://au.linkedin.com/jobs/view/kmart-central-locations-store-manager-at-kmart-australia-limited-4463960323,Kmart Central Locations - Store Manager,Kmart Australia Limited,failed|wp_post_failed,2026-09-11T23:44:20.708526,
20d53d40c71f6d28,https://au.linkedin.com/jobs/view/payroll-officer-at-robert-half-4462983519,Payroll Officer,Robert Half,failed|wp_post_failed,2026-09-11T23:44:43.279760,
17c304150478db2d,https://au.linkedin.com/jobs/view/traffic-operations-senior-at-paramount-australia-new-zealand-4464307370,Traffic Operations Senior,Paramount Australia & New Zealand,failed|wp_post_failed,2026-09-11T23:44:54.584437,
67fdf508dbb72ef6,https://au.linkedin.com/jobs/view/new-graduate-occupational-therapist-at-early-start-australia-4462255954,New Graduate Occupational Therapist,,scraped,2026-09-11T23:44:57.189175,
d3e9e97899ce8ad0,https://au.linkedin.com/jobs/view/mid-market-account-executive-at-mimecast-4464332573,Mid Market Account Executive,,scraped,2026-09-11T23:45:17.902614,
55acdcce6809ad7f,https://au.linkedin.com/jobs/view/assistant-manager-balgownie-hotel-at-alh-hotels-4457032579,Assistant Manager - Balgownie Hotel,,scraped,2026-09-11T23:45:24.517753,
31b7af0bdf7eb472,https://au.linkedin.com/jobs/view/store-person-at-early-settler-4461670422,Store Person,,scraped,2026-09-11T23:45:30.900831,
d73d4a8299d1b6a5,https://au.linkedin.com/jobs/view/buyer-s-assistant-at-whsmith-australia-4462900791,Buyer's Assistant,WHSmith Australia,failed|wp_post_failed,2026-09-11T23:45:57.687253,
e6e62fc956389f0a,https://au.linkedin.com/jobs/view/accountant-at-acca-careers-4455631461,Accountant,,scraped,2026-09-11T23:46:00.316527,
a222a027e1973a0d,https://au.linkedin.com/jobs/view/the-north-face-assistant-store-manager-homebush-at-the-north-face-4386811937,The North Face : Assistant Store Manager - Homebush,The North Face,failed|wp_post_failed,2026-09-11T23:46:12.970677,
d28232254825fd07,https://au.linkedin.com/jobs/view/store-manager-supre-birkenhead-at-cotton-on-group-4455216945,Store Manager - Supre Birkenhead,,scraped,2026-09-11T23:46:27.600867,
23c0a5b37064bbde,https://au.linkedin.com/jobs/view/sales-representative-entry-level-at-earlywork-4445867181,Sales Representative (Entry Level),,scraped,2026-09-11T23:46:34.045028,
65d187122761ab54,https://au.linkedin.com/jobs/view/planning-trading-executive-at-atomic-212%C2%BA-4464192811,Planning & Trading Executive,,scraped,2026-09-11T23:46:40.612457,
de74a0bf24421cc9,https://au.linkedin.com/jobs/view/cnc-machinist-at-sgs-4463012118,CNC Machinist,,scraped,2026-09-11T23:46:51.208773,
a616ecb48dfbba11,https://au.linkedin.com/jobs/view/accounts-payable-officer-at-7-eleven-australia-4464192865,Accounts Payable Officer,,scraped,2026-09-11T23:47:09.897986,
8c41c1cd73ed8741,https://au.linkedin.com/jobs/view/sales-development-specialist-at-xero-4464859231,Sales Development Specialist,,scraped,2026-09-11T23:47:16.480792,
84f75fa6987a21e1,https://au.linkedin.com/jobs/view/in-store-visual-merchandiser-bondi-junction-flagship-at-alo-4466053518,In-Store Visual Merchandiser - Bondi Junction (Flagship),ALO,failed|wp_post_failed,2026-09-11T23:47:29.663117,
4404a3c4d6054513,https://au.linkedin.com/jobs/view/chatswood-assistant-store-manager-at-skechers-australia-new-zealand-4463961162,Chatswood - Assistant Store Manager,,scraped,2026-09-11T23:47:32.277749,
9d0a684da0c83a1e,https://au.linkedin.com/jobs/view/motor-assessor-at-auto-general-australia-4445480092,Motor Assessor,,scraped,2026-09-11T23:47:48.839008,
1230ac762fb70c34,https://au.linkedin.com/jobs/view/expressions-of-interest-senior-auditors-at-bdo-in-australia-4409148344,Expressions of Interest | Senior Auditors,,scraped,2026-09-11T23:47:55.370789,
d2113bd8510865df,https://au.linkedin.com/jobs/view/business-development-representative-at-martian-logic-4462256805,Business Development Representative,,scraped,2026-09-11T23:48:04.727232,
3dc5373607c772d5,https://au.linkedin.com/jobs/view/mechanic-at-jax-tyres-auto-4462911170,Mechanic,,scraped,2026-09-11T23:48:11.290941,
6688b9e34ece58d1,https://au.linkedin.com/jobs/view/teacher-home-economics-at-catholic-education-western-australia-4466350886,Teacher (Home Economics),,scraped,2026-09-11T23:48:18.242993,
3bfda2c4c0b9e641,https://au.linkedin.com/jobs/view/service-technician-at-antojitos-mexicanos-la-jefa-4466027138,Service Technician,Antojitos Mexicanos La Jefa,failed|wp_post_failed,2026-09-11T23:48:45.408702,
e8f7e3ae5cc701e7,https://au.linkedin.com/jobs/view/pastry-chef-various-levels-black-star-pastry-hq-production-kitchen-alexandria-nsw-at-black-star-pastry-4463047900,"Pastry Chef (various levels) Black Star Pastry HQ (Production Kitchen), Alexandria NSW",,scraped,2026-09-11T23:48:47.993937,
b97fd88339acd918,https://au.linkedin.com/jobs/view/hair-and-beauty-retail-assistant-at-hairhouse-4464304292,Hair and Beauty Retail Assistant,,scraped,2026-09-11T23:48:54.570898,
17bc738a1053665a,https://au.linkedin.com/jobs/view/wine-merchant-dan-murphy-s-kingsford-at-dan-murphy-s-4446158708,Wine Merchant - Dan Murphy's Kingsford,,scraped,2026-09-11T23:49:17.207970,
259a9723ba98a49a,https://au.linkedin.com/jobs/view/store-manager-dan-murphy-s-doncaster-east-at-dan-murphy-s-4464913841,Store Manager - Dan Murphy's - Doncaster East,,scraped,2026-09-11T23:49:24.141823,
953a344a721fd663,https://au.linkedin.com/jobs/view/sales-travel-consultant-camberwell-vic-at-flight-centre-travel-group-4456464334,"Sales Travel Consultant - Camberwell, VIC",,scraped,2026-09-11T23:49:48.864019,
922723d8f494e751,https://au.linkedin.com/jobs/view/barista-early-mornings-at-guzman-y-gomez-mexican-kitchen-4463802294,Barista - Early Mornings,,scraped,2026-09-11T23:50:11.364472,
a447f956bfa0bfe9,https://au.linkedin.com/jobs/view/showroom-concierge-rosebury-at-reece-group-4464992223,Showroom Concierge - Rosebury,,scraped,2026-09-11T23:50:20.568813,
89538241d7e9295b,https://au.linkedin.com/jobs/view/assistant-manager-cavenagh-hotel-at-alh-hotels-4438110700,Assistant Manager - Cavenagh Hotel,,scraped,2026-09-11T23:50:38.746134,
f83baae77e327121,https://au.linkedin.com/jobs/view/housekeeping-supervisor-at-pullman-hotels-resorts-4464166196,Housekeeping Supervisor,,scraped,2026-09-11T23:50:45.283936,
1af06e5e8fb4c3bc,https://au.linkedin.com/jobs/view/kmart-karratha-department-manager-at-kmart-australia-limited-4453404872,Kmart Karratha - Department Manager,Kmart Australia Limited,failed|wp_post_failed,2026-09-11T23:51:00.688484,
c91e3aba7c5a35f1,https://au.linkedin.com/jobs/view/teacher-hass-at-catholic-education-western-australia-4465606635,Teacher (HASS),,scraped,2026-09-11T23:51:03.240860,
2285832d0a8cc966,https://au.linkedin.com/jobs/view/operations-support-engineer-at-serco-4446307196,Operations Support Engineer,Serco,failed|wp_post_failed,2026-09-11T23:51:19.381813,
2ddef83346454971,https://au.linkedin.com/jobs/view/surveyor-at-cgc-recruitment-4464334235,Surveyor,,scraped,2026-09-11T23:51:32.041923,
6b5959228b0d2d04,https://au.linkedin.com/jobs/view/customer-resolution-specialist-at-superloop-4436501946,Customer Resolution Specialist,,scraped,2026-09-11T23:51:39.398890,
0ba191e0819a8ecb,https://au.linkedin.com/jobs/view/account-executive-mid-market-at-zeller-4456183783,Account Executive (Mid-Market),,scraped,2026-09-11T23:51:47.873793,
7ad2bc27a347b905,https://au.linkedin.com/jobs/view/sales-coordinator-at-novotel-hotels-4464104884,Sales Coordinator,,scraped,2026-09-11T23:51:54.301444,
f797e9f9a19b85dc,https://au.linkedin.com/jobs/view/visual-merchandise-manager-at-myer-4464981411,Visual Merchandise Manager,,scraped,2026-09-11T23:52:01.702968,
392a983509c3cfb5,https://au.linkedin.com/jobs/view/growth-marketing-specialist-at-v-daq-4464815947,Growth Marketing Specialist,,scraped,2026-09-11T23:52:16.247045,
29d0f3e43efaad29,https://au.linkedin.com/jobs/view/property-investment-appointment-setter-at-metricon-4374243975,Property Investment Appointment Setter,Metricon,failed|wp_post_failed,2026-09-11T23:52:31.266326,
55f6ce415bf9a914,https://au.linkedin.com/jobs/view/retail-consultant-at-early-settler-4465147334,Retail Consultant,,scraped,2026-09-11T23:52:33.944412,
6a41b9af8896dd35,https://au.linkedin.com/jobs/view/expression-of-interest-accounting-professionals-business-advisory-at-rsm-australia-4466054355,Expression of Interest - Accounting Professionals | Business Advisory,,scraped,2026-09-11T23:52:41.088415,
5be6205cbb410aa1,https://au.linkedin.com/jobs/view/sales-executive-at-seven-west-media-4463981093,Sales Executive,,scraped,2026-09-11T23:52:47.988538,
be3e9f1076bd1c60,https://au.linkedin.com/jobs/view/store-manager-warringah-mall-at-pandora-4463576995,Store Manager (Warringah Mall),,scraped,2026-09-11T23:52:55.477122,
5aeaba78124d43f8,https://au.linkedin.com/jobs/view/administrator-at-superloop-4454961391,Administrator,,scraped,2026-09-11T23:53:12.787751,
a1ba1c7a97b258c5,https://au.linkedin.com/jobs/view/store-manager-at-metcash-4464422760,Store Manager,,scraped,2026-09-11T23:53:21.118955,
e9cd2522943b01fe,https://au.linkedin.com/jobs/view/excavator-operator-at-ld-total-4463240858,Excavator Operator,,scraped,2026-09-11T23:53:28.240863,
96c4f48ddd7d570c,https://au.linkedin.com/jobs/view/recruiter-at-blinq-4451974943,Recruiter,,scraped,2026-09-11T23:53:40.405262,
d26fd18b44c09752,https://au.linkedin.com/jobs/view/business-development-representative-commercial-at-birdeye-4113005398,Business Development Representative (Commercial),Birdeye,failed|wp_post_failed,2026-09-11T23:53:52.741706,
c5d9eef2a63d9c07,https://au.linkedin.com/jobs/view/junior-recruiter-at-teksystems-4462912850,Junior Recruiter,TEKsystems,failed|wp_post_failed,2026-09-11T23:54:07.247662,
ea606c8a528cd02a,https://au.linkedin.com/jobs/view/business-development-manager-at-a-haros-sons-earthmoving-pty-ltd-4463577093,Business Development Manager,A Haros &amp; Sons Earthmoving Pty Ltd,failed|wp_post_failed,2026-09-11T23:54:15.672721,
95c927025ffebc28,https://au.linkedin.com/jobs/view/talent-acquisition-partner-at-pax8-4423324885,Talent Acquisition Partner,Pax8,failed|wp_post_failed,2026-09-11T23:54:24.360489,
7cba2fdaa505ddde,https://au.linkedin.com/jobs/view/sales-development-representative-at-stripe-4454555348,Sales Development Representative,Stripe,failed|wp_post_failed,2026-09-11T23:54:32.914944,
eea40e6e493a851c,https://au.linkedin.com/jobs/view/accounts-payable-officer-at-linkforce-4464304535,Accounts Payable Officer,,scraped,2026-09-11T23:54:35.519594,
990915250932b754,https://au.linkedin.com/jobs/view/bid-writer-at-mcnab-4464843618,Bid Writer,,scraped,2026-09-11T23:54:41.861880,
7a1d4089346d41e4,https://au.linkedin.com/jobs/view/marketing-business-operations-coordinator-at-extranet-systems-4463577516,Marketing & Business Operations Coordinator,,scraped,2026-09-11T23:54:48.568686,
9ef1ae7daa7a5630,https://au.linkedin.com/jobs/view/installer-auto-electrician-at-cse-4463574944,Installer - Auto Electrician,,scraped,2026-09-11T23:55:06.159063,
20919697d8ef6ff0,https://au.linkedin.com/jobs/view/operations-courier-at-ups-4456084985,Operations Courier,UPS,failed|wp_post_failed,2026-09-11T23:55:18.253231,
e5e6aaef19ae645b,https://au.linkedin.com/jobs/view/mechanical-ballarat-at-mccain-foods-4464088631,Mechanical - Ballarat,,scraped,2026-09-11T23:55:20.938143,
19e212a1934eddb8,https://au.linkedin.com/jobs/view/business-development-representative-at-metcash-4465610063,Business Development Representative,,scraped,2026-09-11T23:55:27.667382,
93d048def4fe41c9,https://au.linkedin.com/jobs/view/domain-expert-accounting-practices-at-myob-4465372565,Domain Expert - Accounting Practices,,scraped,2026-09-11T23:55:34.555116,
8c48879081cbab71,https://au.linkedin.com/jobs/view/production-estimator-at-ability-works-australia-ltd-4388311336,Production Estimator,,scraped,2026-09-11T23:55:49.619234,
8b51dd6f41eb23cc,https://au.linkedin.com/jobs/view/reddy-express-mclaren-vale-customer-service-representative-at-otr-4462914526,Reddy Express Mclaren Vale - Customer Service Representative,,scraped,2026-09-11T23:55:56.332210,
87edfff8984d46fc,https://au.linkedin.com/jobs/view/senior-submissions-coordinator-at-abergeldie-complex-infrastructure-4466031897,Senior Submissions Coordinator,,scraped,2026-09-11T23:56:06.134776,
27811d26049ab792,https://au.linkedin.com/jobs/view/business-development-manager-at-hays-4463588970,Business Development Manager,,scraped,2026-09-11T23:56:15.685959,
eb9f63a389d7ba5d,https://au.linkedin.com/jobs/view/assistant-store-manager-shoes-sox-warringah-at-brand-collective-4461869846,Assistant Store Manager - Shoes & Sox Warringah,,scraped,2026-09-11T23:56:22.771301,
97aa03f7a83ee450,https://au.linkedin.com/jobs/view/retail-active-stylist-darwin-at-lorna-jane-4462939649,Retail Active Stylist - Darwin,,scraped,2026-09-11T23:56:31.019953,
5917a9026f79845d,https://au.linkedin.com/jobs/view/assistant-store-manager-at-mountain-warehouse-4463248455,Assistant Store Manager,,scraped,2026-09-11T23:57:03.597215,
30d8d9731627303b,https://au.linkedin.com/jobs/view/medium-rigid-mr-courier-at-fedex-australia-4466011075,Medium Rigid (MR) Courier,FedEx Australia,failed|wp_post_failed,2026-09-11T23:57:17.982259,
95388b04f2e39437,https://au.linkedin.com/jobs/view/principal-architect-azure-at-datacom-4455592423,Principal Architect - Azure,Datacom,failed|wp_post_failed,2026-09-11T23:57:30.199898,
7dc4956cf47e9a53,https://au.linkedin.com/jobs/view/store-leadership-opportunities-%E2%80%93-act-at-the-good-guys-4462289200,Store Leadership Opportunities – ACT,,scraped,2026-09-11T23:57:32.857917,
92a7b2dc4d6f6f4f,https://au.linkedin.com/jobs/view/full-time-sales-assistant-cannington-at-the-salvation-army-australia-4465607317,Full-Time Sales Assistant - Cannington,,scraped,2026-09-11T23:57:54.494878,
5d7100c82bef2c8d,https://au.linkedin.com/jobs/view/sales-representative-repco-burnie-at-gpc-asia-pacific-4464083283,Sales Representative Repco - Burnie,,scraped,2026-09-11T23:58:01.347659,
9e68f113f6324e83,https://au.linkedin.com/jobs/view/general-hand-sheeting-printing-at-smurfit-westrock-4465839656,General Hand - Sheeting & Printing,,scraped,2026-09-11T23:58:07.770467,
ae92c9c30a70b975,https://au.linkedin.com/jobs/view/skechers-sales-assistant-busselton-at-skechers-australia-new-zealand-4463461177,Skechers Sales Assistant - Busselton,,scraped,2026-09-11T23:58:14.610349,
b558bd13c78539cc,https://au.linkedin.com/jobs/view/jnr-account-executive-at-meltwater-4454992670,Jnr Account Executive*,Meltwater,failed|wp_post_failed,2026-09-11T23:58:26.648335,
02b0b6b7600ff0af,https://au.linkedin.com/jobs/view/recruitment-consultant-aq-16695-at-aquent-4462208091,Recruitment Consultant [AQ-16695],Aquent,failed|wp_post_failed,2026-09-11T23:58:45.227586,
a38f9ae984bfd429,https://au.linkedin.com/jobs/view/retail-active-stylist-carousel-at-lorna-jane-4464841440,Retail Active Stylist - Carousel,,scraped,2026-09-11T23:58:47.906197,
5c05408b41635303,https://au.linkedin.com/jobs/view/head-of-asset-allocation-jbwere-at-nab-4463985530,Head of Asset Allocation (JBWere),,scraped,2026-09-11T23:58:54.359961,
86a8bc094c90c7d7,https://au.linkedin.com/jobs/view/assistant-principal-assistant-principal-at-catholic-education-western-australia-4465894658,Assistant Principal (Assistant Principal),,scraped,2026-09-11T23:59:01.345176,
c884d6f6df7268ee,https://au.linkedin.com/jobs/view/full-time-sales-advisor-the-strand-melbourne-at-cos-4456467856,"Full Time Sales Advisor (The Strand, Melbourne)",COS,failed|wp_post_failed,2026-09-11T23:59:18.228809,
1edd577afcecf133,https://au.linkedin.com/jobs/view/product-architect-human-resource-at-technologyone-4466037642,Product Architect - Human Resource,TechnologyOne,failed|wp_post_failed,2026-09-11T23:59:37.949036,
8a3555c33be7326d,https://au.linkedin.com/jobs/view/bakery-assistant-manager-2ic-at-drakes-supermarkets-4464455764,Bakery Assistant Manager (2IC),,scraped,2026-09-11T23:59:40.619937,
6e05abc0b3172863,https://au.linkedin.com/jobs/view/user-experience-researcher-at-tait-communications-4462567843,User Experience Researcher,,scraped,2026-09-11T23:59:49.167098,
7458826bb7754774,https://au.linkedin.com/jobs/view/business-development-manager-at-signet-4463099107,Business Development Manager,,scraped,2026-09-11T23:59:57.561054,
5dced0cde820a861,https://au.linkedin.com/jobs/view/production-operator-at-metso-4461345626,Production Operator,,scraped,2026-09-12T00:00:04.651675,
748ab57d180760ad,https://au.linkedin.com/jobs/view/%E8%AE%BE%E8%AE%A1%E5%B8%88-4464542043,设计师,luxstyle,failed|wp_post_failed,2026-09-12T00:00:13.255550,
33b07dd84cfa72fe,https://au.linkedin.com/jobs/view/staff-production-engineer-at-canva-4462900093,Staff Production Engineer,,scraped,2026-09-12T00:00:17.880276,
687d0dc8786e8cdf,https://au.linkedin.com/jobs/view/broadcast-technologist-at-seven-west-media-4461887760,Broadcast Technologist,,scraped,2026-09-12T00:00:24.463247,
3587e1aa00395c39,https://au.linkedin.com/jobs/view/business-development-manager-at-wow-recruitment-4462941031,Business Development Manager,,scraped,2026-09-12T00:00:33.607827,
aa95f8a1b6ffb71e,https://au.linkedin.com/jobs/view/commercial-manager-at-rsgx-4463437063,Commercial Manager,,scraped,2026-09-12T00:00:40.493866,
ccb86870a7e2f286,https://au.linkedin.com/jobs/view/field-service-technician-at-onsite-rental-group-4463906827,Field Service Technician,,scraped,2026-09-12T00:00:49.361924,
f244f0b87c81d178,https://au.linkedin.com/jobs/view/hype-dc-assistant-store-manager-charlestown-at-hype-dc-pty-limited-4463810086,Hype DC Assistant Store Manager - Charlestown,HYPE DC Pty Limited,failed|wp_post_failed,2026-09-12T00:01:15.184134,
ce50357348a8bffb,https://au.linkedin.com/jobs/view/account-executive-anz-at-cyera-4464415278,Account Executive - ANZ,Cyera,failed|wp_post_failed,2026-09-12T00:01:23.811520,
e397c1be2111fec9,https://au.linkedin.com/jobs/view/staff-product-security-engineer-at-upguard-4464143959,Staff Product Security Engineer,UpGuard,failed|wp_post_failed,2026-09-12T00:01:32.417947,
4a9db4f2513d0a2f,https://au.linkedin.com/jobs/view/compliance-coordinator-at-vinarchy-4463235987,Compliance Coordinator,Vinarchy,failed|wp_post_failed,2026-09-12T00:01:50.865539,
7d3949b0764c0aec,https://au.linkedin.com/jobs/view/store-manager-bws-wintersun-drive-at-bws-4466058100,Store Manager - BWS - Wintersun Drive,,scraped,2026-09-12T00:01:53.479963,
bf8ffc5deaed67fe,https://au.linkedin.com/jobs/view/radiographer-at-radiology-victoria-4465616272,Radiographer,,scraped,2026-09-12T00:02:00.509176,
99bd52791e27293b,https://au.linkedin.com/jobs/view/assistant-restaurant-manager-at-zambrero-4462908190,Assistant Restaurant Manager,,scraped,2026-09-12T00:02:09.390857,
681cdb6123015901,https://au.linkedin.com/jobs/view/junior-accountant-dandenong-at-ashfords-4463923668,Junior Accountant - Dandenong,,scraped,2026-09-12T00:02:29.128463,
136eb6c83978ff2d,https://au.linkedin.com/jobs/view/paraplanner-at-macquarie-group-4409242331,Paraplanner,,scraped,2026-09-12T00:02:36.036067,
c6d6de7cf9b57da2,https://au.linkedin.com/jobs/view/site-reliability-engineer-infrastructure-at-tiktok-4462649063,Site Reliability Engineer - Infrastructure,TikTok,failed|wp_post_failed,2026-09-12T00:02:48.686288,
3a77df1cd76f4619,https://au.linkedin.com/jobs/view/housekeeping-attendant-melbourne-at-discovery-parks-4461866300,Housekeeping Attendant - Melbourne,,scraped,2026-09-12T00:02:51.234318,
52289097aa51a434,https://au.linkedin.com/jobs/view/assistant-store-manager-dan-murphy-s-kingsford-at-dan-murphy-s-4464985399,Assistant Store Manager - Dan Murphy's Kingsford,,scraped,2026-09-12T00:02:58.339025,
c18d5bb8a35e8dcd,https://au.linkedin.com/jobs/view/trades-assistant-steel-fabrication-of-vessels-exchangers-at-geelong-careers-4466413174,Trades Assistant: Steel Fabrication Of Vessels & Exchangers,Geelong Careers,failed|wp_post_failed,2026-09-12T01:58:54.420823,
52f500adb08ce5a7,https://au.linkedin.com/jobs/view/customer-sales-service-repco-footscray-full-time-at-repco-4464308055,Customer Sales & Service - Repco Footscray - Full time,Repco,failed|wp_post_failed,2026-09-12T01:59:08.055618,
3a2a3cbb6af686b7,https://au.linkedin.com/jobs/view/operations-courier-at-ups-4456201113,Operations Courier,UPS,failed|wp_post_failed,2026-09-12T01:59:58.563160,
6017a616aa091c4c,https://au.linkedin.com/jobs/view/graduate-surveyor-at-roblawmax-recruitment-4462572548,Graduate Surveyor,,scraped,2026-09-12T02:02:17.173166,
430d3eb7c6eb0954,https://au.linkedin.com/jobs/view/digital-functional-consultant-at-sonata-software-north-america-inc-4464967671,Digital Functional Consultant,Sonata Software North America Inc.,failed|wp_post_failed,2026-09-12T02:02:29.705757,
d6c1effae8bc8232,https://au.linkedin.com/jobs/view/behaviour-support-practitioner-at-limelight-people-4464078209,Behaviour Support Practitioner,,scraped,2026-09-12T02:03:50.318756,
1d66c7e8e4dbfc3a,https://au.linkedin.com/jobs/view/travel-advisor-toorak-vic-at-flight-centre-travel-group-4455269319,"Travel Advisor - Toorak, VIC",,scraped,2026-09-12T02:04:35.885444,
31a7edfb424c69dc,https://au.linkedin.com/jobs/view/smokemart-gift-box-orange-square-sales-assistant-at-smokemart-giftbox-4466039332,Smokemart & Gift Box Orange Square - Sales Assistant,,scraped,2026-09-12T06:39:55.929885,
8997e4f1e6437a47,https://au.linkedin.com/jobs/view/formworkers-ballestrin-at-mcmahon-services-4466027066,Formworkers - Ballestrin,,scraped,2026-09-12T06:40:02.021467,
058b0cdf2932f99e,https://au.linkedin.com/jobs/view/full-time-cook-ashmont-inn-hotel-motel-at-australia-chef-migration-4462564993,Full Time Cook - Ashmont Inn Hotel Motel,,scraped,2026-09-12T06:40:25.407651,
48be6f0aad973b56,https://au.linkedin.com/jobs/view/engineer-manager-ios-at-procreate-4345760260,Engineer Manager - iOS,,scraped,2026-09-12T06:40:33.263923,
ce74ea635cb8eddc,https://au.linkedin.com/jobs/view/principal-strategic-planner-contributions-at-city-of-newcastle-australia-4458904760,Principal Strategic Planner - Contributions,,scraped,2026-09-12T06:40:55.816508,
7edd50a5480354d3,https://au.linkedin.com/jobs/view/store-manager-brisbane-north-at-spotlight-retail-group-srg-4463014850,Store Manager - Brisbane North,,scraped,2026-09-12T06:41:03.254413,
5e8f27eba39b4865,https://au.linkedin.com/jobs/view/business-development-representative-bdr-at-acorn-4463238292,Business Development Representative (BDR),,scraped,2026-09-12T06:41:24.722462,
7396465b93cd5ba9,https://au.linkedin.com/jobs/view/ukg-dimensions-kronos-functional-consultant-at-speller-international-4462905546,UKG Dimensions (Kronos) Functional Consultant,,scraped,2026-09-12T06:41:31.209407,
2e914720921f86e9,https://au.linkedin.com/jobs/view/barista-at-iiqafgroup-4463022573,Barista,,scraped,2026-09-12T06:41:39.405805,
d770ad80eaf42916,https://au.linkedin.com/jobs/view/otr-pennant-hills-east-assistant-manager-at-otr-4463807659,OTR Pennant Hills East - Assistant Manager,,scraped,2026-09-12T06:41:58.302242,
735bfba68acff91a,https://au.linkedin.com/jobs/view/eoi-maintenance-team-members-at-ld-total-4463200423,EOI - Maintenance Team Members,,scraped,2026-09-12T06:42:07.638944,
ce08c0d3d375c8c7,https://au.linkedin.com/jobs/view/retail-active-stylist-macquarie-at-lorna-jane-4464978566,Retail Active Stylist - Macquarie,,scraped,2026-09-12T06:42:21.026222,
6125700f385c0cc0,https://au.linkedin.com/jobs/view/visual-merchandiser-broadway-at-h-m-4464906395,Visual Merchandiser - Broadway,H&M,failed|wp_post_failed,2026-09-12T06:42:36.391943,
87ffdc325de45c30,https://au.linkedin.com/jobs/view/business-development-representative-anz-at-proofpoint-4446734741,Business Development Representative ANZ,Proofpoint,failed|wp_post_failed,2026-09-12T06:42:53.312039,
91efdc5e8c074b3f,https://au.linkedin.com/jobs/view/bid-tendering-co-ordinator-at-hicks-civil-and-mining-4462944808,Bid & Tendering Co Ordinator,Hicks Civil And Mining,failed|wp_post_failed,2026-09-12T06:43:04.355100,
8760dbc81083b812,https://au.linkedin.com/jobs/view/sales-representative-at-hays-4457414876,Sales Representative,,scraped,2026-09-12T06:43:06.919384,
c0c642ab339ae385,https://au.linkedin.com/jobs/view/retail-active-stylist-castle-towers-at-lorna-jane-4462930667,Retail Active Stylist - Castle Towers,,scraped,2026-09-12T06:43:13.882479,
2e7c3d7fb22fb823,https://au.linkedin.com/jobs/view/electrician-at-amentum-4444986022,Electrician,Amentum,failed|wp_post_failed,2026-09-12T06:43:26.387714,
92f326aedd7d9769,https://au.linkedin.com/jobs/view/landscaper-at-civilandscape-4465307198,LANDSCAPER,,scraped,2026-09-12T06:43:28.887235,
d792e370eebae485,https://au.linkedin.com/jobs/view/store-manager-amx-wodonga-at-amx-superstores-4455255963,Store Manager - AMX Wodonga,AMX Superstores,failed|wp_post_failed,2026-09-12T06:44:05.856687,
abbf00550da54244,https://au.linkedin.com/jobs/view/kmart-perth-central-locations-department-manager-at-kmart-australia-limited-4463426266,Kmart Perth Central Locations - Department Manager,Kmart Australia Limited,failed|wp_post_failed,2026-09-12T06:44:35.340404,
bc0b0c0659011ca3,https://au.linkedin.com/jobs/view/estimator-at-fortis-talent-4463587006,Estimator,,scraped,2026-09-12T06:44:45.978305,
d3c7c98fb50cd830,https://au.linkedin.com/jobs/view/sales-attendant-at-karera-communications-4464505227,Sales Attendant,Karera Communications,failed|wp_post_failed,2026-09-12T06:44:59.356688,
56b4b97837e2bcdd,https://au.linkedin.com/jobs/view/sales-development-representative-sdr-at-carbonix-4465158786,Sales Development Representative (SDR),,scraped,2026-09-12T06:45:02.085613,
6f3f836cd4fcfd0c,https://au.linkedin.com/jobs/view/cyber-grc-manager-at-hays-4464302261,Cyber GRC Manager,,scraped,2026-09-12T06:45:12.619525,
ab0ead8ef70ca5b2,https://au.linkedin.com/jobs/view/general-assistant-at-musgrave-4465389129,General Assistant,,scraped,2026-09-12T06:45:19.428244,
301604cdb060a2f7,https://au.linkedin.com/jobs/view/delivery-future-apac-career-opportunities-at-axsium-group-4422215929,Delivery - Future APAC Career Opportunities,,scraped,2026-09-12T06:45:27.180074,
c534d0173c52cab7,https://au.linkedin.com/jobs/view/architect-at-phillips-smith-conwell-4464174964,Architect,,scraped,2026-09-12T06:45:45.424563,
27d50dc528ab1ab6,https://au.linkedin.com/jobs/view/retail-active-assistant-ecq-at-lorna-jane-4462923645,Retail Active Assistant - ECQ,,scraped,2026-09-12T06:45:53.754863,
d0ed18b1578219e7,https://au.linkedin.com/jobs/view/hype-dc-store-manager-canberra-central-at-hype-dc-pty-limited-4463801485,Hype DC - Store Manager Canberra Central,HYPE DC Pty Limited,failed|wp_post_failed,2026-09-12T06:47:13.306127,
82337cb60a3cb1b1,https://au.linkedin.com/jobs/view/platypus-assistant-store-manager-green-hills-at-platypus-shoes-4464433876,Platypus Assistant Store Manager - Green Hills,,scraped,2026-09-12T06:47:15.989772,
c06423b06101c221,https://au.linkedin.com/jobs/view/retail-assistant-manager-forrestdale-at-petstock-group-4464845026,Retail Assistant Manager | Forrestdale,,scraped,2026-09-12T06:47:22.577102,
7ea7ef857ca9a36c,https://au.linkedin.com/jobs/view/publican-kirribilli-hotel-at-alh-hotels-4456420793,Publican - Kirribilli Hotel,,scraped,2026-09-12T06:47:39.391474,
f148554b25df7322,https://au.linkedin.com/jobs/view/store-manager-dan-murphy-s-malvern-east-at-dan-murphy-s-4438162473,Store Manager - Dan Murphy's - Malvern East,,scraped,2026-09-12T06:47:45.869746,
42467e85e1d58693,https://au.linkedin.com/jobs/view/sales-travel-consultant-aspley-qld-at-flight-centre-4464067573,"Sales Travel Consultant - Aspley, QLD",,scraped,2026-09-12T06:47:52.774851,
ffe1b140aa1518b6,https://au.linkedin.com/jobs/view/golang-at-solarsys-innovations-private-ltd-4465147882,Golang,SolarSys Innovations Private Ltd,failed|wp_post_failed,2026-09-12T06:48:05.911943,
f5c9263caf3ab104,https://au.linkedin.com/jobs/view/commis-chef-at-westin-hotels-resorts-4465040307,Commis Chef,Westin Hotels &amp; Resorts,failed|wp_post_failed,2026-09-12T06:48:14.551015,
d4e905807a7d7891,https://au.linkedin.com/jobs/view/wanted-fire-breathing-sales-beast-at-kingkong-4463414834,Wanted: Fire-Breathing Sales Beast,,scraped,2026-09-12T06:48:29.239060,
56e5cd0115efbfe9,https://au.linkedin.com/jobs/view/carpenter-at-mcmahon-services-4466015905,Carpenter,,scraped,2026-09-12T06:48:35.572555,
3fb6c4ad514fcc67,https://au.linkedin.com/jobs/view/podiatrist-4462682900,Podiatrist,Happy Feet Podiatry,failed|wp_post_failed,2026-09-12T06:48:47.490833,
0945d3569d11296b,https://au.linkedin.com/jobs/view/sales-coordinator-at-crystalbrook-collection-4463963221,Sales Coordinator,,scraped,2026-09-12T06:48:50.116544,
68277b53357f4d37,https://au.linkedin.com/jobs/view/radiographer-at-victorian-imaging-specialists-4462266305,Radiographer,Victorian Imaging Specialists,failed|wp_post_failed,2026-09-12T06:49:16.866737,
7854925f4f6f5206,https://au.linkedin.com/jobs/view/teacher-mathematics-at-catholic-education-western-australia-4466090450,Teacher (Mathematics),,scraped,2026-09-12T06:49:19.485788,
0190d8c6ebc47258,https://au.linkedin.com/jobs/view/in-store-mortgage-broker-hobart-at-aussie-4464376796,In-store Mortgage Broker - Hobart,,scraped,2026-09-12T06:49:26.646018,
f8c6d6ab132198bc,https://au.linkedin.com/jobs/view/head-of-regulatory-affairs-at-nab-4462257079,Head of Regulatory Affairs,,scraped,2026-09-12T06:49:48.072837,
b09df2e32080afe3,https://au.linkedin.com/jobs/view/indoor-plant-technician-at-the-plant-man-4464839480,Indoor Plant Technician,,scraped,2026-09-12T06:49:54.564347,
dccc8ccebb4539c6,https://au.linkedin.com/jobs/view/experienced-signwriter-at-expressway-signs-printworks-4464163642,Experienced Signwriter,Expressway Signs & Printworks,failed|wp_post_failed,2026-09-12T06:50:10.638351,
c8efb3fcf87bbde2,https://au.linkedin.com/jobs/view/business-development-representative-apac-at-copado-4462537618,Business Development Representative - APAC,Copado,failed|wp_post_failed,2026-09-12T06:50:33.487516,
7fe310cd6bf9f83e,https://au.linkedin.com/jobs/view/bell-attendant-at-w-hotels-4464443535,Bell Attendant,W Hotels,failed|wp_post_failed,2026-09-12T06:50:42.182147,
e6f3e77000015678,https://au.linkedin.com/jobs/view/security-control-room-operator-at-securecorp-4465053686,Security Control Room Operator,,scraped,2026-09-12T06:50:44.796018,
4383608bafb2032d,https://au.linkedin.com/jobs/view/behaviour-support-practitioner-nowra-at-optimum-health-solutions-4464066448,Behaviour Support Practitioner | Nowra,,scraped,2026-09-12T06:51:09.023993,
83b462804b1bc03c,https://au.linkedin.com/jobs/view/expressions-of-interest-senior-auditors-at-bdo-in-australia-4409140932,Expressions of Interest | Senior Auditors,,scraped,2026-09-12T06:51:16.324812,
3499d5f0500107ca,https://au.linkedin.com/jobs/view/round-the-world-travel-consultant-%E2%80%93-flight-centre-%E2%80%93-victoria-at-flight-centre-4464460768,Round the World Travel Consultant – Flight Centre – Victoria,,scraped,2026-09-12T06:51:45.224266,
67a45806f15fea81,https://au.linkedin.com/jobs/view/assistant-manager-kirribilli-hotel-at-alh-hotels-4465607786,Assistant Manager - Kirribilli Hotel,,scraped,2026-09-12T06:52:08.098470,
801f6df6b34ae8d1,https://au.linkedin.com/jobs/view/buyer-s-agent-newcastle-at-aussie-4464387029,Buyer's Agent - Newcastle,,scraped,2026-09-12T06:52:14.408094,
0f0d70055ff9e8bd,https://au.linkedin.com/jobs/view/manager-corporate-tax-at-ey-4385042537,Manager - Corporate Tax,EY,failed|wp_post_failed,2026-09-12T06:52:31.470927,
69b85506eb6dd67c,https://au.linkedin.com/jobs/view/business-development-manager-at-hh-services-hospitality-4462907624,Business Development Manager,HH Services Hospitality,failed|wp_post_failed,2026-09-12T06:52:52.205781,
cd59b1d591cfced7,https://au.linkedin.com/jobs/view/assistant-store-manager-opsm-chatswood-nsw-at-opsm-4463209087,"Assistant Store Manager | OPSM | Chatswood, NSW",,scraped,2026-09-12T06:52:54.829417,
8e4f1d3b4bb21d9e,https://au.linkedin.com/jobs/view/business-security-consultant-south-bank-qld-at-flight-centre-travel-group-4444537833,"Business Security Consultant - South Bank, QLD",,scraped,2026-09-12T06:53:19.643227,
6c8395e6a3f05668,https://au.linkedin.com/jobs/view/operations-courier-at-ups-4456205029,Operations Courier,UPS,failed|wp_post_failed,2026-09-12T06:55:06.440885,
7e11bb93ebfda179,https://au.linkedin.com/jobs/view/financial-accountant-at-michael-page-4466057908,Financial Accountant,Michael Page,failed|wp_post_failed,2026-09-12T06:56:21.013179,
692d536f78007160,https://au.linkedin.com/jobs/view/recruitment-consultant-across-sectors-in-technology-finance-at-michael-page-4466050974,Recruitment Consultant across sectors in Technology & Finance,Michael Page,failed|wp_post_failed,2026-09-12T06:57:35.208045,
a4b366dde53c6dea,https://au.linkedin.com/jobs/view/project-manager-client-side-consultancy-at-hays-4464302143,Project Manager- Client Side Consultancy,,scraped,2026-09-12T06:57:37.995851,
5c0b9b1620476d36,https://au.linkedin.com/jobs/view/account-manager-at-mulpha-international-bhd-company-no-197401002704-19764-t-4466069791,Account Manager,,scraped,2026-09-12T06:57:44.670303,
07b04e8b56001abd,https://au.linkedin.com/jobs/view/physiotherapist-at-better-rehab-4464396719,Physiotherapist,,scraped,2026-09-12T06:57:53.642767,
c695320d16278341,https://au.linkedin.com/jobs/view/account-executive-at-moxiworks-4424500236,Account Executive,MoxiWorks,failed|wp_post_failed,2026-09-12T06:58:07.335510,
64f4969aaca7e745,https://au.linkedin.com/jobs/view/senior-product-manager-at-firemonkeys-4416818404,Senior Product Manager,,scraped,2026-09-12T06:58:09.984122,
5010a37866db2637,https://au.linkedin.com/jobs/view/senior-account-executive-at-precisely-4463234537,Senior Account Executive,Precisely,failed|wp_post_failed,2026-09-12T06:58:24.345891,
98f7581eb34811cd,https://au.linkedin.com/jobs/view/hype-dc-store-manager-mid-city-at-hype-dc-pty-limited-4463803444,Hype DC Store Manager - Mid City,HYPE DC Pty Limited,failed|wp_post_failed,2026-09-12T06:58:38.610564,
650f64b9606995b7,https://au.linkedin.com/jobs/view/team-member-dubbo-at-ampol-4463804314,Team Member - Dubbo,,scraped,2026-09-12T06:58:59.348883,
16f1937b570388a7,https://au.linkedin.com/jobs/view/internal-account-manager-girraween-new-south-wales-at-trend-windows-doors-4462247332,"Internal Account Manager Girraween, New South Wales",,scraped,2026-09-12T06:59:06.117358,
0f7e85214115549d,https://au.linkedin.com/jobs/view/fitter-at-sime-motors-australia-4458707113,Fitter,,scraped,2026-09-12T06:59:28.589111,
47f35461f040b0ce,https://au.linkedin.com/jobs/view/assistant-store-manager-cotton-on-geelong-mega-at-cotton-on-group-4457071300,Assistant Store Manager - Cotton On Geelong Mega,,scraped,2026-09-12T07:00:48.828797,
a779cd6073f73b42,https://au.linkedin.com/jobs/view/teacher-mathematics-at-catholic-education-western-australia-4465614582,Teacher (Mathematics),,scraped,2026-09-12T07:01:03.484191,
4916dceb741db8f1,https://au.linkedin.com/jobs/view/senior-payroll-officer-at-mcnab-4465421051,Senior Payroll Officer,,scraped,2026-09-12T07:01:10.381190,
947ae7c254b34827,https://au.linkedin.com/jobs/view/store-manager-at-trek-bicycle-4443216753,Store Manager,Trek Bicycle,failed|wp_post_failed,2026-09-12T07:01:23.426147,
7f008cb891331adf,https://au.linkedin.com/jobs/view/commercial-garden-and-lawn-maintenance-team-members-at-landscape-linkup-4464464574,Commercial Garden and Lawn Maintenance Team Members,Landscape LinkUP,failed|wp_post_failed,2026-09-12T07:01:32.154605,
e2ae16451364ed7c,https://au.linkedin.com/jobs/view/production-editor-at-standards-australia-4452895800,Production Editor,,scraped,2026-09-12T07:01:34.798747,
8e99bf4a78ae8fda,https://au.linkedin.com/jobs/view/pick-packer-at-kb-seafood-company-4463954405,Pick Packer,,scraped,2026-09-12T07:01:41.879523,
7a4a770c8982472b,https://au.linkedin.com/jobs/view/senior-mobility-specialist-at-datacom-4399209441,Senior Mobility Specialist,Datacom,failed|wp_post_failed,2026-09-12T07:01:59.183704,
acf30c87c86b158c,https://au.linkedin.com/jobs/view/cabinet-maker-euroline-at-euroline-pty-ltd-4461860885,Cabinet Maker - Euroline,,scraped,2026-09-12T07:02:07.751775,
b92e3947b1d0a2b7,https://au.linkedin.com/jobs/view/restoration-technician-at-unique-building-services-pty-ltd-4395234941,Restoration Technician,,scraped,2026-09-12T07:02:18.599501,
40488422d95feb08,https://au.linkedin.com/jobs/view/merchandiser-sutherland-shire-wollongong-at-coca-cola-europacific-partners-4464330584,Merchandiser - Sutherland Shire & Wollongong,Coca-Cola Europacific Partners,failed|wp_post_failed,2026-09-12T07:02:37.522091,
fd2bd9b9890fa87a,https://au.linkedin.com/jobs/view/planning-trading-executive-at-atomic-212%C2%BA-4464171716,Planning & Trading Executive,,scraped,2026-09-12T07:02:40.077007,
99316dd421ac2ae0,https://au.linkedin.com/jobs/view/principal-production-engineer-at-canva-4462916059,Principal Production Engineer,,scraped,2026-09-12T07:02:50.527673,
cf46b7c372afc054,https://au.linkedin.com/jobs/view/smokemart-gift-box-newman-shop-assistant-at-smokemart-giftbox-4465398923,Smokemart & Gift Box Newman - Shop Assistant,,scraped,2026-09-12T07:02:57.015668,
ed3bcacf69b9ebe9,https://au.linkedin.com/jobs/view/assistant-restaurant-manager-midland-at-nando-s-australia-new-zealand-4461118194,Assistant Restaurant Manager - Midland,,scraped,2026-09-12T07:03:03.501761,
e28cf5dc606aabe8,https://au.linkedin.com/jobs/view/store-manager-chapel-street-at-bailey-nelson-4461896254,Store Manager - Chapel Street,,scraped,2026-09-12T07:03:16.059016,
c38ece4060b0ae8f,https://au.linkedin.com/jobs/view/store-manager-williams-the-pines-at-munro-footwear-group-4461863912,Store Manager | Williams The Pines,,scraped,2026-09-12T07:03:22.747790,
6a1de3da70f3aa91,https://au.linkedin.com/jobs/view/political-reporter-canberra-at-the-west-australian-4449535169,Political Reporter - Canberra,,scraped,2026-09-12T07:03:31.156411,
e627be1d9a7cfb3c,https://au.linkedin.com/jobs/view/assistant-manager-palm-beach-hotel-at-alh-hotels-4427912852,Assistant Manager - Palm Beach Hotel,,scraped,2026-09-12T07:03:41.559174,
e649fe2ae80e981e,https://au.linkedin.com/jobs/view/senior-bookkeeper-at-austcorp-executive-4465021576,Senior Bookkeeper,,scraped,2026-09-12T07:03:48.129451,
f0ddef43ac44bc3b,https://au.linkedin.com/jobs/view/driver-rear-lift-at-cleanaway-waste-management-4462254766,Driver - Rear Lift,,scraped,2026-09-12T07:03:56.608451,
d129fecfa2bf7af4,https://au.linkedin.com/jobs/view/digital-marketing-specialist-at-searchability%C2%AE-4464080160,Digital Marketing Specialist,,scraped,2026-09-12T07:04:03.201241,
219e6d68deb81bf1,https://au.linkedin.com/jobs/view/employment-consultant-at-apm-employment-services-4462507305,Employment Consultant,,scraped,2026-09-12T07:04:10.256286,
11fae3ec855332e4,https://au.linkedin.com/jobs/view/account-executive-commercial-anz-at-jamf-4429509733,"Account Executive, Commercial, ANZ",Jamf,failed|wp_post_failed,2026-09-12T07:04:27.949879,
34c1527948a03fbf,https://au.linkedin.com/jobs/view/manager-transfer-pricing-brisbane-at-deloitte-4303778601,Manager | Transfer Pricing | Brisbane,Deloitte,failed|wp_post_failed,2026-09-12T07:04:36.652122,
ed8572e75713042e,https://au.linkedin.com/jobs/view/assistant-store-planner-at-wesfarmers-health-4463235317,Assistant Store Planner,,scraped,2026-09-12T07:04:39.324019,
e2ca1b846484b3d1,https://au.linkedin.com/jobs/view/mowing-team-leader-at-green-by-nature-4464092052,Mowing Team Leader,Green by Nature,failed|wp_post_failed,2026-09-12T07:04:52.523598,
48eb6b6af767b1a3,https://au.linkedin.com/jobs/view/senior-submissions-coordinator-at-abergeldie-complex-infrastructure-4466042099,Senior Submissions Coordinator,,scraped,2026-09-12T07:04:55.178490,
cbfa71594f09cf3f,https://au.linkedin.com/jobs/view/business-development-executive-architecture-design-apac-at-rendify-4463529752,"Business Development Executive, Architecture & Design (APAC)",,scraped,2026-09-12T07:05:04.589794,
3ab08429580c5d4f,https://au.linkedin.com/jobs/view/store-manager-upper-point-cook-at-aldi-stores-australia-4456470722,Store Manager - Upper Point Cook,,scraped,2026-09-12T07:05:11.266159,
8d44cc58d527291e,https://au.linkedin.com/jobs/view/manager-corporate-tax-at-ey-4385049247,Manager - Corporate Tax,EY,failed|wp_post_failed,2026-09-12T07:05:26.261543,
98376d29a1d82274,https://au.linkedin.com/jobs/view/customer-advocate-at-kore-4427809390,Customer Advocate,KORE,failed|wp_post_failed,2026-09-12T07:05:34.939596,
7b54333dfb1c5a10,https://au.linkedin.com/jobs/view/senior-lecturers-pharmacy-at-the-university-of-western-australia-4464466921,Senior Lecturers - Pharmacy,The University of Western Australia,failed|wp_post_failed,2026-09-12T07:05:45.579409,
e2f51eb4b9b3b19c,https://au.linkedin.com/jobs/view/garden-maintenance-team-member-at-green-by-nature-4457093102,Garden Maintenance Team Member,Green by Nature,failed|wp_post_failed,2026-09-12T07:05:54.257364,
73e0edadbd994115,https://au.linkedin.com/jobs/view/bartender-at-w-hotels-4456305389,Bartender,W Hotels,failed|wp_post_failed,2026-09-12T07:06:02.886477,
b41834fc3cabbeb0,https://au.linkedin.com/jobs/view/cook-breakfast-at-sofitel-4462925463,Cook | Breakfast,,scraped,2026-09-12T07:06:05.454008,
7e1fcb52aa114ffe,https://au.linkedin.com/jobs/view/electrician-at-saputo-inc-4457315051,Electrician,,scraped,2026-09-12T07:07:17.320191,
fdcc8a98ced58317,https://au.linkedin.com/jobs/view/store-business-manager-at-officeworks-4463423107,Store Business Manager,,scraped,2026-09-12T07:07:24.132662,
63e2e902a9e5fac4,https://au.linkedin.com/jobs/view/technical-lead-at-weave-recruitment-4461868848,Technical Lead,,scraped,2026-09-12T07:08:28.282401,
50d644121aca4e8d,https://au.linkedin.com/jobs/view/smokemart-giftbox-katherine-assistant-manager-at-smokemart-giftbox-4465020525,SmokeMart & GiftBox Katherine - Assistant Manager,,scraped,2026-09-12T07:08:34.826323,
556a45a670bcd2bd,https://au.linkedin.com/jobs/view/expression-of-interest-smg-studio-at-smg-studio-4439890165,Expression of Interest - SMG Studio,,scraped,2026-09-12T07:08:42.011171,
5a9083c54b63d452,https://au.linkedin.com/jobs/view/sales-travel-consultant-hallett-cove-sa-at-flight-centre-travel-group-4455261400,"Sales Travel Consultant - Hallett Cove, SA",,scraped,2026-09-12T07:08:49.196965,
d5b807d1db8b977f,https://au.linkedin.com/jobs/view/travel-advisor-west-lakes-sa-at-flight-centre-travel-group-4455261391,"Travel Advisor - West Lakes, SA",,scraped,2026-09-12T07:08:55.530719,
feecf2afe5e868de,https://au.linkedin.com/jobs/view/reddy-express-west-perth-assistant-manager-at-otr-4464167633,Reddy Express West Perth - Assistant Manager,,scraped,2026-09-12T07:09:01.847483,
bf0699dd3b1c6f23,https://au.linkedin.com/jobs/view/store-manager-at-bapcor-limited-4466042076,Store Manager,,scraped,2026-09-12T07:09:11.531403,
1d096bfb8b24126f,https://au.linkedin.com/jobs/view/customer-solutions-advisor-full-time-coomera-at-tpg-telecom-4464976245,Customer Solutions Advisor - Full Time - Coomera,,scraped,2026-09-12T07:09:18.426937,
4c49cd1a07f9f59f,https://au.linkedin.com/jobs/view/m365-architect-at-datacom-4464310136,M365 Architect,Datacom,failed|wp_post_failed,2026-09-12T07:09:35.777950,
3f42065678b40cad,https://au.linkedin.com/jobs/view/quotes-orders-coordinator-at-landscape-linkup-4464313207,Quotes & Orders Coordinator,Landscape LinkUP,failed|wp_post_failed,2026-09-12T07:09:44.508368,
d8414ba6f66a6bc2,https://au.linkedin.com/jobs/view/handyperson-at-pullman-hotels-resorts-4463201039,Handyperson,,scraped,2026-09-12T11:48:06.740432,
383cb76f72c668b1,https://au.linkedin.com/jobs/view/earn-more-at-nick-scali-store-manager-hobart-at-nick-scali-limited-4463423435,Earn more at Nick Scali - Store Manager - Hobart,,scraped,2026-09-12T11:48:27.364426,
b727234981a659e1,https://au.linkedin.com/jobs/view/sales-assistant-amx-pakenham-full-time-at-amx-superstores-4443219721,Sales Assistant - AMX Pakenham - Full Time,AMX Superstores,failed|wp_post_failed,2026-09-12T11:48:44.796074,
610702605b2c5413,https://au.linkedin.com/jobs/view/new-store-sports-direct-store-manager-blacktown-at-sports-direct-australia-4455234361,NEW STORE Sports Direct Store Manager - Blacktown,,scraped,2026-09-12T11:49:03.459880,
37338bbb4ba0ecf7,https://au.linkedin.com/jobs/view/aus-subtype-sales-assistant-expression-of-interest-at-subtype-store-4410958893,AUS Subtype Sales Assistant - Expression of Interest,Subtype Store,failed|wp_post_failed,2026-09-12T11:52:15.071562,
94918d3e158f6440,https://au.linkedin.com/jobs/view/government-account-executive-aus-at-askable-4454422650,Government Account Executive (AUS),,scraped,2026-09-12T11:52:57.827333,
a3f095ef8b6c0edf,https://au.linkedin.com/jobs/view/sales-engineer-survey-apac-at-trimble-inc-4371011211,Sales Engineer (Survey) APAC,Trimble Inc.,failed|wp_post_failed,2026-09-12T11:53:48.931084,
c9ad9a0df2f14c17,https://au.linkedin.com/jobs/view/store-manager-western-australia-expression-of-interest-at-aldi-stores-australia-4273863113,"Store Manager, Western Australia - Expression of Interest",,scraped,2026-09-12T11:55:39.550168,
fc8cfce2c5d5678d,https://au.linkedin.com/jobs/view/estimating-manager-at-w3global-4464835616,Estimating Manager,W3Global,failed|wp_post_failed,2026-09-12T11:56:26.584929,
b9c2677c9eb03f0f,https://au.linkedin.com/jobs/view/sales-manager-albury-at-the-good-guys-4443220041,Sales Manager - Albury,,scraped,2026-09-12T11:56:41.165414,
1837bcb0fcea9289,https://au.linkedin.com/jobs/view/customer-solutions-advisor-full-time-innaloo-at-tpg-telecom-4464186947,Customer Solutions Advisor - Full Time - Innaloo,,scraped,2026-09-12T11:59:26.460385,
e2ae11e4f3e03e6c,https://au.linkedin.com/jobs/view/gardener-at-green-by-nature-4447508497,Gardener,Green by Nature,failed|wp_post_failed,2026-09-12T11:59:42.429190,
0fa710caffc38722,https://au.linkedin.com/jobs/view/assistant-store-manager-chadstone-at-swarovski-4464630147,Assistant Store Manager - Chadstone,SWAROVSKI,failed|wp_post_failed,2026-09-12T12:00:29.595832,
0181ec30b9791b88,https://au.linkedin.com/jobs/view/boardroom-waiter-at-allens-4456214840,Boardroom Waiter,,scraped,2026-09-12T12:01:00.184537,
0ba632c1d94b74f5,https://au.linkedin.com/jobs/view/aus-vans-sales-assistant-expression-of-interest-at-vans-australia-new-zealand-4410962276,AUS Vans Sales Assistant - Expression of Interest,Vans Australia / New Zealand,failed|wp_post_failed,2026-09-12T12:01:23.886456,
cacc3231c65944f3,https://au.linkedin.com/jobs/view/new-home-sales-consultant-property-consultant-adelaide-at-hickinbotham-group-4464222814,New Home Sales Consultant / Property Consultant Adelaide,,scraped,2026-09-12T12:02:14.546291,
fd66a4b7e3c12b3e,https://au.linkedin.com/jobs/view/retail-manager-sunshine-plaza-at-priceline-pharmacy-4464974450,Retail Manager - Sunshine Plaza,,scraped,2026-09-12T12:02:23.233290,
30e94e0e026cf589,https://au.linkedin.com/jobs/view/assistant-store-manager-tea-tree-plaza-at-lovisa-pty-ltd-4464964718,Assistant Store Manager | Tea Tree Plaza,,scraped,2026-09-12T12:02:32.813782,
1c480d6d776ea170,https://au.linkedin.com/jobs/view/room-attendant-at-accor-4462986918,Room Attendant,Accor,failed|wp_post_failed,2026-09-12T12:03:21.544070,
736e370212103653,https://au.linkedin.com/jobs/view/asphalt-road-workers-and-asphalt-paver-operators-needed-at-austcorp-executive-4465020599,Asphalt Road Workers and Asphalt Paver Operators NEEDED,,scraped,2026-09-12T14:36:02.932583,
707293f346f77497,https://au.linkedin.com/jobs/view/new-store-sports-direct-store-manager-frankston-at-sports-direct-australia-4447269011,NEW STORE Sports Direct Store Manager - Frankston,,scraped,2026-09-12T14:36:24.631961,
67072e668e049040,https://au.linkedin.com/jobs/view/baker-at-woolworths-group-4464070206,Baker,,scraped,2026-09-12T14:36:31.852149,
d118c7fe6a1e5dc0,https://au.linkedin.com/jobs/view/store-manager-west-gosford-at-spotlight-retail-group-srg-4463459153,Store Manager - West Gosford,,scraped,2026-09-12T14:36:38.898495,
01fedf7c0536cce0,https://au.linkedin.com/jobs/view/account-executive-smb-at-zeller-4418089692,Account Executive (SMB),,scraped,2026-09-12T14:37:03.286322,
a3b54ff77d79d8d0,https://au.linkedin.com/jobs/view/disability-support-worker-at-scope-aust-4465173992,Disability Support Worker,,scraped,2026-09-12T14:37:09.804034,
4d82ff3cd4a4cfbc,https://au.linkedin.com/jobs/view/aus-the-athlete-s-foot-sales-assistant-expression-of-interest-at-the-athlete-s-foot-australia-new-zealand-4409771030,AUS The Athlete's Foot Sales Assistant - Expression of Interest,,scraped,2026-09-12T14:37:30.282233,
76d9b1e90516fdb1,https://au.linkedin.com/jobs/view/stt-editor-at-epiq-4464836914,STT Editor,Epiq,failed|wp_post_failed,2026-09-12T14:39:45.437606,
f701ad04e50b00d9,https://au.linkedin.com/jobs/view/electrical-technician-at-sydney-airport-4455208938,Electrical Technician,,scraped,2026-09-12T14:42:10.338097,
5d2ada7c2d8df698,https://au.linkedin.com/jobs/view/assistant-manager-greenwood-tavern-at-alh-hotels-4445463895,Assistant Manager - Greenwood Tavern,,scraped,2026-09-12T14:43:09.147051,
e7731ef08c919e9c,https://au.linkedin.com/jobs/view/general-practitioner-at-ausdocs-holdings-group-4464427796,General Practitioner,,scraped,2026-09-12T14:43:15.648045,
ccefa6248ad0dd10,https://au.linkedin.com/jobs/view/business-development-manager-alexandria-flagship-showroom-at-coco-republic-4463237198,Business Development Manager | Alexandria Flagship Showroom,,scraped,2026-09-12T14:44:14.326029,
9f81c0d07dc96c05,https://au.linkedin.com/jobs/view/payroll-accountant-at-hunter-douglas-australia-4437357069,Payroll Accountant,,scraped,2026-09-12T14:44:25.828264,
501a7d3696b412f5,https://au.linkedin.com/jobs/view/recruitment-consultant-aq-17437-at-aquent-4464288205,Recruitment Consultant [AQ-17437],Aquent,failed|wp_post_failed,2026-09-12T14:44:55.109948,
1e1b23b9dff7d77c,https://au.linkedin.com/jobs/view/retail-manager-at-careeraiforge-4466489989,Retail Manager,careerAIForge,failed|wp_post_failed,2026-09-12T18:00:57.308671,
5b2d17bfbc7251b6,https://au.linkedin.com/jobs/view/general-practitioner-at-ausdocs-holdings-group-4464425827,General Practitioner,,scraped,2026-09-12T18:01:55.942436,
2847d58c8cc18d0f,https://au.linkedin.com/jobs/view/sign-installer-manufacturing-at-cv-services-group-4463247475,Sign Installer - Manufacturing,,scraped,2026-09-12T18:02:40.243434,
f03da4d4bfef4636,https://au.linkedin.com/jobs/view/sales-operations-estimator-at-coates-group-4437390234,"Sales Operations, Estimator",Coates Group,failed|wp_post_failed,2026-09-12T18:03:17.589046,
26494505ea7f1f42,https://au.linkedin.com/jobs/view/foreman-%24120m-project-eastern-suburbs-at-bluestone-recruitment-4463486052,Foreman - $120m Project - Eastern Suburbs,,scraped,2026-09-12T18:03:38.183658,
f390362e3a0e0fed,https://au.linkedin.com/jobs/view/account-executive-smb-at-connecteam-4389902713,Account Executive- SMB,Connecteam,failed|wp_post_failed,2026-09-12T18:03:51.738277,
7d83bfc3d08db44f,https://au.linkedin.com/jobs/view/in-store-mortgage-broker-hobart-at-aussie-4464380774,In-store Mortgage Broker - Hobart,,scraped,2026-09-12T18:04:08.453996,
d5e7ac8d948f29cb,https://au.linkedin.com/jobs/view/bookkeeper-at-hays-4464690601,Bookkeeper,,scraped,2026-09-12T18:04:15.651520,
c950e8e1a46d4b85,https://au.linkedin.com/jobs/view/gyprock-trade-store-manager-hobart-tas-at-csr-4462252709,"Gyprock Trade Store Manager (Hobart, TAS)",,scraped,2026-09-12T18:04:58.619270,
e94fbd79bb348a8d,https://au.linkedin.com/jobs/view/store-person-at-early-settler-4462937356,Store Person,,scraped,2026-09-12T18:05:06.127797,
94a2ae191d15b301,https://au.linkedin.com/jobs/view/retail-sales-assistant-warrnambool-at-petstock-group-4462587017,Retail Sales Assistant | Warrnambool,,scraped,2026-09-12T18:05:27.530266,
d528b4e1f19a96b0,https://au.linkedin.com/jobs/view/business-development-representative-at-diligent-4430111651,Business Development Representative,Diligent,failed|wp_post_failed,2026-09-12T18:05:42.749501,
963eb533b07dec88,https://au.linkedin.com/jobs/view/signwriter-at-todd-rogers-signs-4465025929,Signwriter,,scraped,2026-09-12T18:06:39.417947,
744a8bf0db63d10c,https://au.linkedin.com/jobs/view/restaurant-manager-at-the-tasman-a-luxury-collection-hotel-hobart-4464838620,Restaurant Manager,"The Tasman, a Luxury Collection Hotel, Hobart",failed|wp_post_failed,2026-09-12T18:06:55.275336,
0ae893814c44611a,https://au.linkedin.com/jobs/view/billings-and-systems-patient-accounts-clerk-at-qscan-group-4458090225,Billings and Systems / Patient Accounts Clerk,,scraped,2026-09-12T18:06:57.950661,
4fb501866fe84a39,https://au.linkedin.com/jobs/view/restaurant-retail-manager-at-guzman-y-gomez-mexican-kitchen-4463593803,Restaurant / Retail Manager,,scraped,2026-09-12T18:07:19.666480,
671dd535a8bf7464,https://au.linkedin.com/jobs/view/yard-assistant-maintenance-blacktown-at-busways-group-4464935064,Yard Assistant (Maintenance) - Blacktown,,scraped,2026-09-12T18:07:28.879365,
7cb3a644d9a00277,https://au.linkedin.com/jobs/view/assistant-store-manager-warrnambool-at-pandora-4463595459,Assistant Store Manager Warrnambool,,scraped,2026-09-12T18:07:36.634227,
af3d917e7c643d3f,https://au.linkedin.com/jobs/view/store-manager-garbutt-townsville-qld-at-beacon-lighting-4463427473,Store Manager Garbutt Townsville QLD,,scraped,2026-09-12T18:07:59.481169,
e089d7383c325d58,https://au.linkedin.com/jobs/view/critical-environment-technician-at-microsoft-4401738874,Critical Environment Technician,Microsoft,failed|wp_post_failed,2026-09-12T18:08:12.490053,
503128f3d3db9724,https://au.linkedin.com/jobs/view/sales-associate-swatch-tissot-dfo-south-wharf-at-swatch-4464955113,Sales Associate | Swatch & Tissot DFO South Wharf,Swatch,failed|wp_post_failed,2026-09-12T18:09:12.833113,
1a58e08e7818d755,https://au.linkedin.com/jobs/view/investment-banking-analyst-at-bell-potter-securities-4464159433,Investment Banking Analyst,,scraped,2026-09-12T18:09:15.648978,
28becfad14a0eef6,https://au.linkedin.com/jobs/view/store-team-member-at-woolworths-group-4466037721,Store Team Member,,scraped,2026-09-12T18:09:24.373777,
4a191237e46eec0d,https://au.linkedin.com/jobs/view/disability-support-worker-at-scope-aust-4462940478,Disability Support Worker,,scraped,2026-09-12T18:09:47.425058,
e38450898304ab78,https://au.linkedin.com/jobs/view/security-technician-at-austcorp-executive-4465603188,Security Technician,AustCorp Executive,failed|wp_post_failed,2026-09-12T18:10:05.783903,
11fa287fc9142704,https://au.linkedin.com/jobs/view/trade-counter-sales-launceston-tas-at-csr-4452215858,"Trade Counter Sales (Launceston, TAS)",,scraped,2026-09-12T18:10:44.557928,
4352784b8bb509cc,https://au.linkedin.com/jobs/view/sales-consultant-at-spotlight-retail-group-srg-4463925549,Sales Consultant,,scraped,2026-09-12T18:10:52.207993,
b51ada38cf807e48,https://au.linkedin.com/jobs/view/assistant-store-manager-bcf-rockingham-at-bcf-boating-camping-fishing-4437735427,Assistant Store Manager - BCF Rockingham,,scraped,2026-09-12T18:11:17.007591,
48c4ac2b4eb6e0e0,https://au.linkedin.com/jobs/view/molder-4464848806,Molder,Macform contracting group,failed|wp_post_failed,2026-09-12T18:11:28.490613,
eb07b09cab519abe,https://au.linkedin.com/jobs/view/motor-assessor-qld-at-auto-general-australia-4463829075,Motor Assessor QLD,,scraped,2026-09-12T18:11:31.311526,
5b52f317e985662d,https://au.linkedin.com/jobs/view/assistant-manager-alex-heads-hotel-at-alh-hotels-4411837549,Assistant Manager - Alex Heads Hotel,,scraped,2026-09-12T18:11:59.815552,
2fa34ea70b14dcb8,https://au.linkedin.com/jobs/view/assistant-store-manager-townsville-at-pandora-4463580648,Assistant Store Manager Townsville,,scraped,2026-09-12T18:12:18.389890,
757865d40e62e642,https://au.linkedin.com/jobs/view/travel-advisor-burnside-sa-at-flight-centre-travel-group-4455270354,"Travel Advisor - Burnside, SA",,scraped,2026-09-12T18:12:25.118820,
1eafa930aa5e601f,https://au.linkedin.com/jobs/view/sales-manager-campbelltown-at-the-good-guys-4463951836,Sales Manager - Campbelltown,,scraped,2026-09-12T18:12:43.619051,
018b763909d3e496,https://au.linkedin.com/jobs/view/field-technician-at-tabcorp-4466097553,Field Technician,Tabcorp,failed|wp_post_failed,2026-09-12T18:13:24.311613,
0403f027054b2344,https://au.linkedin.com/jobs/view/gluing-offsider-at-smurfit-westrock-4465828670,Gluing Offsider,,scraped,2026-09-12T18:13:27.172803,
45ac9cf264c55883,https://au.linkedin.com/jobs/view/store-manager-dfo-essendon-at-pandora-4463582708,Store Manager (DFO Essendon),,scraped,2026-09-12T18:13:33.710087,
2171beffd0dc284a,https://au.linkedin.com/jobs/view/assistant-manager-at-ksubi-4463040411,Assistant Manager,,scraped,2026-09-12T18:13:54.996672,
9f0b84f4d6f96b9e,https://au.linkedin.com/jobs/view/retail-manager-at-labour-support-group-4465191588,Retail Manager,,scraped,2026-09-12T18:14:03.034289,
3cc4cc92640c2ee5,https://au.linkedin.com/jobs/view/groundsperson-at-downer-4464424933,Groundsperson,,scraped,2026-09-12T18:14:12.460519,
b93f5a9031739928,https://au.linkedin.com/jobs/view/hydrogeology-opportunities-at-wga-wallbridge-gilbert-aztec-4458164490,Hydrogeology Opportunities,,scraped,2026-09-12T18:14:37.522052,
b3811dc55bd39967,https://au.linkedin.com/jobs/view/snr-critical-environment-technician-at-microsoft-4401735872,Snr Critical Environment Technician,Microsoft,failed|wp_post_failed,2026-09-12T18:15:07.802264,
a4464351afb63dcc,https://au.linkedin.com/jobs/view/hype-store-manager-sunshine-plaza-at-hype-dc-pty-limited-4456474126,Hype Store Manager - Sunshine Plaza,HYPE DC Pty Limited,failed|wp_post_failed,2026-09-12T18:15:19.979283,
42f2f52df39f11ea,https://au.linkedin.com/jobs/view/intermediate-accountant-at-mw-recruitment-4458931344,Intermediate Accountant,,scraped,2026-09-12T18:15:22.654395,
13468167df67f870,https://au.linkedin.com/jobs/view/in-store-mortgage-broker-launceston-at-aussie-4464369836,In-store Mortgage Broker - Launceston,,scraped,2026-09-12T18:16:41.863404,
b442440fd68c0ad3,https://au.linkedin.com/jobs/view/sales-development-representative-australia-at-creatio-4464118637,Sales Development Representative (Australia),Creatio,failed|wp_post_failed,2026-09-12T19:53:18.537145,
63a38ae2feafe0a3,https://au.linkedin.com/jobs/view/store-manager-kingaroy-at-spotlight-retail-group-srg-4463966848,Store Manager - Kingaroy,,scraped,2026-09-12T19:53:40.110440,
6e4c4c55830664b5,https://au.linkedin.com/jobs/view/store-manager-macpac-melbourne-cbd-at-macpac-ltd-4452232374,Store Manager - Macpac Melbourne CBD,,scraped,2026-09-12T19:54:09.003649,
47cf2afff3854a9a,https://au.linkedin.com/jobs/view/cyber-security-architect-at-bunnings-4456463187,Cyber Security Architect,Bunnings,failed|wp_post_failed,2026-09-12T19:54:42.838868,
2415ec00dcd77193,https://au.linkedin.com/jobs/view/assistant-store-manager-supercheap-auto-albury-at-supercheap-auto-4427483047,Assistant Store Manager - Supercheap Auto Albury,Supercheap Auto,failed|wp_post_failed,2026-09-12T19:55:14.810044,
665541b6a4e19a44,https://au.linkedin.com/jobs/view/mc-driver-at-rsgx-4466050195,MC Driver,,scraped,2026-09-12T19:55:17.412391,
6d4ef9999e230b41,https://au.linkedin.com/jobs/view/technician-at-team-inc-4428852174,Technician,"TEAM, Inc.",failed|wp_post_failed,2026-09-12T19:55:48.378780,
746a8792afb368b6,https://au.linkedin.com/jobs/view/full-time-store-manager-prouds-maitland-at-jpl-group-4463424101,Full Time Store Manager | Prouds Maitland,,scraped,2026-09-12T19:55:50.998388,
043777749cd2e2a6,https://au.linkedin.com/jobs/view/sales-assistant-amx-traralgon-full-time-at-amx-superstores-4464973838,Sales Assistant - AMX Traralgon - Full Time,AMX Superstores,failed|wp_post_failed,2026-09-12T19:56:26.654517,
bc5861d29099894c,https://au.linkedin.com/jobs/view/platypus-sales-assistant-blacktown-at-platypus-shoes-4464419969,Platypus Sales Assistant - Blacktown,,scraped,2026-09-12T19:56:47.367571,
2267f41556c5a26e,https://au.linkedin.com/jobs/view/estimating-manager-at-shape-australia-4462569981,Estimating Manager,,scraped,2026-09-12T19:57:03.722590,
e8c0876179d86f0d,https://au.linkedin.com/jobs/view/sales-assistant-newcastle-at-haymes-paint-4463017069,Sales Assistant - Newcastle,,scraped,2026-09-12T19:57:11.368097,
ec0207e64421e2cf,https://au.linkedin.com/jobs/view/sales-travel-consultant-whitford-city-wa-at-flight-centre-4456471839,"Sales Travel Consultant - Whitford City, WA",,scraped,2026-09-12T19:57:18.387945,
4aade655a25c3e5c,https://au.linkedin.com/jobs/view/store-manager-full-time-tamworth-at-lovisa-pty-ltd-4462585155,Store Manager | Full Time | Tamworth,,scraped,2026-09-12T19:57:25.542337,
67306c7b95d1bb63,https://au.linkedin.com/jobs/view/senior-estimator-at-mcmahon-services-4466024042,Senior Estimator,,scraped,2026-09-12T19:57:32.796565,
0bdd0c4ba9226637,https://au.linkedin.com/jobs/view/store-team-member-at-woolworths-group-4464471676,Store Team Member,,scraped,2026-09-12T19:57:50.537337,
910d4258f8ee5f8e,https://au.linkedin.com/jobs/view/new-store-sports-direct-department-manager-blacktown-at-sports-direct-australia-4455249317,NEW STORE Sports Direct Department Manager - Blacktown,,scraped,2026-09-12T19:57:57.994316,
f08caa9dd7f5c7cb,https://au.linkedin.com/jobs/view/proposal-process-lead-team-lead-aua-at-hatch-4455423616,"Proposal Process Lead & Team Lead, AUA",,scraped,2026-09-12T19:58:23.271140,
9d37f60cd7d7d4f1,https://au.linkedin.com/jobs/view/accounts-receivable-officer-at-michael-page-4466300735,Accounts Receivable Officer,Michael Page,failed|wp_post_failed,2026-09-12T19:58:38.006766,
2dfdcda053994579,https://au.linkedin.com/jobs/view/talent-specialist-trades-at-tecside-4464806964,Talent Specialist - Trades,,scraped,2026-09-12T19:58:54.667697,
b4dc85d4c400f7df,https://au.linkedin.com/jobs/view/groundskeeper-at-palm-lake-group-4464836936,Groundskeeper,,scraped,2026-09-12T19:59:02.730481,
585c15efb55c97a2,https://au.linkedin.com/jobs/view/new-store-opening%21-in-store-visual-merchandiser-sunshine-plaza-at-jd-sports-australia-new-zealand-4464867932,New Store Opening! - In-Store Visual Merchandiser - Sunshine Plaza,,scraped,2026-09-12T19:59:09.412181,
85464637c1ae1edd,https://au.linkedin.com/jobs/view/sales-representative-entry-level-at-earlywork-4445871165,Sales Representative (Entry Level),,scraped,2026-09-12T19:59:15.986058,
1754f09d8d664f82,https://au.linkedin.com/jobs/view/kmart-mackay-department-manager-at-kmart-australia-limited-4463089626,Kmart Mackay - Department Manager,Kmart Australia Limited,failed|wp_post_failed,2026-09-12T19:59:31.536005,
e2526e8cbf7ce439,https://au.linkedin.com/jobs/view/country-road-visual-merchandiser-miranda-nsw-at-country-road-group-4452194551,Country Road - Visual Merchandiser - Miranda - NSW,Country Road Group,failed|wp_post_failed,2026-09-12T20:00:29.812671,
28acf2d2c899d56c,https://au.linkedin.com/jobs/view/associate-client-solutions-at-glg-4288932917,"Associate, Client Solutions",GLG,failed|wp_post_failed,2026-09-12T20:00:38.839176,
c8a1fec112d6d440,https://au.linkedin.com/jobs/view/maintenance-technician-at-four-seasons-4465646715,Maintenance Technician,Four Seasons,failed|wp_post_failed,2026-09-12T20:00:51.432348,
dfc3b524ce786b65,https://au.linkedin.com/jobs/view/assistant-store-manager-brisbane-mall-at-skechers-australia-new-zealand-4452215839,Assistant Store Manager - Brisbane Mall,,scraped,2026-09-12T20:00:54.065581,
607332efab021b19,https://au.linkedin.com/jobs/view/general-practitioner-at-ausdocs-holdings-group-4464419888,General Practitioner,,scraped,2026-09-12T20:01:15.011300,
172e7c29f836382d,https://au.linkedin.com/jobs/view/principal-servicenow-engineer-discovery-at-westpac-group-4455212819,Principal ServiceNow Engineer - Discovery,,scraped,2026-09-12T20:01:21.403891,
3eb493d93d94d37a,https://au.linkedin.com/jobs/view/local-home-loan-specialist-caneland-central-mackay-at-queensland-country-bank-4415005656,Local Home Loan Specialist - Caneland Central Mackay,,scraped,2026-09-12T20:01:30.437503,
3ce6db0cca695d66,https://au.linkedin.com/jobs/view/general-practitioner-at-ausdocs-holdings-group-4464439146,General Practitioner,,scraped,2026-09-12T20:01:51.436563,
a31d97247d60e4a2,https://au.linkedin.com/jobs/view/qualified-turf-operator-at-serco-4455590739,Qualified Turf Operator,Serco,failed|wp_post_failed,2026-09-12T20:02:09.245059,
e98a7e0d3bc8529c,https://au.linkedin.com/jobs/view/account-executive-at-litmos-4464673861,Account Executive,Litmos,failed|wp_post_failed,2026-09-12T20:02:32.252863,
b883cc66ebba0b83,https://au.linkedin.com/jobs/view/associate-operations-at-wns-4464379369,Associate - Operations,WNS,failed|wp_post_failed,2026-09-12T20:02:41.044452,
d0398826bb2be735,https://au.linkedin.com/jobs/view/account-executive-large-enterprise-at-gartner-4446971332,"Account Executive, Large Enterprise",Gartner,failed|wp_post_failed,2026-09-12T20:02:49.909431,
f77a71a9376115d9,https://au.linkedin.com/jobs/view/labourer-at-civilandscape-4466460656,LABOURER,,scraped,2026-09-12T20:03:42.524780,
21ab02f844cf2d8a,https://au.linkedin.com/jobs/view/senior-bookkeeper-at-sharp-carter-4464087760,Senior Bookkeeper,,scraped,2026-09-12T20:03:52.024355,
beb10601e165cf93,https://au.linkedin.com/jobs/view/fcm-travel-consultant-roles-available-australia-wide-at-flight-centre-travel-group-4455268370,FCM - Travel Consultant - Roles Available Australia Wide,,scraped,2026-09-12T20:04:00.404271,
a9ddad3a52766c07,https://au.linkedin.com/jobs/view/restaurant-supervisor-waurn-ponds-at-mad-mex-4464702694,Restaurant Supervisor Waurn Ponds,,scraped,2026-09-12T20:04:06.885574,
ce5abf78aa68399a,https://au.linkedin.com/jobs/view/technical-support-analyst-at-super-retail-group-4462929449,Technical Support Analyst,,scraped,2026-09-12T20:04:15.113716,
7b87c8304b65a896,https://au.linkedin.com/jobs/view/case-manager-at-dxc-technology-4417160800,Case Manager,DXC Technology,failed|wp_post_failed,2026-09-12T20:04:42.690048,
5574b8537d7d381d,https://au.linkedin.com/jobs/view/teacher-hass-at-catholic-education-western-australia-4465606637,Teacher (HASS),,scraped,2026-09-12T20:04:45.359244,
fc41b62c04cd855a,https://au.linkedin.com/jobs/view/platypus-assistant-store-manager-craigieburn-at-platypus-shoes-4466032752,Platypus Assistant Store Manager - Craigieburn,,scraped,2026-09-12T20:04:52.657540,
4e35151a6080bf7a,https://au.linkedin.com/jobs/view/payroll-manager-at-tk-maxx-australia-4464837336,Payroll Manager,TK Maxx Australia,failed|wp_post_failed,2026-09-12T20:05:22.222825,
ef6f6664ec3379c8,https://au.linkedin.com/jobs/view/junior-dda-accessibility-consultant-at-salexo-consulting-4464176977,Junior DDA / Accessibility Consultant,,scraped,2026-09-12T20:05:24.805560,
67b45d04023090f4,https://au.linkedin.com/jobs/view/office-manager-at-hays-4464939251,Office Manager,,scraped,2026-09-12T20:05:35.453174,
80c19b924dfd8722,https://au.linkedin.com/jobs/view/public-areas-attendant-at-novotel-hotels-4462574285,Public Areas Attendant,,scraped,2026-09-12T20:05:58.742325,
9d90f2491032f818,https://au.linkedin.com/jobs/view/baker-at-woolworths-group-4464092059,Baker,,scraped,2026-09-12T20:06:06.773301,
3cb86cadb9a7037f,https://au.linkedin.com/jobs/view/venue-general-manager-at-teeg-4462998810,Venue General Manager,,scraped,2026-09-12T20:06:29.648356,
6128558ab22b276d,https://au.linkedin.com/jobs/view/helper-at-fieldcore-4399003844,Helper,FieldCore,failed|wp_post_failed,2026-09-12T20:06:43.275864,
4181df37cd16deb1,https://au.linkedin.com/jobs/view/assistant-restaurant-manager-morley-at-nando-s-australia-new-zealand-4463335421,Assistant Restaurant Manager - Morley,,scraped,2026-09-12T20:07:01.858546,
f1c422048fece0eb,https://au.linkedin.com/jobs/view/critical-environment-technician-at-microsoft-4464601032,Critical Environment Technician,Microsoft,failed|wp_post_failed,2026-09-12T20:07:14.577786,
575e9f2dba256e2c,https://au.linkedin.com/jobs/view/retail-store-manager-burleigh-heads-queensland-at-ghanda-clothing-4462531710,Retail Store Manager - Burleigh Heads QUEENSLAND,,scraped,2026-09-12T20:07:33.210423,
576dd318d0b21357,https://au.linkedin.com/jobs/view/human-resources-manager-%E2%80%93-wa-nt-at-rsgx-4465002082,Human Resources Manager – WA/NT,,scraped,2026-09-12T20:07:39.782587,
702db65facd54727,https://au.linkedin.com/jobs/view/kmart-melbourne-western-suburbs-store-manager-at-kmart-australia-limited-4427312957,Kmart Melbourne Western Suburbs - Store Manager,Kmart Australia Limited,failed|wp_post_failed,2026-09-12T20:08:35.381624,
7e845f425bfc6a94,https://au.linkedin.com/jobs/view/courier-at-fedex-australia-4466476261,Courier,FedEx Australia,failed|wp_post_failed,2026-09-12T20:09:29.713430,
2f03fa647b30404e,https://au.linkedin.com/jobs/view/senior-production-engineering-manager-at-canva-4462688909,Senior Production Engineering Manager,,scraped,2026-09-12T21:50:47.995766,
f3c3ade8aa401704,https://au.linkedin.com/jobs/view/sales-consultant-earn-more-at-plush-moorabbin-at-plush-think-sofas-4462269221,Sales Consultant - Earn More at Plush Moorabbin,,scraped,2026-09-12T21:52:28.495577,
7b5c6a6526a2e85a,https://au.linkedin.com/jobs/view/store-manager-albury-at-the-good-guys-4463959688,Store Manager - Albury,,scraped,2026-09-12T21:52:36.354364,
8b8c89238d0f0f85,https://au.linkedin.com/jobs/view/assistant-store-manager-hurstville-at-pandora-4463801037,Assistant Store Manager Hurstville,,scraped,2026-09-12T21:53:02.020168,
dc49a81466debb09,https://au.linkedin.com/jobs/view/intermediate-accountant-at-mw-recruitment-4464813657,Intermediate Accountant,,scraped,2026-09-12T21:53:26.852465,
5c92f12c370c51ab,https://au.linkedin.com/jobs/view/payroll-systems-administrator-at-sharp-carter-4465389122,Payroll Systems Administrator,,scraped,2026-09-12T21:53:51.085580,
0a3cc336868f7aab,https://au.linkedin.com/jobs/view/assistant-store-manager-at-coach-4442868557,Assistant Store Manager,Coach,failed|wp_post_failed,2026-09-12T21:54:05.538067,
772cf379c1aba753,https://au.linkedin.com/jobs/view/assistant-manager-rex-hotel-at-alh-hotels-4464989260,Assistant Manager - Rex Hotel,,scraped,2026-09-12T21:54:58.137736,
82cad9263b9c290f,https://au.linkedin.com/jobs/view/room-attendant-at-accor-4462683159,Room Attendant,Accor,failed|wp_post_failed,2026-09-12T21:55:14.187805,
afcc2e0eb7740460,https://au.linkedin.com/jobs/view/store-manager-dan-murphy-s-spotswood-at-dan-murphy-s-4465000053,Store Manager - Dan Murphy's - Spotswood,,scraped,2026-09-12T21:55:16.821599,
37f5fc3573575098,https://au.linkedin.com/jobs/view/receptionist-at-qscan-group-4460452330,Receptionist,,scraped,2026-09-12T21:55:27.900124,
7a3c556b6357a27c,https://au.linkedin.com/jobs/view/cook-marrickville-full-time-part-time-at-chargrill-charlie-s-4464291810,Cook - Marrickville Full-Time/Part-Time,,scraped,2026-09-12T21:56:17.947142,
c89f2997c13dac77,https://au.linkedin.com/jobs/view/operations-courier-at-ups-4456206022,Operations Courier,UPS,failed|wp_post_failed,2026-09-12T21:57:37.434499,
bc87b079253622c3,https://au.linkedin.com/jobs/view/portable-technician-at-chubb-fire-security-4410449751,Portable Technician,,scraped,2026-09-12T21:59:26.103719,
01e4065ede0e1599,https://au.linkedin.com/jobs/view/endpoint-engineering-architect-at-datacom-4420688856,Endpoint Engineering Architect,Datacom,failed|wp_post_failed,2026-09-12T22:00:02.493541,
5640d7e7db05c9af,https://au.linkedin.com/jobs/view/lead-application-designer-at-specsavers-4444508888,Lead Application Designer,,scraped,2026-09-12T22:01:41.102790,
ac69454b35ceb3be,https://au.linkedin.com/jobs/view/recruitment-consultant-at-searchability%C2%AE-4464394716,Recruitment Consultant,,scraped,2026-09-12T23:33:35.098554,
da4380820923821f,https://au.linkedin.com/jobs/view/senior-production-engineering-manager-at-canva-4462694873,Senior Production Engineering Manager,,scraped,2026-09-12T23:33:42.145384,
230c6116809e06a5,https://au.linkedin.com/jobs/view/automotive-assistant-at-carma-4453858639,Automotive Assistant,,scraped,2026-09-12T23:33:48.877664,
1c1759cf832ae292,https://au.linkedin.com/jobs/view/head-of-asset-allocation-jbwere-at-nab-4463974632,Head of Asset Allocation (JBWere),,scraped,2026-09-12T23:34:10.012507,
b5556533226f8354,https://au.linkedin.com/jobs/view/customer-service-executive-at-spaces-offices-co-working-meeting-rooms-4464098159,Customer Service Executive,,scraped,2026-09-12T23:34:16.850207,
66d24413e1d4321b,https://au.linkedin.com/jobs/view/store-supervisor-mount-gravatt-at-pop-mart-4445676303,Store Supervisor (Mount Gravatt),,scraped,2026-09-12T23:34:23.239307,
a05472fd0a0578ef,https://au.linkedin.com/jobs/view/baker-at-woolworths-group-4466713153,Baker,,scraped,2026-09-12T23:34:43.379265,
c838eb5d779c809b,https://au.linkedin.com/jobs/view/cleaner-4462654365,Cleaner,O’Neill’s Cleaning Co.,failed|wp_post_failed,2026-09-12T23:34:55.763170,
b8257d11755ad732,https://au.linkedin.com/jobs/view/hydrographer-at-hydro-tasmania-4436098248,Hydrographer,,scraped,2026-09-12T23:34:58.577666,
06fe7d6c7467674f,https://au.linkedin.com/jobs/view/industrial-machine-cleaner-at-kraft-heinz-4385657456,Industrial Machine Cleaner,Kraft Heinz,failed|wp_post_failed,2026-09-12T23:35:12.636896,
716ef72df5d67f89,https://au.linkedin.com/jobs/view/aus-dr-martens-sales-assistant-expression-of-interest-at-dr-martens-australia-new-zealand-4410945869,AUS Dr Martens Sales Assistant - Expression of Interest,,scraped,2026-09-12T23:35:23.289671,
f913629b7077988f,https://au.linkedin.com/jobs/view/rental-sales-agent-vehicle-detailer-at-sixt-australia-4464407441,Rental Sales Agent/Vehicle Detailer,,scraped,2026-09-12T23:35:32.059082,
e0a3b15fd4d4db48,https://au.linkedin.com/jobs/view/assistant-store-manager-cotton-on-casuarina-at-cotton-on-group-4438567251,Assistant Store Manager - Cotton On Casuarina,,scraped,2026-09-12T23:35:40.254793,
07f459c34a7b91e7,https://au.linkedin.com/jobs/view/sales-development-representative-at-ping-identity-4456457854,Sales Development Representative,Ping Identity,failed|wp_post_failed,2026-09-12T23:35:53.333057,
7627c6e68d573d68,https://au.linkedin.com/jobs/view/visual-merchandiser-karrinyup-at-h-m-4464071441,Visual Merchandiser - Karrinyup,H&M,failed|wp_post_failed,2026-09-12T23:36:05.104609,
2dbfb286ef91fad3,https://au.linkedin.com/jobs/view/platypus-assistant-store-manager-wagga-wagga-at-platypus-shoes-4465618244,Platypus Assistant Store Manager - Wagga Wagga,,scraped,2026-09-12T23:39:05.806209,
d465a9726fc1e1ba,https://au.linkedin.com/jobs/view/assistant-manager-toongabbie-hotel-at-alh-hotels-4457097302,Assistant Manager - Toongabbie Hotel,,scraped,2026-09-12T23:39:28.214484,
fc29e8abdd740c62,https://au.linkedin.com/jobs/view/kmart-broome-department-manager-at-kmart-australia-limited-4463421284,Kmart Broome - Department Manager,Kmart Australia Limited,failed|wp_post_failed,2026-09-12T23:39:44.084496,
c5d4f0114d6b1290,https://au.linkedin.com/jobs/view/retail-sales-travel-consultant-belmont-wa-at-flight-centre-travel-group-4455226827,"Retail Sales Travel Consultant - Belmont, WA",,scraped,2026-09-12T23:40:04.700505,
8dc3409757a74e2f,https://au.linkedin.com/jobs/view/aus-merrell-sales-assistant-expression-of-interest-at-merrell-australia-4410958879,AUS Merrell Sales Assistant - Expression of Interest,,scraped,2026-09-12T23:44:33.318270,
67f989682b45fef3,https://au.linkedin.com/jobs/view/assistant-restaurant-manager-marsden-park-at-zeus-street-greek-4464299726,Assistant Restaurant Manager Marsden Park,,scraped,2026-09-12T23:46:17.718858,
f9644e28876388a9,https://au.linkedin.com/jobs/view/people-culture-business-partner-at-benmax-4464330552,People & Culture Business Partner,,scraped,2026-09-13T01:49:06.802534,
4e6df88cb0e8d980,https://au.linkedin.com/jobs/view/field-technician-at-tabcorp-4466090697,Field Technician,Tabcorp,failed|wp_post_failed,2026-09-13T01:53:43.102534,
c3c7dd4f13b19320,https://au.linkedin.com/jobs/view/senior-gis-consultant-at-woolpert-4464306240,Senior GIS Consultant,Woolpert,failed|wp_post_failed,2026-09-13T01:53:56.020413,
a0fcf9362f6e18cb,https://au.linkedin.com/jobs/view/experienced-travel-consultant-flight-centre-melbourne-airport-at-flight-centre-travel-group-4455271330,Experienced Travel Consultant - Flight Centre - Melbourne Airport,,scraped,2026-09-13T01:54:18.536730,
7c4eea891e887cd8,https://au.linkedin.com/jobs/view/b2b-field-sales-representative-parramatta-at-strikeforce-amc-4466738670,B2B Field Sales Representative - Parramatta,,scraped,2026-09-13T06:55:12.826108,
10698d2370386a9b,https://au.linkedin.com/jobs/view/b2b-field-sales-representative-penrith-at-strikeforce-amc-4466743665,B2B Field Sales Representative - Penrith,,scraped,2026-09-13T06:57:47.411425,
700e7b4b5d00002b,https://au.linkedin.com/jobs/view/databricks-engineer-nv1-clearance-%24185k-%2B-super-at-hawksworth-4464510865,Databricks Engineer (NV1 Clearance) - $185k + super.,,scraped,2026-09-13T06:59:28.048126,
962414246ba08920,https://au.linkedin.com/jobs/view/aus-skechers-sales-assistant-expression-of-interest-at-skechers-australia-new-zealand-4408486231,AUS Skechers Sales Assistant - Expression of Interest,,scraped,2026-09-13T07:01:47.674334,
be42170987818d93,https://au.linkedin.com/jobs/view/beauty-therapist-at-lavender-nails-4465468254,Beauty Therapist,LAVENDER NAILS,failed|wp_post_failed,2026-09-13T07:02:48.403070,
40f32063f1bd2ceb,https://au.linkedin.com/jobs/view/general-manager-finance-at-one-click-life-4465461157,General Manager Finance,One Click Life,failed|wp_post_failed,2026-09-13T07:05:37.107703,
95196cb94e68a75c,https://au.linkedin.com/jobs/view/skilled-labourer-at-mcnab-4464976820,Skilled Labourer,,scraped,2026-09-13T07:05:47.694587,
678cc167556145f1,https://au.linkedin.com/jobs/view/restaurant-manager-woden-valley-act-australia-at-zeus-street-greek-4464700746,"Restaurant Manager Woden Valley, ACT, Australia",,scraped,2026-09-13T07:06:02.050601,
88ad0e131798b79a,https://au.linkedin.com/jobs/view/maintenance-crew-leader-at-scope-aust-4454238607,Maintenance Crew Leader,,scraped,2026-09-13T07:08:28.936952,
4741e95275257f85,https://au.linkedin.com/jobs/view/business-development-executive-at-liquid-learning-4462999955,Business Development Executive,Liquid Learning,failed|wp_post_failed,2026-09-13T07:08:44.619300,
262c4e1bfae6251c,https://au.linkedin.com/jobs/view/business-development-representative-anz-sydney-melbourne-at-jfrog-4419081262,"Business Development Representative, ANZ (Sydney/Melbourne)",JFrog,posted,2026-09-13T12:56:25.340059,19
24d78a38f75a65e2,https://au.linkedin.com/jobs/view/sales-consultant-at-spotlight-ltd-4463093658,Sales Consultant,,scraped,2026-09-13T12:59:40.098271,
63e31c377492bc3e,https://au.linkedin.com/jobs/view/gelato-makers-at-rivareno-gelato-australia-4465468828,Gelato Makers,,scraped,2026-09-13T13:00:26.959717,
f43612ee171f9ee4,https://au.linkedin.com/jobs/view/radiographer-graduate-level-at-i-med-radiology-network-4456206488,Radiographer - Graduate Level,,scraped,2026-09-13T13:00:35.819108,
70098b1e28a615a0,https://au.linkedin.com/jobs/view/garden-maintenance-team-member-at-green-by-nature-4457083180,Garden Maintenance Team Member,Green by Nature,posted,2026-09-13T13:01:31.011646,21
a1bf883112584242,https://au.linkedin.com/jobs/view/assistant-store-manager-mount-gravatt-at-pop-mart-4457097335,Assistant Store Manager (Mount Gravatt),,scraped,2026-09-13T13:01:33.641651,
ddf5a54ccae39f8c,https://au.linkedin.com/jobs/view/expression-of-interest-au-at-heidi-4369747980,Expression of Interest (AU),,scraped,2026-09-13T13:01:55.784902,
f40b007a81fa076a,https://au.linkedin.com/jobs/view/sales-development-representative-at-resonate-4427466360,Sales Development Representative,,scraped,2026-09-13T13:02:05.337364,
6b105fdea9b7d0c8,https://au.linkedin.com/jobs/view/store-manager-williams-innaloo-at-munro-footwear-group-4462561360,Store Manager | Williams Innaloo,,scraped,2026-09-13T13:02:31.995552,
432d821c26c4aaa4,https://au.linkedin.com/jobs/view/aus-platypus-sales-assistant-expression-of-interest-at-platypus-shoes-4410963231,AUS Platypus Sales Assistant - Expression of Interest,,scraped,2026-09-13T13:02:40.506362,
c5ff1ceb4aca0e69,https://au.linkedin.com/jobs/view/retail-store-manager-dubbo-new-south-wales-act-at-ghanda-clothing-4462555679,Retail Store Manager -   Dubbo NEW SOUTH WALES/ACT,,scraped,2026-09-13T13:03:45.285298,
0f43ba191b558961,https://au.linkedin.com/jobs/view/aus-hype-dc-sales-assistant-expression-of-interest-at-hype-dc-pty-limited-4410959898,AUS Hype DC Sales Assistant - Expression of Interest,HYPE DC Pty Limited,posted,2026-09-13T13:05:34.138465,23
a3824db1475e49ca,https://au.linkedin.com/jobs/view/retail-team-member-opportunities-full-time-part-time-%E2%80%93-canberra-area-at-jb-hi-fi-4464718314,Retail Team Member Opportunities (Full-Time & Part-Time) – Canberra Area,,scraped,2026-09-13T13:06:34.855584,
b4b48e359301966d,https://au.linkedin.com/jobs/view/store-manager-every-sunday-off-melton-at-the-reject-shop-4405516972,"Store Manager, Every Sunday Off, Melton",,scraped,2026-09-13T13:07:13.657045,
fe572261aa4fa327,https://au.linkedin.com/jobs/view/first-nations-employment-consultant-identified-role-at-apm-employment-services-4307563713,First Nations Employment Consultant (Identified Role),,scraped,2026-09-13T13:08:02.219793,
9fa4f54522c19c84,https://au.linkedin.com/jobs/view/administration-assistant-at-procare-group-4464077616,Administration Assistant,,scraped,2026-09-13T13:09:03.922996,
d513f035c4299758,https://au.linkedin.com/jobs/view/blaster-painter-at-duratec-4452551363,Blaster Painter,,scraped,2026-09-13T13:10:18.682022,
3e1224aa02c09ac2,https://au.linkedin.com/jobs/view/retail-cluster-visual-merchandiser-mackay-at-seed-heritage-4464926473,Retail Cluster Visual Merchandiser - Mackay,Seed Heritage,posted,2026-09-13T17:09:31.004124,25
bed3e8c3e190b845,https://au.linkedin.com/jobs/view/revenue-manager-at-xe-com-4464523074,Revenue Manager,,scraped,2026-09-13T17:10:25.757350,
d30927747fe698d9,https://au.linkedin.com/jobs/view/business-development-executive-at-broadway-express-4419013536,Business Development Executive,,scraped,2026-09-13T17:11:32.112261,
6a00a4d2e477ebf3,https://au.linkedin.com/jobs/view/estimator-at-shape-australia-4462933029,Estimator,,scraped,2026-09-13T17:11:38.327981,
a4380de9ea1b8c0e,https://au.linkedin.com/jobs/view/account-executive-strategic-sydney-or-melbourne-australia-at-figma-4455603922,"Account Executive, Strategic (Sydney or Melbourne, Australia)",Figma,posted,2026-09-13T17:12:11.512129,27
ce05c0ba487ef925,https://au.linkedin.com/jobs/view/in-store-visual-merchandiser-rebel-rcx-fountain-gate-central-new-store-at-rebel-sport-4446020946,In-Store Visual Merchandiser - rebel rCX Fountain Gate Central * New Store*,,scraped,2026-09-13T17:12:24.052359,
96e785915166d983,https://au.linkedin.com/jobs/view/foreign-currency-sales-consultant-full-time-%E2%80%93-west-lakes-adelaide-at-flight-centre-travel-group-4463822006,"Foreign Currency Sales Consultant (Full Time) – West Lakes, Adelaide",,scraped,2026-09-13T17:13:00.757351,
f38a3fb7967c6cfa,https://au.linkedin.com/jobs/view/otr-pennant-hills-west-assistant-manager-at-otr-4463819463,OTR Pennant Hills West - Assistant Manager,,scraped,2026-09-13T17:13:13.365049,
3f35d0c765126e10,https://au.linkedin.com/jobs/view/grader-operator-at-maca-4382567361,Grader Operator,MACA,posted,2026-09-13T17:14:45.632792,29
d3a82dfd5ba57c24,https://au.linkedin.com/jobs/view/director-cyber-operations-at-live-nation-apac-4464990329,Director - Cyber Operations,,scraped,2026-09-13T17:15:14.235796,
31f2a1192095b673,https://au.linkedin.com/jobs/view/payroll-officer-at-sharp-carter-4466764207,Payroll Officer,,scraped,2026-09-13T17:15:31.834409,
b8d109e14e4f853b,https://au.linkedin.com/jobs/view/assistant-manager-norwood-hotel-at-alh-hotels-4456723260,Assistant Manager - Norwood Hotel,,scraped,2026-09-13T17:16:35.320017,
96ae374bc26cbb43,https://au.linkedin.com/jobs/view/mlops-engineer-at-7-eleven-australia-4465476988,MLOps Engineer,,scraped,2026-09-13T17:19:09.863253,
333c3aaaf2374b9b,https://au.linkedin.com/jobs/view/senior-or-associate-earthing-engineer-at-jacobs-4447250946,Senior or Associate Earthing Engineer,Jacobs,posted,2026-09-13T17:22:35.428032,31
6b55832ce3698223,https://au.linkedin.com/jobs/view/sales-executive-at-win-television-4465619960,Sales Executive,,scraped,2026-09-13T17:23:04.145405,
cf247a17eefa0f53,https://au.linkedin.com/jobs/view/assistant-restaurant-manager-at-grill-d-4329991232,Assistant Restaurant Manager,,scraped,2026-09-13T17:23:30.453553,
778611a2970c2716,https://au.linkedin.com/jobs/view/assistant-manager-albion-hotel-at-alh-hotels-4430905451,Assistant Manager - Albion Hotel,,scraped,2026-09-13T17:24:06.490266,
1136c9f2703cbc60,https://au.linkedin.com/jobs/view/retail-assistant-store-manager-cairns-central-at-spendless-shoes-4464736663,Retail Assistant Store Manager Cairns Central,,scraped,2026-09-13T20:00:37.216799,
bb7786e5340c90fa,https://au.linkedin.com/jobs/view/showroom-consultant-fortitude-valley-queensland-at-stegbar-4464754551,"Showroom Consultant Fortitude Valley, Queensland",,scraped,2026-09-13T20:01:09.430734,
52eac95233523e72,https://au.linkedin.com/jobs/view/foreperson-at-civilandscape-4466793351,FOREPERSON,,scraped,2026-09-13T20:02:38.396614,
6b7cd891a264bd3e,https://au.linkedin.com/jobs/view/valuer-hotels-at-colliers-4380180183,Valuer | Hotels,,scraped,2026-09-13T20:08:59.875220,
2067a38289ee696e,https://au.linkedin.com/jobs/view/assistant-restaurant-manager-hamilton-at-zeus-street-greek-4464750597,Assistant Restaurant Manager Hamilton,,scraped,2026-09-13T20:09:15.664478,
f2b0800ac4ae7f22,https://au.linkedin.com/jobs/view/game-designer-at-aristocrat-4465457939,Game Designer,,scraped,2026-09-13T20:09:51.412952,
9d14fe28e6586764,https://au.linkedin.com/jobs/view/store-manager-elsternwick-full-time-at-chargrill-charlie-s-4464755543,Store Manager - Elsternwick Full-Time,,scraped,2026-09-13T21:58:44.891751,
522ac40b4919da13,https://au.linkedin.com/jobs/view/landscaper-at-civilandscape-4466796331,LANDSCAPER,,scraped,2026-09-13T21:59:09.687091,
2c7160bcddd35be5,https://au.linkedin.com/jobs/view/visual-merchandiser-canberra-at-h-m-4466790582,Visual Merchandiser - Canberra,H&M,posted,2026-09-13T22:00:16.237751,33
e76170e80f9e44bf,https://au.linkedin.com/jobs/view/client-success-manager-at-searchability%C2%AE-4465620110,Client Success Manager,,scraped,2026-09-13T22:03:34.973020,
04ff72475f26b507,https://au.linkedin.com/jobs/view/sales-development-representative-at-wow-recruitment-4465487311,Sales Development Representative,,scraped,2026-09-13T23:46:12.434676,
30bda78eaef04133,https://au.linkedin.com/jobs/view/sales-development-representative-at-firmable-4462735306,Sales Development Representative,,scraped,2026-09-13T23:49:21.460584,
762514ba034ac805,https://au.linkedin.com/jobs/view/department-manager-hornsby-at-spotlight-ltd-4462271096,Department Manager- Hornsby,,scraped,2026-09-13T23:50:58.220534,
d1655ef3a7918977,https://au.linkedin.com/jobs/view/project-manager-at-whizdom-4465486306,Project Manager,,scraped,2026-09-13T23:54:30.464600,
4b0ec7b4f9dadec7,https://au.linkedin.com/jobs/view/recruitment-search-partner-at-reo-group-4465487342,Recruitment Search Partner,,scraped,2026-09-13T23:57:49.079014,
f0f588bdee185aa0,https://au.linkedin.com/jobs/view/account-coordinator-at-wow-recruitment-4465700335,Account Coordinator,,scraped,2026-09-14T02:04:54.569423,
84000c4afaf25314,https://au.linkedin.com/jobs/view/store-manager-at-specsavers-4467004185,Store Manager,,scraped,2026-09-14T02:05:37.740094,
2222d2d58601e14e,https://au.linkedin.com/jobs/view/field-technician-at-tabcorp-4467021014,Field Technician,Tabcorp,posted,2026-09-14T02:06:48.974571,35
f4458741281de545,https://au.linkedin.com/jobs/view/retail-store-manager-at-jivaro-recruitment-4467012125,Retail Store Manager,,scraped,2026-09-14T02:07:39.582550,
01ac8ace6acddf67,https://au.linkedin.com/jobs/view/maintenance-fitter-at-blackbook-recruitment-4464762096,Maintenance Fitter,,scraped,2026-09-14T02:09:22.708308,
501090a33d19e82d,https://au.linkedin.com/jobs/view/business-development-executive-at-teltonika-4461017804,Business Development Executive,,scraped,2026-09-14T02:09:47.549229,
979451d593e62640,https://au.linkedin.com/jobs/view/fresh-manager-at-woolworths-group-4466789735,Fresh Manager,,scraped,2026-09-14T02:13:56.470078,
24bd17215b3ad8cb,https://au.linkedin.com/jobs/view/precedent-developer-melbourne-at-hwle-lawyers-4465497708,Precedent Developer - Melbourne,,scraped,2026-09-14T07:29:34.016550,
2f7fb3f81e90d70b,https://au.linkedin.com/jobs/view/optometrist-at-specsavers-4466794817,Optometrist,,scraped,2026-09-14T07:29:45.029506,
dc9df594788da803,https://au.linkedin.com/jobs/view/sales-development-representative-at-ninjaone-4467048491,Sales Development Representative,NinjaOne,posted,2026-09-14T07:30:40.378143,37
51c36a225564c39e,https://au.linkedin.com/jobs/view/pricing-analyst-at-bgis-4465723008,Pricing Analyst,,scraped,2026-09-14T07:31:01.066341,
89b782be5a57705d,https://au.linkedin.com/jobs/view/shop-assistant-isle-of-capri-at-harris-farm-markets-4462556417,Shop Assistant - Isle Of Capri,,scraped,2026-09-14T07:31:25.269004,
8115fb2ffba72333,https://au.linkedin.com/jobs/view/sports-direct-assistant-store-manager-chatswood-at-sports-direct-australia-4467033334,Sports Direct Assistant Store Manager - Chatswood,,scraped,2026-09-14T07:31:36.833092,
e2311e9294e0ba2b,https://au.linkedin.com/jobs/view/bus-detailer-at-kinetic-4467030772,Bus Detailer,,scraped,2026-09-14T07:32:01.616209,
c6bd654dabe2425f,https://au.linkedin.com/jobs/view/senior-estimator-at-paynter-dixon-4465727020,Senior Estimator,,scraped,2026-09-14T07:32:10.029302,
3acc8eb8e3385648,https://au.linkedin.com/jobs/view/building-estimator-at-design-build-recruitment-4464781567,Building Estimator,,scraped,2026-09-14T07:32:22.786319,
83332a6204dc7dc2,https://au.linkedin.com/jobs/view/rental-sales-agent-at-sixt-australia-4467044263,Rental Sales Agent,,scraped,2026-09-14T07:32:45.413349,
2656035e6f8d5265,https://au.linkedin.com/jobs/view/hype-dc-store-manager-hurstville-at-hype-dc-pty-limited-4467042256,Hype DC - Store Manager Hurstville,HYPE DC Pty Limited,posted,2026-09-14T07:33:08.257926,39
db1378d15f2f5ce0,https://au.linkedin.com/jobs/view/front-of-house-assistant-corporate-waiter-at-herbert-smith-freehills-kramer-4465732233,Front of House Assistant / Corporate Waiter,Herbert Smith Freehills Kramer,posted,2026-09-14T07:34:29.575823,41
b8a48c59fc811cb3,https://au.linkedin.com/jobs/view/store-manager-macpac-uni-hill-dfo-at-macpac-ltd-4428227613,Store Manager - Macpac Uni Hill DFO,,scraped,2026-09-14T07:34:56.129935,
9ef45643656a757e,https://au.linkedin.com/jobs/view/hcm-solution-consultant-at-workday-4464771555,HCM Solution Consultant,Workday,posted,2026-09-14T07:35:16.919639,43
341ff0152c3c4551,https://au.linkedin.com/jobs/view/manager-erp-package-applications-at-dxc-technology-4465484844,Manager ERP Package Applications,DXC Technology,posted,2026-09-14T07:36:01.880428,45
625fe7fd1ffca7ad,https://au.linkedin.com/jobs/view/credit-controller-at-vela-apx-4464777190,Credit Controller,,scraped,2026-09-14T07:36:34.456624,
81213c07b7d8d083,https://au.linkedin.com/jobs/view/reward-partner-at-canva-4467042730,Reward Partner,Canva,posted,2026-09-14T07:36:55.542208,47
a2b26e043d1d8bca,https://au.linkedin.com/jobs/view/parking-officer-at-bayside-council-nsw-4464781431,Parking Officer,,scraped,2026-09-14T07:37:20.151307,
cba68252634d4551,https://au.linkedin.com/jobs/view/maintenance-service-person-at-northern-star-resources-limited-4466784824,Maintenance Service Person,,scraped,2026-09-14T07:37:26.759748,
e94bee3538dad1df,https://au.linkedin.com/jobs/view/kitchen-team-member-alligator-creek-at-ampol-4467037633,Kitchen Team Member - Alligator Creek,,scraped,2026-09-14T07:37:41.224128,
2ef066a54e4041ed,https://au.linkedin.com/jobs/view/track-inspector-at-lycopodium-4465719266,Track Inspector,,scraped,2026-09-14T07:38:13.699698,
9e855b5bbf6ce54c,https://au.linkedin.com/jobs/view/legal-secretary-at-dc-support-4465731190,Legal Secretary,DC Support,posted,2026-09-14T07:38:26.773159,49
02e8f54d368aa56b,https://au.linkedin.com/jobs/view/retail-store-manager-doncaster-at-seed-heritage-4467028275,Retail Store Manager - Doncaster,Seed Heritage,posted,2026-09-14T07:38:45.626749,51
3595ecb0db8408e8,https://au.linkedin.com/jobs/view/business-development-manager-at-zoomlion-4430404722,Business Development Manager,,scraped,2026-09-14T07:38:58.301481,
32157cafa2628465,https://au.linkedin.com/jobs/view/accounts-receivable-payroll-administrator-at-pure-source-recruitment-4464782288,Accounts Receivable & Payroll Administrator,,scraped,2026-09-14T07:39:13.081605,
095ae945d042ac84,https://au.linkedin.com/jobs/view/assistant-store-manager-cotton-on-mega-wagga-wagga-at-cotton-on-group-4467045026,Assistant Store Manager - Cotton On Mega Wagga Wagga,,scraped,2026-09-14T07:39:24.349073,
159ef6fdd1b14810,https://au.linkedin.com/jobs/view/store-manager-at-specsavers-4466783866,Store Manager,,scraped,2026-09-14T07:39:46.745531,
5fa26ac0c1e31a58,https://au.linkedin.com/jobs/view/occupational-therapist-at-apm-4465488977,Occupational Therapist,,scraped,2026-09-14T07:40:17.547326,
d94b9b6d9a42beb7,https://au.linkedin.com/jobs/view/contract-administrator-at-michael-page-4466066131,Contract Administrator,Michael Page,posted,2026-09-14T07:41:07.066522,53
1fd519e5c92ad7db,https://au.linkedin.com/jobs/view/retail-sales-gyprock-trade-centre-cairns-qld-at-csr-4464763504,"Retail Sales - Gyprock Trade Centre (Cairns, QLD)",,scraped,2026-09-14T07:41:27.761061,
ff33171808310d93,https://au.linkedin.com/jobs/view/deli-assistant-at-centra-4465703138,Deli Assistant,,scraped,2026-09-14T07:41:37.429925,
c1c49cd6a0fa0f63,https://au.linkedin.com/jobs/view/hcm-solution-consultant-at-workday-4464768556,HCM Solution Consultant,Workday,posted,2026-09-14T07:41:56.587091,43
3233e724a656cd48,https://au.linkedin.com/jobs/view/finance-business-partner-at-full-circle-partners-4467033618,Finance Business Partner,,scraped,2026-09-14T07:42:07.129915,
9b87bdeb685b5263,https://au.linkedin.com/jobs/view/hose-technician-at-motion-asia-pacific-4411872744,Hose Technician,,scraped,2026-09-14T07:42:18.082314,
122812073eae8377,https://au.linkedin.com/jobs/view/office-manager-at-brook-recruitment-4465714004,Office Manager,,scraped,2026-09-14T07:42:24.708716,
6e37efaee7c2b34b,https://au.linkedin.com/jobs/view/maintenance-electrician-at-design-build-recruitment-4464760545,Maintenance Electrician,,scraped,2026-09-14T07:42:37.346653,
7bfd4f02474ef1ac,https://au.linkedin.com/jobs/view/recruitment-consultant-at-davidson-4467039106,Recruitment Consultant,,scraped,2026-09-14T07:43:09.985365,
fbfbca6463fb3a25,https://au.linkedin.com/jobs/view/assistant-store-manager-rebel-marsden-park-at-rebel-sport-4463817516,Assistant Store Manager - rebel Marsden Park,,scraped,2026-09-14T07:43:52.672710,
b4a4959b5a82a208,https://au.linkedin.com/jobs/view/sales-development-representative-sme-growth-partnerships-at-airwallex-4417688657,"Sales Development Representative, SME & Growth (Partnerships)",,scraped,2026-09-14T07:44:17.368971,
2f7c8f09e0a30f6a,https://au.linkedin.com/jobs/view/delivery-driver-repco-hobart-full-time-at-repco-4466078479,Delivery Driver - Repco Hobart - Full Time,Repco,posted,2026-09-14T07:44:35.858015,55
9d453f2e914db801,https://au.linkedin.com/jobs/view/sales-manager-at-jb-hi-fi-4464169584,Sales Manager,,scraped,2026-09-14T07:44:38.479979,
ed7024a8487242ed,https://au.linkedin.com/jobs/view/in-store-mortgage-broker-figtree-at-aussie-4464374818,In-store Mortgage Broker - Figtree,,scraped,2026-09-14T07:44:45.062809,
305342ce0ed05963,https://au.linkedin.com/jobs/view/assistant-manager-at-bapcor-limited-4464313575,Assistant Manager,,scraped,2026-09-14T07:44:59.655601,
e20f96c1c95e3b51,https://au.linkedin.com/jobs/view/maintenance-planner-at-hays-4465185228,Maintenance Planner,,scraped,2026-09-14T07:45:06.446431,
ea8999b02124a745,https://au.linkedin.com/jobs/view/sales-assistant-mounties-care-mobility-independence-burpengary-qld-at-mounties-group-4464756546,"Sales Assistant - Mounties Care Mobility & Independence Burpengary, QLD",,scraped,2026-09-14T07:45:43.118428,
471e8d2bdbef9735,https://au.linkedin.com/jobs/view/design-project-manager-at-cv-services-group-4464819613,Design Project Manager,,scraped,2026-09-14T07:45:57.884103,
c574123f1c3eb02a,https://au.linkedin.com/jobs/view/platform-specialist-customer-solutions-at-techmedia-a-pmy-company-4390319679,"Platform Specialist, Customer Solutions",,scraped,2026-09-14T07:46:08.324228,
8e2230a0d9e2c68e,https://au.linkedin.com/jobs/view/data-reporting-analyst-at-craig-mostyn-group-4467033598,Data & Reporting Analyst,,scraped,2026-09-14T07:46:21.252636,
4026d1c2112921e0,https://au.linkedin.com/jobs/view/reinforcing-detailer-3d-modeller-at-infrabuild-4464780346,Reinforcing Detailer / 3D Modeller,,scraped,2026-09-14T07:46:28.805597,
285d51947b9da20f,https://au.linkedin.com/jobs/view/bim-coordinator-at-cgc-recruitment-4463803533,BIM Coordinator,,scraped,2026-09-14T07:46:41.122052,
2c2e3ba122e49aef,https://au.linkedin.com/jobs/view/estimator-4465463160,Estimator,Stone Age Tiling,posted,2026-09-14T07:46:53.589998,57
5f69a0910ef14d7f,https://au.linkedin.com/jobs/view/kitchen-retail-team-member-lytton-at-ampol-4467040606,Kitchen & Retail Team Member - Lytton,,scraped,2026-09-14T07:47:38.217479,
4d032d421853272a,https://au.linkedin.com/jobs/view/australian-account-executive-at-fisher-investments-4379421098,Australian Account Executive,Fisher Investments,posted,2026-09-14T14:33:17.890625,59
a0047399cd822a93,https://au.linkedin.com/jobs/view/in-store-visual-merchandiser-cotton-on-miranda-at-cotton-on-group-4446533630,In-Store Visual Merchandiser - Cotton On Miranda,,scraped,2026-09-14T14:33:32.586668,
9e7c6dce90fa9bfe,https://au.linkedin.com/jobs/view/ai-researcher-at-maincode-4380431768,AI Researcher,,scraped,2026-09-14T14:33:39.208729,
6a2626dec6f1b6bf,https://au.linkedin.com/jobs/view/retail-security-officer-control-room-at-securecorp-4465054661,Retail Security Officer / Control Room,,scraped,2026-09-14T14:34:12.591233,
ebe852b7c7cec4fc,https://au.linkedin.com/jobs/view/shop-assistant-broadway-at-harris-farm-markets-4464977791,Shop Assistant - Broadway,,scraped,2026-09-14T14:34:50.285155,
1fa999bb07f57169,https://au.linkedin.com/jobs/view/store-business-manager-at-officeworks-4455830783,Store Business Manager,,scraped,2026-09-14T14:35:15.297900,
42daa578f7e7dc32,https://au.linkedin.com/jobs/view/store-manager-liquorland-marrickville-at-coles-liquor-4455738180,Store Manager - Liquorland Marrickville,,scraped,2026-09-14T14:36:32.942701,
049e706ef2f2baba,https://au.linkedin.com/jobs/view/employment-consultant-at-parkhouse-bell-australia-4467058481,Employment Consultant,,scraped,2026-09-14T14:36:54.424032,
207f430368c705b3,https://au.linkedin.com/jobs/view/retail-sales-assistant-at-bapcor-limited-4467064774,Retail Sales Assistant,,scraped,2026-09-14T14:37:05.680778,
6a6bb6253a879364,https://au.linkedin.com/jobs/view/fishing-sales-assistant-%E2%80%93-hq-brendale-at-spotlight-retail-group-srg-4465786274,Fishing Sales Assistant – HQ Brendale,,scraped,2026-09-14T14:37:45.082682,
e63d821cd03dfd21,https://au.linkedin.com/jobs/view/store-manager-pimpama-at-pillow-talk-australia-4465479556,Store Manager - Pimpama,,scraped,2026-09-14T14:38:10.937660,
3d598d0f4425b66f,https://au.linkedin.com/jobs/view/operations-officer-nsw-at-cox-automotive-australia-4464778360,Operations Officer (NSW),,scraped,2026-09-14T14:38:18.106411,
ff3dac493e876629,https://au.linkedin.com/jobs/view/sales-development-representative-at-techium-consulting-group-4465728513,Sales Development Representative,,scraped,2026-09-14T14:39:03.041385,
ecfdb79097f49b1e,https://au.linkedin.com/jobs/view/steward-at-sofitel-4465701566,Steward,,scraped,2026-09-14T14:39:29.249684,
3e15d7de1001c1f6,https://au.linkedin.com/jobs/view/native-app-developer-at-homhero-4467085730,Native App Developer,,scraped,2026-09-14T14:39:40.063390,
a602693b53b39097,https://au.linkedin.com/jobs/view/store-manager-at-metcash-4458154893,Store Manager,,scraped,2026-09-14T14:39:48.824473,
77dc199c3114ded5,https://au.linkedin.com/jobs/view/senior-analyst-assistant-manager-at-mcgrathnicol-4467046977,Senior Analyst - Assistant Manager,,scraped,2026-09-14T14:39:57.824295,
07e4831c2fca17f2,https://au.linkedin.com/jobs/view/general-practitioner-at-serco-4448136077,General Practitioner,Serco,posted,2026-09-14T14:40:21.729756,61
be2dfe53979ffbf1,https://au.linkedin.com/jobs/view/teacher-mathematics-at-catholic-education-western-australia-4467041819,Teacher (Mathematics),,scraped,2026-09-14T14:40:24.258840,
5f4fdd7ef38799b5,https://au.linkedin.com/jobs/view/baker-at-woolworths-group-4464075166,Baker,,scraped,2026-09-14T14:40:47.320725,
8243a2e6cbf353ce,https://au.linkedin.com/jobs/view/occupational-therapist-at-better-rehab-4467047136,Occupational Therapist,,scraped,2026-09-14T14:41:04.607235,
02075ba5a00717b3,https://au.linkedin.com/jobs/view/partner-solutions-architect-anz-ps-at-amazon-web-services-aws-4467065893,"Partner Solutions Architect , ANZ-PS",Amazon Web Services (AWS),posted,2026-09-14T14:41:29.515296,63
212d605c7acff129,https://au.linkedin.com/jobs/view/building-surveyor-at-hays-4465732617,Building Surveyor,,scraped,2026-09-14T14:41:50.153149,
0f88ad53752032a2,https://au.linkedin.com/jobs/view/general-practitioner-at-serco-4390811351,General Practitioner,Serco,posted,2026-09-14T14:42:23.886190,61
589254100b54214f,https://au.linkedin.com/jobs/view/critical-environment-technician-at-microsoft-4467080169,Critical Environment Technician,Microsoft,posted,2026-09-14T14:42:55.938093,65
c9a24bb24901fcdb,https://au.linkedin.com/jobs/view/smb-account-executive-at-harvey-4465717177,SMB Account Executive,Harvey,posted,2026-09-14T14:43:11.925730,67
88d75f04e67fa800,https://au.linkedin.com/jobs/view/employment-consultant-at-apm-employment-services-4455836151,Employment Consultant,,scraped,2026-09-14T14:43:20.534660,
6c595052856c8331,https://au.linkedin.com/jobs/view/rapid-response-carpenter-at-city-of-monash-4464778347,Rapid Response Carpenter,City Of Monash,posted,2026-09-14T14:43:47.851148,69
723bb8b027db3a98,https://au.linkedin.com/jobs/view/full-time-senior-sales-associate-westfield-sydney-flagship-at-pop-mart-4464999111,Full-Time Senior Sales Associate (Westfield Sydney Flagship),,scraped,2026-09-14T14:44:16.677621,
b70042c822bb19c9,https://au.linkedin.com/jobs/view/sales-development-representative-meeting-events-at-hub-australia-4465785188,Sales Development Representative (Meeting & Events),,scraped,2026-09-14T14:44:36.512293,
2e39ff44ee34530d,https://au.linkedin.com/jobs/view/restaurant-manager-at-grill-d-4447698010,Restaurant Manager,,scraped,2026-09-14T14:45:08.247241,
31f0bbe78f21cab2,https://au.linkedin.com/jobs/view/billing-officer-at-efm-logistics-4467028634,Billing Officer,,scraped,2026-09-14T14:45:30.910175,
d71f85e60e429560,https://au.linkedin.com/jobs/view/meter-reader-geelong-at-geelong-careers-4467052944,Meter Reader- Geelong,Geelong Careers,posted,2026-09-14T14:45:52.177817,71
240dfd6eb0807a67,https://au.linkedin.com/jobs/view/maintenance-fitter-at-visy-4464764496,Maintenance Fitter,,scraped,2026-09-14T14:46:08.842618,
8e2b7b920cb4b2f2,https://au.linkedin.com/jobs/view/grounds-maintenance-team-member-at-city-facilities-management-australia-4467001791,Grounds Maintenance Team Member,,scraped,2026-09-14T14:46:15.723164,
7a205610e503f437,https://au.linkedin.com/jobs/view/maintenance-manager-sydney-at-george-weston-foods-4447681433,Maintenance Manager | Sydney,George Weston Foods,posted,2026-09-14T14:46:47.496380,73
c52724bbe5423e2a,https://au.linkedin.com/jobs/view/account-manager-sydney-metro-at-bunnings-4467043261,Account Manager - Sydney Metro,Bunnings,posted,2026-09-14T14:47:11.189676,75
77da69741e4ab3f1,https://au.linkedin.com/jobs/view/delivery-driver-repco-muswellbrook-full-time-at-repco-4467061878,Delivery Driver - Repco Muswellbrook - Full Time,Repco,posted,2026-09-14T14:47:37.076954,77
2359c06314997f34,https://au.linkedin.com/jobs/view/patient-estimate-officer-at-ramsay-health-care-4465487879,Patient Estimate Officer,,scraped,2026-09-14T14:48:19.764853,
d80d20f7f99ffcc3,https://au.linkedin.com/jobs/view/assistant-manager-pelican-waters-hotel-at-alh-hotels-4467028645,Assistant Manager - Pelican Waters Hotel,,scraped,2026-09-14T14:48:28.808675,
a8c6efe9167fb70d,https://au.linkedin.com/jobs/view/medium-rigid-mr-courier-at-fedex-australia-4467049587,Medium Rigid (MR) Courier,FedEx Australia,posted,2026-09-14T14:48:47.975509,79
871ecc56617caf52,https://au.linkedin.com/jobs/view/finance-manager-at-robert-half-4465714283,Finance Manager,Robert Half,posted,2026-09-14T14:49:08.482058,81
6ddb84e128615a3a,https://au.linkedin.com/jobs/view/surveyor-at-symal-group-4467039744,Surveyor,,scraped,2026-09-14T14:49:19.201151,
a3c08386971e29c8,https://au.linkedin.com/jobs/view/occupational-therapist-at-early-start-australia-4464770518,Occupational Therapist,,scraped,2026-09-14T14:49:41.384982,
b488a7e608d4f9e5,https://au.linkedin.com/jobs/view/customer-service-agent-at-hymix-australia-4467037649,Customer Service Agent,,scraped,2026-09-14T14:50:28.225391,
e3fe55f45de1a945,https://au.linkedin.com/jobs/view/assistant-restaurant-manager-at-zambrero-4465782300,Assistant Restaurant Manager,,scraped,2026-09-14T14:51:03.257176,
eda8c340c0282906,https://au.linkedin.com/jobs/view/operations-supervisor-at-hps-group-4463897263,Operations Supervisor,,scraped,2026-09-14T14:51:46.934568,
2e3f785f8e0efdba,https://au.linkedin.com/jobs/view/sales-associate-at-domaine-homes-4464760755,Sales Associate,,scraped,2026-09-14T14:51:59.815961,
231b6f735d1da10c,https://au.linkedin.com/jobs/view/reddy-express-rockhampton-north-customer-service-representative-at-otr-4465493778,Reddy Express Rockhampton North - Customer Service Representative,,scraped,2026-09-14T14:52:19.768552,
c939204419b53e71,https://au.linkedin.com/jobs/view/senior-m365-specialist-at-datacom-4447262554,Senior M365 Specialist,Datacom,posted,2026-09-14T14:52:42.493307,83
de95619fd5dc0a57,https://au.linkedin.com/jobs/view/b2b-field-sales-representative-sydney-cbd-north-shore-at-strikeforce-amc-4466745649,B2B Field Sales Representative - Sydney CBD / North Shore,,scraped,2026-09-14T20:01:25.221020,
f065d030dc0e7714,https://au.linkedin.com/jobs/view/optometrist-at-specsavers-4467000781,Optometrist,,scraped,2026-09-14T20:01:32.105362,
363a363efad6236d,https://au.linkedin.com/jobs/view/account-executive-enterprise-sydney-or-melbourne-australia-at-figma-4401835214,"Account Executive, Enterprise (Sydney or Melbourne, Australia)",Figma,posted,2026-09-14T20:03:31.384238,85
539ade21e035bac6,https://au.linkedin.com/jobs/view/assistant-valuer-at-knight-frank-australia-4456864861,Assistant Valuer,,scraped,2026-09-14T20:03:52.057943,
96356656a9751d9c,https://au.linkedin.com/jobs/view/assistant-manager-castle-hill-tavern-at-alh-hotels-4458162375,Assistant Manager - Castle Hill Tavern,,scraped,2026-09-14T20:04:40.871401,
dac1a1493867a2bc,https://au.linkedin.com/jobs/view/retail-coordinator-repco-wagga-wagga-full-time-at-repco-4458190528,Retail Coordinator - Repco Wagga Wagga - Full Time,Repco,posted,2026-09-14T20:05:15.999645,87
62bdb668b0479045,https://au.linkedin.com/jobs/view/liquor-team-member-bws-weston-creek-at-bws-4466785956,Liquor Team Member - BWS Weston Creek,,scraped,2026-09-14T20:05:34.641538,
1d2d1cf0ee029002,https://au.linkedin.com/jobs/view/electrical-estimator-wastewater-water-treament-at-cv-services-group-4444896192,Electrical Estimator - Wastewater / Water Treament,,scraped,2026-09-14T20:05:47.981753,
63b10b1a40ab4ce9,https://au.linkedin.com/jobs/view/painter-full-time-permanent-at-careeraiforge-4467207341,"Painter - Full Time, Permanent",careerAIForge,posted,2026-09-14T20:06:08.031753,89
8ddedf6fe583c9d8,https://au.linkedin.com/jobs/view/restaurant-manager-at-zambrero-4465769417,Restaurant Manager,,scraped,2026-09-14T20:06:12.596617,
a8f93a6f9be03fee,https://au.linkedin.com/jobs/view/department-manager-munno-para-at-spotlight-ltd-4464782076,Department Manager- Munno Para,,scraped,2026-09-14T20:07:06.542810,
a831ab74dd824e74,https://au.linkedin.com/jobs/view/team-leader-amx-traralgon-at-amx-superstores-4457089153,Team Leader - AMX Traralgon,AMX Superstores,posted,2026-09-14T20:08:19.149803,91
48c29d80450fea1d,https://au.linkedin.com/jobs/view/indoor-plants-installer-at-rentokil-initial-4467002887,Indoor Plants Installer,,scraped,2026-09-14T20:08:21.762047,
2e322477e9454916,https://au.linkedin.com/jobs/view/privacy-manager-at-gamblingcareers-com-4466429451,Privacy Manager,GamblingCareers.com,posted,2026-09-14T20:08:42.794225,93
c7a8abfae02d99a1,https://au.linkedin.com/jobs/view/junior-sales-coordinator-at-elephants-foot-group-4464170962,Junior Sales Coordinator,,scraped,2026-09-14T20:08:53.426893,
215b56d6d8240004,https://au.linkedin.com/jobs/view/store-manager-full-time-charlestown-at-lovisa-pty-ltd-4465479900,Store Manager | Full Time | Charlestown,,scraped,2026-09-14T20:09:03.195511,
a2e0a87467ed35b9,https://au.linkedin.com/jobs/view/anaplan-developer-at-nbn%C2%AE-australia-4465726328,Anaplan Developer,,scraped,2026-09-14T20:09:10.344672,
a7c4a1fbd6b0b261,https://au.linkedin.com/jobs/view/employment-consultant-at-apm-4464973420,Employment Consultant,,scraped,2026-09-14T20:09:17.912303,
45849027a07c8c06,https://au.linkedin.com/jobs/view/labourer-at-civilandscape-4467233799,LABOURER,,scraped,2026-09-14T20:10:21.904076,
b23075d24784774f,https://au.linkedin.com/jobs/view/receptionist-office-assistant-sca-melbourne-at-southern-cross-austereo-4463200168,Receptionist/Office Assistant - SCA Melbourne,,scraped,2026-09-14T20:10:33.486791,
9aa835c2608505d9,https://au.linkedin.com/jobs/view/restaurant-retail-manager-at-guzman-y-gomez-mexican-kitchen-4464773293,Restaurant / Retail Manager,,scraped,2026-09-14T20:10:52.301123,
59bf60f7dd7b75b7,https://au.linkedin.com/jobs/view/reddy-express-canning-vale-customer-service-representative-at-otr-4465732605,Reddy Express Canning Vale - Customer Service Representative,,scraped,2026-09-14T20:11:54.006540,
508a98dc8ef088a8,https://au.linkedin.com/jobs/view/business-development-specialist-at-hungrypanda-ltd-%E7%86%8A%E7%8C%AB%E5%A4%96%E5%8D%96-4464765289,Business Development Specialist,,scraped,2026-09-14T20:12:09.992348,
f1bda66b06adef9e,https://au.linkedin.com/jobs/view/assistant-store-manager-port-macquarie-at-optus-4456471172,"Assistant Store Manager, Port Macquarie",,scraped,2026-09-14T20:12:36.655561,
2fbcb3e28d4945d4,https://au.linkedin.com/jobs/view/reddy-express-claremont-customer-service-representative-at-otr-4465715591,Reddy Express Claremont - Customer Service Representative,,scraped,2026-09-14T20:14:03.496810,
1055a6d52b31c15c,https://au.linkedin.com/jobs/view/assistant-store-manager-at-antojitos-mexicanos-la-jefa-4467031645,Assistant Store Manager,Antojitos Mexicanos La Jefa,posted,2026-09-14T20:14:38.633055,95
73f269b371076c3f,https://au.linkedin.com/jobs/view/business-development-manager-at-zoomlion-4430192902,Business Development Manager,,scraped,2026-09-14T20:15:57.282563,
d15e2c761d0e4447,https://au.linkedin.com/jobs/view/talent-acquisition-specialist-at-konecranes-4464780491,Talent Acquisition Specialist,Konecranes,posted,2026-09-14T20:16:33.406340,97
0d90371251e68524,https://au.linkedin.com/jobs/view/underwriter-cyber-at-liberty-in-asia-pacific-4467241598,"Underwriter, Cyber",,scraped,2026-09-14T20:16:36.050763,
95f07e2fc830f06b,https://au.linkedin.com/jobs/view/solution-architect-south-bank-qld-at-flight-centre-travel-group-4421674808,"Solution Architect - South Bank, QLD",,scraped,2026-09-14T20:16:52.487874,
8186248d1e64d0a7,https://au.linkedin.com/jobs/view/critical-environment-technician-at-microsoft-4458202741,Critical Environment Technician,Microsoft,posted,2026-09-14T20:17:29.144744,65
a3e5bd66cfe198ac,https://au.linkedin.com/jobs/view/sales-travel-consultant-hallett-cove-sa-at-flight-centre-4448157189,"Sales Travel Consultant - Hallett Cove, SA",,scraped,2026-09-14T20:17:31.787314,
f4b55918ad2e0d96,https://au.linkedin.com/jobs/view/store-manager-rouse-hill-at-forever-new-clothing-4464783835,Store Manager - Rouse Hill,,scraped,2026-09-14T20:18:00.916047,
4aaa49ff5503c1ea,https://au.linkedin.com/jobs/view/governance-administrator-at-superloop-4456860677,Governance Administrator,,scraped,2026-09-14T20:18:13.600656,
883287a681cf3d0d,https://au.linkedin.com/jobs/view/service-person-peak-downs-at-thiess-4458158303,Service Person - Peak Downs,,scraped,2026-09-14T20:18:26.083527,
7920a41a851021b7,https://au.linkedin.com/jobs/view/marketing-operations-traffic-manager-at-7-eleven-australia-4465497754,Marketing Operations & Traffic Manager,,scraped,2026-09-14T20:18:49.627364,
8619a0c638bd2061,https://au.linkedin.com/jobs/view/seqwater-hydrometric-officer-at-australian-hydrographers-association-4465202645,seqwater - Hydrometric Officer,Australian Hydrographers Association,posted,2026-09-14T20:19:14.442843,99
bc3fc29dcbbbd426,https://au.linkedin.com/jobs/view/team-leaders-at-zambrero-4465774369,Team Leaders,,scraped,2026-09-14T20:19:37.205962,
09d93b74c314ff31,https://au.linkedin.com/jobs/view/assistant-manager-grand-tasman-hotel-at-alh-hotels-4458159437,Assistant Manager - Grand Tasman Hotel,,scraped,2026-09-14T20:19:50.883182,
a90b8ccce3eb7cca,https://au.linkedin.com/jobs/view/enterprise-architect-at-salt-4463227626,Enterprise Architect,,scraped,2026-09-14T23:00:48.347982,
ec47fa95a7452a62,https://au.linkedin.com/jobs/view/linesman-at-rsgx-4464755885,Linesman,RSGx,posted,2026-09-14T23:01:41.844935,101
d49d9d49d39a8eb4,https://au.linkedin.com/jobs/view/planning-environment-partner-melbourne-or-brisbane-at-vixa-executive-legal-search-4455447621,Planning & Environment Partner | Melbourne or Brisbane,,scraped,2026-09-14T23:04:10.622190,
34cd29f6166ea8f8,https://au.linkedin.com/jobs/view/financial-adviser-%E2%80%93-holistic-advice-at-picturewealth-4465736173,Financial Adviser – Holistic Advice,,scraped,2026-09-14T23:05:03.393212,
7ecb58a123deece2,https://au.linkedin.com/jobs/view/general-skilled-labourer-%E2%80%93-sydney-at-cowyn-building-group-4463805348,General Skilled Labourer – Sydney,,scraped,2026-09-14T23:05:52.122036,
d65e56171a4b7fef,https://au.linkedin.com/jobs/view/assistant-manager-caringbah-at-kennards-self-storage-4462599126,Assistant Manager Caringbah,Kennards Self Storage,posted,2026-09-14T23:06:11.633611,103
044cb471f3dd883d,https://au.linkedin.com/jobs/view/retail-sales-assistant-at-bapcor-limited-4464964964,Retail Sales Assistant,,scraped,2026-09-14T23:06:14.339681,
2bde318d34c9bd3e,https://au.linkedin.com/jobs/view/full-time-senior-sales-associate-sydney-airport-at-pop-mart-4464994191,Full-Time Senior Sales Associate (Sydney Airport),,scraped,2026-09-14T23:06:23.551098,
ece0cb3215f62ec0,https://au.linkedin.com/jobs/view/eoi-recruitment-professionals-at-w-co-search-4463815110,EOI - Recruitment Professionals,,scraped,2026-09-14T23:06:32.435886,
258f351874e55f11,https://au.linkedin.com/jobs/view/assistant-store-manager-casuarina-at-seed-heritage-4467409109,Assistant Store Manager - Casuarina,Seed Heritage,posted,2026-09-14T23:07:48.764587,105
84756daf4ed3339d,https://au.linkedin.com/jobs/view/assistant-store-manager-charlestown-at-pandora-4465251619,Assistant Store Manager (Charlestown),,scraped,2026-09-14T23:09:21.369321,
a75d311b2bf8ed4c,https://au.linkedin.com/jobs/view/governance-administrator-at-superloop-4456847607,Governance Administrator,,scraped,2026-09-14T23:09:32.234989,
4b8ac2a874e28746,https://au.linkedin.com/jobs/view/senior-development-manager-at-hays-4464972813,Senior Development Manager,,scraped,2026-09-14T23:12:25.201646,
c5e722302d2915ce,https://au.linkedin.com/jobs/view/business-development-representative-at-entourage-4465012841,Business Development Representative,,scraped,2026-09-15T02:08:48.085340,
5a51ef5d10e8bd29,https://au.linkedin.com/jobs/view/success-consultant-setter-at-aaron-sansoni-group-international-4425764870,Success Consultant (Setter),Aaron Sansoni Group International,posted,2026-09-15T02:09:11.732695,107
ddb85aca738e0371,https://au.linkedin.com/jobs/view/sales-development-representative-%40-valiant-finance-at-hatch-4452211877,Sales Development Representative @ Valiant Finance,,scraped,2026-09-15T02:09:16.404948,
e09dc81d22a3e72a,https://au.linkedin.com/jobs/view/graffiti-removalist-at-manpower-australia-4467299774,Graffiti Removalist,,scraped,2026-09-15T02:09:24.117957,
ab7340869c3a380c,https://au.linkedin.com/jobs/view/junior-account-executive-at-techium-consulting-group-4465734444,Junior Account Executive,,scraped,2026-09-15T02:11:25.654168,
d7e04d6a6b61a767,https://au.linkedin.com/jobs/view/facilities-maintenance-technician-nsw-at-woolworths-group-4467413138,Facilities Maintenance Technician | NSW,,scraped,2026-09-15T02:11:48.148349,
908c7977ee00e099,https://au.linkedin.com/jobs/view/business-development-representative-at-4twenty-consulting-4466150898,Business Development Representative,,scraped,2026-09-15T02:12:35.447736,
405a3308f5721007,https://au.linkedin.com/jobs/view/store-manager-macpac-carindale-at-macpac-ltd-4465273157,Store Manager - Macpac Carindale,,scraped,2026-09-15T02:12:43.689365,
28f500e6cd31f6f1,https://au.linkedin.com/jobs/view/business-development-manager-at-compnow-4465275170,Business Development Manager,Compnow,posted,2026-09-15T02:13:03.916523,109
cfbe32b11cb038b6,https://au.linkedin.com/jobs/view/head-of-human-resources-at-briscoe-search-consulting-4467424134,Head of Human Resources,,scraped,2026-09-15T02:13:32.543348,
7e4521630216eba8,https://au.linkedin.com/jobs/view/estimator-at-core-talent-4434300558,Estimator,,scraped,2026-09-15T02:14:09.784791,
abfbd78276f0420f,https://au.linkedin.com/jobs/view/software-license-specialist-at-data%233-4465266180,Software License Specialist,,scraped,2026-09-15T02:14:48.673234,
c0fefa395175dacc,https://au.linkedin.com/jobs/view/customer-service-representative-at-datacom-4467404852,Customer Service Representative,Datacom,posted,2026-09-15T02:15:24.174222,111
6808c52b59c12edd,https://au.linkedin.com/jobs/view/business-development-manager-at-pointer-4466151274,Business Development Manager,,scraped,2026-09-15T02:15:26.807209,
be161e4f9dbdabd0,https://au.linkedin.com/jobs/view/estimator-at-veritas-recruitment-4467296631,Estimator,,scraped,2026-09-15T02:16:05.370577,
3fb985c1d29062c3,https://au.linkedin.com/jobs/view/site-scheduler-at-kaizen-global-technologies-4466154308,Site Scheduler,Kaizen Global Technologies,posted,2026-09-15T02:16:25.064317,113
4f54cef3e2d28144,https://au.linkedin.com/jobs/view/estimator-at-bmd-group-4465730867,Estimator,,scraped,2026-09-15T02:16:41.698829,
49d6db485d572ddb,https://au.linkedin.com/jobs/view/visual-merchandiser-the-glen-at-h-m-4467422191,Visual Merchandiser - The Glen,H&M,posted,2026-09-15T02:17:19.386809,115
0dc656ffa9333832,https://au.linkedin.com/jobs/view/assistant-venue-manager-geelong-full-time-at-the-sporting-globe-4465259313,Assistant Venue Manager Geelong/ Full Time,,scraped,2026-09-15T02:17:58.001309,
939495483973a250,https://au.linkedin.com/jobs/view/trade-assistant-workshop-assistant-at-coxons-group-australia-4465242953,Trade Assistant / Workshop Assistant,,scraped,2026-09-15T02:18:33.350620,
a5bfce629081bc33,https://au.linkedin.com/jobs/view/retail-sales-travel-consultant-cairns-surrounding-suburbs-at-flight-centre-travel-group-4464418983,Retail Sales Travel Consultant - Cairns & Surrounding Suburbs,,scraped,2026-09-15T02:18:56.133150,
6cbb0dd8760ae506,https://au.linkedin.com/jobs/view/composite-technician-at-sydney-composites-4466119909,Composite Technician,,scraped,2026-09-15T02:19:36.851172,
8bcfc69bb9e458c3,https://au.linkedin.com/jobs/view/department-manager-munno-para-at-spotlight-retail-group-srg-4464789357,Department Manager - Munno Para,,scraped,2026-09-15T02:19:46.016806,
25a50bb15304a758,https://au.linkedin.com/jobs/view/auditor-at-crowe-australasia-4464990350,Auditor,,scraped,2026-09-15T02:19:57.623539,
41a4ce13226a0b2d,https://au.linkedin.com/jobs/view/account-manager-%40-milk-chocolate-property-at-hatch-4465265141,Account Manager @ Milk Chocolate Property,,scraped,2026-09-15T02:20:18.295423,
8e2ce906f4b871d4,https://au.linkedin.com/jobs/view/store-manager-factorie-broadmedows-at-cotton-on-group-4446171890,Store Manager - Factorie Broadmedows,,scraped,2026-09-15T02:21:50.149937,
e75a1d4723e2d714,https://au.linkedin.com/jobs/view/accounts-receivable-officer-at-mng-4465259204,Accounts Receivable Officer,,scraped,2026-09-15T02:22:22.695355,
63ca456b3aeb51c7,https://au.linkedin.com/jobs/view/graduate-business-development-manager-at-clinch-4445870938,Graduate Business Development Manager,,scraped,2026-09-15T02:22:34.130581,
43b30fb4daefb351,https://au.linkedin.com/jobs/view/detection-focused-sr-cloud-security-consultant-japac-remote-aus-at-crowdstrike-4407827520,"Detection Focused Sr. Cloud Security Consultant - JAPAC (Remote, AUS)",CrowdStrike,posted,2026-09-15T02:23:06.585654,117
0f28c524aba33e49,https://au.linkedin.com/jobs/view/sales-development-representative-at-yourcode-award-winning-it-digital-consultancy-4465222384,Sales Development Representative,YourCode - Award Winning IT & Digital Consultancy,posted,2026-09-15T02:24:14.922912,37
637b5a9b7ed069b7,https://au.linkedin.com/jobs/view/groomer-angle-vale-new-store-at-petstock-group-4466171055,Groomer | Angle Vale | NEW STORE,,scraped,2026-09-15T09:03:46.028787,
1b0dcdf08db2e4a5,https://au.linkedin.com/jobs/view/assessor-at-cbs-complete-building-solutions-4466172168,Assessor,,scraped,2026-09-15T09:04:24.730029,
0a89eea24371fe64,https://au.linkedin.com/jobs/view/commercial-labourer-asurco-at-mcmahon-services-4467436462,Commercial Labourer - ASURCO,,scraped,2026-09-15T09:04:31.734218,
33b5cd0a1593a775,https://au.linkedin.com/jobs/view/town-planner-at-w3global-4466179136,Town Planner,W3Global,posted,2026-09-15T09:04:53.299780,119
7a611fa38853e01c,https://au.linkedin.com/jobs/view/sales-assistant-at-bapcor-limited-4467464599,Sales Assistant,,scraped,2026-09-15T09:05:01.916872,
b372eaa7c596bcd3,https://au.linkedin.com/jobs/view/kmart-sydney-metro-store-manager-at-kmart-australia-limited-4454182277,Kmart Sydney Metro - Store Manager,Kmart Australia Limited,posted,2026-09-15T09:05:21.074950,121
3c5491225ded6da9,https://au.linkedin.com/jobs/view/cleaner-at-millennium-services-group-limited-4465516200,Cleaner,,scraped,2026-09-15T09:05:29.667055,
ea3d01f2bb99d46c,https://au.linkedin.com/jobs/view/store-manager-liquorland-seaforth-at-coles-liquor-4467473352,Store Manager - Liquorland Seaforth,,scraped,2026-09-15T09:05:48.995104,
c469166e1d99a713,https://au.linkedin.com/jobs/view/estimator-at-cgc-recruitment-4465736146,Estimator,,scraped,2026-09-15T09:05:57.110163,
ceab19733a87bf53,https://au.linkedin.com/jobs/view/retail-sales-assistant-full-time-north-richmond-at-nutrition-warehouse-4467703451,Retail Sales Assistant - Full-Time - North Richmond,,scraped,2026-09-15T09:06:14.276975,
9db12384171fec20,https://au.linkedin.com/jobs/view/associate-consultant-%E2%80%93-technology-at-kaliba-4466173321,Associate Consultant – Technology,,scraped,2026-09-15T09:06:37.620068,
3a4b281a57e5b144,https://au.linkedin.com/jobs/view/store-manager-dan-murphy-s-sutherland-shire-at-dan-murphy-s-4458183917,Store Manager - Dan Murphy's Sutherland Shire,,scraped,2026-09-15T09:06:50.548101,
03ad6060fc3a94a5,https://au.linkedin.com/jobs/view/talent-sourcer-at-maincode-4463858245,Talent Sourcer,,scraped,2026-09-15T09:06:59.382464,
90eda9b778e0c4e0,https://au.linkedin.com/jobs/view/digital-property-valuer-at-opteon-aus-nz-4465297141,Digital Property Valuer,,scraped,2026-09-15T09:07:20.542286,
0d1781a0605b2837,https://au.linkedin.com/jobs/view/kitchen-steward-at-crystalbrook-vincent-4464763065,Kitchen Steward,,scraped,2026-09-15T09:07:27.471400,
9e6041e36d63e77a,https://au.linkedin.com/jobs/view/assistant-store-manager-at-antojitos-mexicanos-la-jefa-4467499056,Assistant Store Manager,Antojitos Mexicanos La Jefa,posted,2026-09-15T09:07:52.867857,95
97856220bbb481b9,https://au.linkedin.com/jobs/view/estimator-at-civilandscape-4467244647,ESTIMATOR,,scraped,2026-09-15T09:07:59.522596,
27cd733e2db19a50,https://au.linkedin.com/jobs/view/retail-sales-associate-taren-point-at-winning-appliances-4467488004,Retail Sales Associate - Taren Point,,scraped,2026-09-15T09:08:13.315496,
be37cecbb42eff2e,https://au.linkedin.com/jobs/view/digital-property-valuer-at-opteon-aus-nz-4465503069,Digital Property Valuer,,scraped,2026-09-15T09:08:20.798758,
fd341a46a2007bc8,https://au.linkedin.com/jobs/view/recruiter-talent-acquisition-at-amazon-web-services-aws-4455906963,"Recruiter, Talent Acquisition",Amazon Web Services (AWS),posted,2026-09-15T09:08:42.695443,123
0f7664d6f135f250,https://au.linkedin.com/jobs/view/customer-sales-service-repco-kingston-full-time-at-repco-4464984283,Customer Sales & Service - Repco Kingston - Full Time,Repco,posted,2026-09-15T09:08:57.306881,125
df9d78db49721bb9,https://au.linkedin.com/jobs/view/mechanical-fitter-northern-territory-at-mcmahon-services-4466009987,Mechanical Fitter - Northern Territory,,scraped,2026-09-15T09:08:59.882131,
39988f3d2767b246,https://au.linkedin.com/jobs/view/assistant-store-manager-2ic-new-store-angle-vale-at-petstock-group-4466194112,Assistant Store Manager (2IC) | NEW STORE | Angle Vale,,scraped,2026-09-15T09:09:09.728568,
157029841b67b6d9,https://au.linkedin.com/jobs/view/earn-more-at-nick-scali-store-managers-metro-perth-region-at-nick-scali-limited-4465259321,Earn More at Nick Scali - Store Managers Metro Perth Region,,scraped,2026-09-15T09:09:26.352869,
69ffdd5b1f5a4e67,https://au.linkedin.com/jobs/view/junior-pr-sydney-at-freedom-property-investors-4464843679,Junior PR - Sydney,,scraped,2026-09-15T09:09:37.874771,
cefaa55489b75131,https://au.linkedin.com/jobs/view/multi-skilled-operator-at-thiess-4467454941,Multi Skilled Operator,,scraped,2026-09-15T09:09:54.118104,
c9fc9bd327800597,https://au.linkedin.com/jobs/view/full-time-sales-associate-chermside-at-pop-mart-4467705015,Full-Time Sales Associate (Chermside),,scraped,2026-09-15T09:10:11.464114,
760cbfd5bce1698b,https://au.linkedin.com/jobs/view/sales-development-representative-at-sitemate-4467708116,Sales Development Representative,,scraped,2026-09-15T09:10:23.162953,
15648be48fe632cc,https://au.linkedin.com/jobs/view/business-services-accountant-at-c-a-hill-associates-4463586056,Business Services Accountant,,scraped,2026-09-15T09:10:35.601321,
58508908d9490e42,https://au.linkedin.com/jobs/view/store-manager-rockingham-at-the-body-shop-australia-4467093476,Store Manager - Rockingham,,scraped,2026-09-15T09:10:43.759428,
35f666071b73da4e,https://au.linkedin.com/jobs/view/store-manager-at-ppg-4467065520,Store Manager,PPG,posted,2026-09-15T09:11:10.960059,127
8f854383b9b7671c,https://au.linkedin.com/jobs/view/vehicle-service-agent-car-detailer-ft-at-avis-budget-group-4466195015,Vehicle Service Agent / Car Detailer (FT),Avis Budget Group,posted,2026-09-15T09:11:29.423878,129
b9daed96cdc989d8,https://au.linkedin.com/jobs/view/store-manager-factorie-erina-at-cotton-on-group-4467498649,Store Manager - Factorie Erina,,scraped,2026-09-15T09:11:44.127167,
cf80a4e101c1451f,https://au.linkedin.com/jobs/view/cleaner-at-millennium-services-group-limited-4465529216,Cleaner,,scraped,2026-09-15T09:11:50.744959,
55f9cdfaefa81d2a,https://au.linkedin.com/jobs/view/office-manager-at-omnitax-professionals-4466145772,Office Manager,,scraped,2026-09-15T09:11:59.962972,
4d98963c2b48cebb,https://au.linkedin.com/jobs/view/up-to-%24145-000-package%21-audiologist-audiometrist-cairns-earlville-smithfield-qld-at-specsavers-4456856577,"Up to $145,000 Package! Audiologist/Audiometrist - Cairns Earlville & Smithfield, QLD",,scraped,2026-09-15T09:12:08.613422,
7a3038a3a080a8ca,https://au.linkedin.com/jobs/view/store-manager-belconnen-at-the-body-shop-australia-4467495081,Store Manager - Belconnen,,scraped,2026-09-15T09:12:23.442635,
92d7187d91545069,https://au.linkedin.com/jobs/view/technical-sales-representative-at-programmed-4467498701,Technical Sales Representative,,scraped,2026-09-15T09:12:38.186289,
6f923093a815b5ac,https://au.linkedin.com/jobs/view/scrum-master-at-peoplelogic-4467428112,Scrum Master,,scraped,2026-09-15T09:12:57.041586,
684bdb5ba3200626,https://au.linkedin.com/jobs/view/site-scheduler-at-kaizen-global-technologies-4466151901,Site Scheduler,Kaizen Global Technologies,posted,2026-09-15T09:13:20.870999,113
2621f86376c24bce,https://au.linkedin.com/jobs/view/sonographer-adelaide-at-jones-radiology-4465250236,Sonographer Adelaide,,scraped,2026-09-15T09:13:23.594422,
d10656f55c770045,https://au.linkedin.com/jobs/view/customer-growth-specialist-at-shred-x-4465706051,Customer Growth Specialist,,scraped,2026-09-15T09:13:31.490237,
6e82c24deac5cd9c,https://au.linkedin.com/jobs/view/restaurant-manager-at-guzman-y-gomez-mexican-kitchen-4465279991,Restaurant Manager,,scraped,2026-09-15T09:13:38.605971,
28b48cabfb8ad3ed,https://au.linkedin.com/jobs/view/sales-travel-consultant-camberwell-vic-at-flight-centre-4456443380,"Sales Travel Consultant - Camberwell, VIC",,scraped,2026-09-15T09:13:48.245777,
a06fe0be1c1811af,https://au.linkedin.com/jobs/view/assistant-store-manager-at-early-settler-4465152338,Assistant Store Manager,,scraped,2026-09-15T09:13:57.193784,
fb1ce1acbbea537b,https://au.linkedin.com/jobs/view/kmart-mackay-store-inventory-manager-at-kmart-australia-limited-4463084633,Kmart Mackay - Store Inventory Manager,Kmart Australia Limited,posted,2026-09-15T09:14:21.604085,131
7935ad2d0078307f,https://au.linkedin.com/jobs/view/trust-accounts-officer-at-michael-page-4467440404,Trust Accounts Officer,Michael Page,posted,2026-09-15T09:14:32.758929,133
156915bbab662197,https://au.linkedin.com/jobs/view/retail-store-manager-mackay-queensland-at-ghanda-clothing-4465235341,Retail Store Manager -   Mackay QUEENSLAND,,scraped,2026-09-15T09:14:55.543464,
06536f795e533322,https://au.linkedin.com/jobs/view/business-development-representative-i-at-diligent-4467705283,Business Development Representative I,Diligent,posted,2026-09-15T09:15:11.413724,135
e0e213d85f56ad30,https://au.linkedin.com/jobs/view/recruitment-consultant-construction-at-drake-international-australia-4466168810,Recruitment Consultant - Construction,,scraped,2026-09-15T09:15:16.208643,
c14344313d02e200,https://au.linkedin.com/jobs/view/assistant-store-manager-beechboro-at-aldi-stores-australia-4467075681,Assistant Store Manager - Beechboro,,scraped,2026-09-15T09:15:38.873262,
95d63012c92607fb,https://au.linkedin.com/jobs/view/store-manager-cotton-on-casuarina-at-cotton-on-group-4438570148,Store Manager - Cotton On Casuarina,,scraped,2026-09-15T09:15:47.848533,
be35a85600084d30,https://au.linkedin.com/jobs/view/recruitment-consultant-at-the-andersen-partnership-4464180129,Recruitment Consultant,,scraped,2026-09-15T09:15:54.519752,
45c1bacf61300ac2,https://au.linkedin.com/jobs/view/commercial-loss-adjuster-property-claims-bonus-%2B-car-allowance-at-crawford-company-4465389328,Commercial Loss Adjuster | Property Claims | Bonus + Car Allowance,Crawford &amp; Company,posted,2026-09-15T09:16:08.003798,137
6ae2e7b76fc2fc09,https://au.linkedin.com/jobs/view/kmart-griffith-department-manager-at-kmart-australia-limited-4463428228,Kmart Griffith - Department Manager,Kmart Australia Limited,posted,2026-09-15T09:16:29.107313,139
549e5c0c85d65ee4,https://au.linkedin.com/jobs/view/sales-executive-microsoft-at-dxc-technology-4465356283,Sales Executive - Microsoft,DXC Technology,posted,2026-09-15T09:16:52.333238,141
e550bc2570cc7bbf,https://au.linkedin.com/jobs/view/skechers-sales-assistant-gladstone-at-skechers-australia-new-zealand-4463430071,Skechers Sales Assistant - Gladstone,,scraped,2026-09-15T09:16:54.991345,
168e4a6e3e18dec1,https://au.linkedin.com/jobs/view/full-time-retail-associate-opsm-dubbo-nsw-at-opsm-4466509070,"Full-Time Retail Associate | OPSM Dubbo, NSW",,scraped,2026-09-15T09:17:09.551265,
3e6466c1e56f6e8c,https://au.linkedin.com/jobs/view/stock-supervisor-kingaroy-at-spotlight-ltd-4464761348,Stock Supervisor Kingaroy,,scraped,2026-09-15T09:17:23.866989,
d63a37153ca9577d,https://au.linkedin.com/jobs/view/operations-officer-nsw-at-cox-automotive-australia-4463423056,Operations Officer (NSW),,scraped,2026-09-15T09:17:33.391181,
d1470a8893c4823e,https://au.linkedin.com/jobs/view/specification-manager-at-e-s-4466180633,Specification Manager,,scraped,2026-09-15T09:17:50.822878,
599a4a43bf85514a,https://au.linkedin.com/jobs/view/estimator-at-bielby-holdings-4466131581,Estimator,,scraped,2026-09-15T09:17:57.453676,
3bb89f9213407e94,https://au.linkedin.com/jobs/view/optical-dispenser-and-keyholder-bendigo-vic-at-oscar-wylee-4466182555,"Optical Dispenser and Keyholder- Bendigo, VIC",,scraped,2026-09-15T09:18:08.942689,
139164c3ab132ae6,https://au.linkedin.com/jobs/view/signwriter-and-installer-at-signarama-australia-4465778180,Signwriter and Installer,Signarama Australia,posted,2026-09-15T09:18:34.011910,143
fd84d7d7c23a51df,https://au.linkedin.com/jobs/view/laser-cutter-operator-gepps-cross-at-laser-3d-4464221735,Laser Cutter Operator Gepps Cross,,scraped,2026-09-15T09:18:36.669048,
4799e45dfc4d4a9e,https://au.linkedin.com/jobs/view/customer-growth-specialist-at-xero-4464873074,Customer Growth Specialist,,scraped,2026-09-15T09:18:58.672280,
448e15d6d13e2d62,https://au.linkedin.com/jobs/view/earn-more-at-nick-scali-manager-in-training-auburn-at-nick-scali-limited-4463420723,Earn More at Nick Scali - Manager in Training - Auburn,,scraped,2026-09-15T09:19:05.348573,
b51301faf0a82fc8,https://au.linkedin.com/jobs/view/excavator-operator-at-thiess-4467463848,Excavator Operator,,scraped,2026-09-15T09:19:16.781251,
cffe564ee90d4db5,https://au.linkedin.com/jobs/view/operations-manager-residential-construction-at-design-build-recruitment-4465527261,Operations Manager | Residential Construction,,scraped,2026-09-15T09:19:28.213753,
7ee87318eec7ad03,https://au.linkedin.com/jobs/view/devops-software-engineer-at-gameloft-brisbane-4456700619,DevOps Software Engineer,,scraped,2026-09-15T09:19:37.197554,
19844c05090ef4fa,https://au.linkedin.com/jobs/view/assistant-manager-eureka-hotel-at-alh-hotels-4465688025,Assistant Manager - Eureka Hotel,,scraped,2026-09-15T09:19:50.124020,
692e3a8c56680c85,https://au.linkedin.com/jobs/view/kmart-inner-west-sydney-department-manager-at-kmart-australia-limited-4464783469,Kmart Inner West Sydney - Department Manager,Kmart Australia Limited,posted,2026-09-15T09:20:09.685051,145
cbf2ac0a983f512b,https://au.linkedin.com/jobs/view/assistant-manager-austral-hotel-at-alh-hotels-4467049647,Assistant Manager - Austral Hotel,,scraped,2026-09-15T09:20:30.288385,
c5376d54bdf6876c,https://au.linkedin.com/jobs/view/bi-developer-at-datacom-4467491069,BI Developer,Datacom,posted,2026-09-15T09:21:31.793829,147
7c12cdbe011e3726,https://au.linkedin.com/jobs/view/social-media-executive-at-influential-4466158276,Social Media Executive,Influential,posted,2026-09-15T09:22:01.528537,149
1a62edae0ee97957,https://au.linkedin.com/jobs/view/store-manager-bcf-morayfield-at-bcf-boating-camping-fishing-4467450306,Store Manager - BCF Morayfield,,scraped,2026-09-15T09:22:24.119533,
8954568be52fbafa,https://au.linkedin.com/jobs/view/expression-of-interest-at-cutcher-neale-accounting-and-financial-services-4467712136,Expression of interest,,scraped,2026-09-15T09:23:02.780709,
3d9a465336e059ba,https://au.linkedin.com/jobs/view/in-store-visual-merchandiser-cotton-on-warringah-at-cotton-on-group-4439759889,In Store Visual Merchandiser - Cotton On Warringah,,scraped,2026-09-15T14:34:03.756942,
fa2e50a79ab0273d,https://au.linkedin.com/jobs/view/store-manager-liquorland-stanmore-at-coles-liquor-4458193787,Store Manager - Liquorland Stanmore,,scraped,2026-09-15T14:35:00.331211,
64ddc713c81f7b5f,https://au.linkedin.com/jobs/view/podiatrist-at-the-foot-stop-podiatry-services-4466757290,Podiatrist,,scraped,2026-09-15T14:36:11.806425,
de12ed585a97ffa3,https://au.linkedin.com/jobs/view/restaurant-manager-at-zambrero-4465778340,Restaurant Manager,,scraped,2026-09-15T14:36:39.533065,
95c33aefc012dbfd,https://au.linkedin.com/jobs/view/mower-operator-at-green-by-nature-4458575745,Mower Operator,Green by Nature,posted,2026-09-15T14:37:02.783624,151
5709b39430f91290,https://au.linkedin.com/jobs/view/assistant-store-manager-at-antojitos-mexicanos-la-jefa-4467438647,Assistant Store Manager,Antojitos Mexicanos La Jefa,posted,2026-09-15T14:37:57.669946,95
3fb6e106decbe31d,https://au.linkedin.com/jobs/view/talent-acquisition-specialist-at-brennan-4467425287,Talent Acquisition Specialist,,scraped,2026-09-15T14:38:18.379945,
0ff6866bc3f8ed7a,https://au.linkedin.com/jobs/view/digital-property-valuer-at-opteon-aus-nz-4465295181,Digital Property Valuer,,scraped,2026-09-15T14:38:44.527135,
5cdfdfb45d58ceec,https://au.linkedin.com/jobs/view/store-manager-at-mountain-warehouse-4466158234,Store Manager,,scraped,2026-09-15T14:39:23.358964,
db6f3595d327cce6,https://au.linkedin.com/jobs/view/landscape-maintenance-crew-member-at-civilandscape-4467246582,LANDSCAPE MAINTENANCE CREW MEMBER,,scraped,2026-09-15T14:39:37.119199,
27c20f2e6465973f,https://au.linkedin.com/jobs/view/graduate-sales-development-representative-at-sitemate-4467708115,Graduate Sales Development Representative,,scraped,2026-09-15T14:40:01.254600,
c894e831c8da9351,https://au.linkedin.com/jobs/view/sydney-applications-specialist-sydney-calling-all-sonographers%21-at-austcorp-executive-4465635668,Sydney Applications Specialist - Sydney - Calling all Sonographers!,,scraped,2026-09-15T14:40:08.780600,
7ffaa96938622ef3,https://au.linkedin.com/jobs/view/store-manager-cotton-on-rouse-hill-town-centre-at-cotton-on-group-4439768693,Store Manager - Cotton On Rouse Hill Town Centre,,scraped,2026-09-15T14:40:25.564788,
44d6f1b86afc4397,https://au.linkedin.com/jobs/view/maintenance-officer-at-hilton-4467035386,Maintenance Officer,Hilton,posted,2026-09-15T14:40:44.877859,153
81fca5fc92d40f42,https://au.linkedin.com/jobs/view/bim-specialist-modeler-at-kodiak-construction-recruiting-staffing-4458753344,BIM Specialist/Modeler,KODIAK Construction Recruiting &amp; Staffing,posted,2026-09-15T14:41:54.242476,155
f98585d03ecbf3bb,https://au.linkedin.com/jobs/view/sales-development-representative-at-marloo-4467426558,Sales Development Representative,Marloo,posted,2026-09-15T14:42:21.309732,37
4dba369af1f770e6,https://au.linkedin.com/jobs/view/customer-service-representative-at-datacom-4467422039,Customer Service Representative,Datacom,posted,2026-09-15T14:42:30.100535,111
33a318e3d4cda056,https://au.linkedin.com/jobs/view/senior-communications-technician-at-queensland-police-service-4467456021,Senior Communications Technician,,scraped,2026-09-15T14:42:36.978972,
2545b52c36b5b65f,https://au.linkedin.com/jobs/view/payroll-co-ordinator-at-veritas-recruitment-4467453173,Payroll Co-ordinator,,scraped,2026-09-15T14:42:43.618907,
d606286a571f96d2,https://au.linkedin.com/jobs/view/recruitment-specialist-blue-collar-at-monadelphous-4463589547,Recruitment Specialist - Blue Collar,,scraped,2026-09-15T14:42:52.253019,
9d25745c27384908,https://au.linkedin.com/jobs/view/remedial-estimator-at-cgc-recruitment-4467729031,Remedial Estimator,,scraped,2026-09-15T14:43:37.065862,
8c719dc0deaf03a6,https://au.linkedin.com/jobs/view/telco-sales-coordinator-at-jb-hi-fi-4457425067,Telco Sales Coordinator,,scraped,2026-09-15T14:44:00.917158,
83e78a97b8d1183f,https://au.linkedin.com/jobs/view/boilermaker-at-rsgx-4467037719,Boilermaker,,scraped,2026-09-15T14:44:18.145157,
fc03e377a0b3b3f8,https://au.linkedin.com/jobs/view/yardperson-portables-at-onsite-rental-group-4467487027,Yardperson - Portables,,scraped,2026-09-15T14:45:01.213943,
d9b588a8339e18af,https://au.linkedin.com/jobs/view/corporate-travel-consultant-perth-wa-at-flight-centre-travel-group-4458726478,"Corporate Travel Consultant - Perth, WA",,scraped,2026-09-15T14:45:22.182921,
e29853e0ca7d3c63,https://au.linkedin.com/jobs/view/ame-level3-at-lockheed-martin-4465533591,AME- Level3,Lockheed Martin,posted,2026-09-15T14:45:42.273141,157
a5bcca811ee1a8bd,https://au.linkedin.com/jobs/view/assistant-store-manager-at-bapcor-limited-4467730172,Assistant Store Manager,,scraped,2026-09-15T14:46:50.900259,
8ce9ccca1b181640,https://au.linkedin.com/jobs/view/smokemart-gift-box-midland-gate-sales-assistant-at-smokemart-giftbox-4467061255,Smokemart & Gift Box Midland Gate - Sales Assistant,,scraped,2026-09-15T14:47:10.203779,
712b8cf47a248e7a,https://au.linkedin.com/jobs/view/document-controller-at-kaizen-global-technologies-4466154321,Document Controller,Kaizen Global Technologies,posted,2026-09-15T14:47:27.445417,159
78f38bca29f175c9,https://au.linkedin.com/jobs/view/wardsperson-at-hunter-new-england-local-health-district-4466185535,Wardsperson,,scraped,2026-09-15T14:47:48.183789,
2116f0bf0619c85d,https://au.linkedin.com/jobs/view/head-of-character-effects-cfx-netflix-animation-studios-at-netflix-4456504500,Head of Character Effects (CFX) - Netflix Animation Studios,Netflix,posted,2026-09-15T14:49:05.083840,161
ee8bfcae1eac29fa,https://au.linkedin.com/jobs/view/field-technician-at-tabcorp-4441958089,Field Technician,Tabcorp,posted,2026-09-15T14:49:36.949278,35
3f747d8b3117c967,https://au.linkedin.com/jobs/view/search-strategist-advertising-at-rare-pty-ltd-4466186809,Search Strategist - Advertising,,scraped,2026-09-15T14:49:40.087425,
d4846e860fb4f1d8,https://au.linkedin.com/jobs/view/assistant-restaurant-manager-at-grill-d-4447691175,Assistant Restaurant Manager,,scraped,2026-09-15T14:49:49.812401,
0b0b2e0fa8a85cc7,https://au.linkedin.com/jobs/view/equipment-sales-specialist-at-embodied-corporate-solutions-4466167361,Equipment Sales Specialist,Embodied Corporate Solutions,posted,2026-09-15T14:50:18.617597,163
76a8fc3478cc1390,https://au.linkedin.com/jobs/view/assistant-store-manager-bcf-taren-point-superstore-at-bcf-boating-camping-fishing-4467445443,Assistant Store Manager - BCF Taren Point Superstore,,scraped,2026-09-15T14:50:23.349128,
8b34ac777f31f7e3,https://au.linkedin.com/jobs/view/motor-fitter-at-metro-trains-melbourne-4467044350,Motor Fitter,,scraped,2026-09-15T14:50:31.864817,
020861b8680f71fb,https://au.linkedin.com/jobs/view/hoka-retail-assistant-store-manager-harbour-town-sa-new-store-at-hoka-australia-4436643822,HOKA Retail Assistant Store Manager | Harbour Town SA - NEW STORE,,scraped,2026-09-15T14:50:44.864241,
81830864a30b11e3,https://au.linkedin.com/jobs/view/systems-research-engineer-applied-ai-up-to-a%24420k-%2B-equity-100%25-remote-from-australia-us-ai-company-fully-async-at-big-wave-digital-4466124872,Systems & Research Engineer | Applied AI | Up to A$420K + Equity 100% Remote from Australia | US AI Company | Fully Async,,scraped,2026-09-15T14:51:05.113504,
bcf2d52c3bb66f6a,https://au.linkedin.com/jobs/view/assistant-store-manager-supercheap-auto-wetherill-park-at-supercheap-auto-4447981099,Assistant Store Manager - Supercheap Auto Wetherill Park,Supercheap Auto,posted,2026-09-15T19:24:17.703115,165
148e79f9d4d1c7e7,https://au.linkedin.com/jobs/view/associate-account-executive-at-podium-4456550148,Associate Account Executive,Podium,posted,2026-09-15T19:24:45.853289,167
d33025da68c80e0f,https://au.linkedin.com/jobs/view/facilities-services-estimator-at-pinpoint-property-recruitment-4466169351,Facilities Services Estimator,,scraped,2026-09-15T19:24:48.525680,
d374b11fbf662f5c,https://au.linkedin.com/jobs/view/assistant-manager-macquarie-inn-at-alh-hotels-4458579977,Assistant Manager - Macquarie Inn,,scraped,2026-09-15T19:26:11.393535,
8bb113eaa1f918b0,https://au.linkedin.com/jobs/view/assistant-store-manager-lidcombe-at-skechers-australia-new-zealand-4465296104,Assistant Store Manager - Lidcombe,,scraped,2026-09-15T19:26:38.115423,
85efa709ee74b579,https://au.linkedin.com/jobs/view/account-executive-at-jenkin-beattie-4466171532,Account Executive,,scraped,2026-09-15T19:27:03.043257,
240896c44db8af2b,https://au.linkedin.com/jobs/view/accountant-at-cutcher-neale-accounting-and-financial-services-4467700159,Accountant,,scraped,2026-09-15T19:27:09.735957,
f2a1b2a885a79019,https://au.linkedin.com/jobs/view/external-audit-expressions-of-interest-at-bdo-in-australia-4458530455,External Audit | Expressions of Interest,,scraped,2026-09-15T19:28:48.444397,
f55d6378a14d68ae,https://au.linkedin.com/jobs/view/anaplan-developer-at-nbn%C2%AE-australia-4465727298,Anaplan Developer,,scraped,2026-09-15T19:28:59.848807,
5772e26259c9694b,https://au.linkedin.com/jobs/view/customer-service-representative-at-datacom-4467411791,Customer Service Representative,Datacom,posted,2026-09-15T19:29:14.466813,111
4a5c7507b5f9de97,https://au.linkedin.com/jobs/view/intelligence-manager-senior-manager-at-mcgrathnicol-4467441471,Intelligence Manager / Senior Manager,,scraped,2026-09-15T19:29:33.138182,
4b98d0789e373517,https://au.linkedin.com/jobs/view/business-development-representative-at-genesys-4465559417,Business Development Representative,Genesys,posted,2026-09-15T19:29:55.839339,169
50e54da4124bea6d,https://au.linkedin.com/jobs/view/publican-venue-manager-brass-monkey-hotel-at-alh-hotels-4448820593,Publican (Venue Manager) - Brass Monkey Hotel,,scraped,2026-09-15T19:30:18.521757,
7142dabc732275b0,https://au.linkedin.com/jobs/view/store-manager-at-pop-mart-4437149855,Store Manager,,scraped,2026-09-15T19:30:37.139682,
474facd4b47637ea,https://au.linkedin.com/jobs/view/groundskeeper-at-fresh-hope-communities-4467438871,Groundskeeper,,scraped,2026-09-15T19:31:00.864388,
8ab980f3c60d31b6,https://au.linkedin.com/jobs/view/smokemart-gift-box-lake-haven-sales-assistant-at-smokemart-giftbox-4465560714,Smokemart & Gift Box Lake Haven - Sales Assistant,,scraped,2026-09-15T19:31:14.659817,
8bae89bdac0ba3cf,https://au.linkedin.com/jobs/view/site-reliability-engineer-ii-apac-at-jamf-4458585793,"Site Reliability Engineer II, APAC",Jamf,posted,2026-09-15T19:31:36.892957,171
fe8e90993a5f7cfe,https://au.linkedin.com/jobs/view/accommodation-manager-sandbelt-club-hotel-at-alh-hotels-4411073393,Accommodation Manager - Sandbelt Club hotel,,scraped,2026-09-15T19:31:53.540669,
af0da5fd831b7f14,https://au.linkedin.com/jobs/view/electrician-at-epiroc-4457457023,Electrician,,scraped,2026-09-15T19:31:59.951619,
cb3b1097db88307f,https://au.linkedin.com/jobs/view/section-lead-flowers-redfern-at-harris-farm-markets-4465528012,Section Lead - Flowers - Redfern,,scraped,2026-09-15T19:32:22.693714,
2bb46eff15ec1dca,https://au.linkedin.com/jobs/view/the-north-face-assistant-store-manager-perth-at-the-north-face-4390479697,The North Face : Assistant Store Manager- Perth,The North Face,posted,2026-09-15T19:32:41.764475,173
237b90f083e6d7f8,https://au.linkedin.com/jobs/view/assistant-store-manager-at-bapcor-limited-4467450795,Assistant Store Manager,,scraped,2026-09-15T19:33:14.841374,
36a1f325d14070be,https://au.linkedin.com/jobs/view/account-executive-at-shk-asia-pacific-4466186007,Account Executive,,scraped,2026-09-15T19:33:26.200366,
97c31f5adfa4932e,https://au.linkedin.com/jobs/view/labourer-talent-pool-at-mcnab-4466172676,Labourer Talent Pool,,scraped,2026-09-15T19:33:33.042765,
407da6c4f77f5c81,https://au.linkedin.com/jobs/view/accountant-at-cutcher-neale-accounting-and-financial-services-4467701137,Accountant,,scraped,2026-09-15T19:33:51.887423,
8104501ccd5f5988,https://au.linkedin.com/jobs/view/barista-at-infotrack-au-4466164753,Barista,,scraped,2026-09-15T19:34:18.716031,
4fc2371dec8b3edb,https://au.linkedin.com/jobs/view/teacher-mathematics-at-catholic-education-western-australia-4465682499,Teacher (Mathematics),,scraped,2026-09-15T19:35:00.847560,
2c577902de377436,https://au.linkedin.com/jobs/view/receptionist-at-qscan-group-4460718336,Receptionist,,scraped,2026-09-15T19:35:07.801173,
fdcaa88c1911a690,https://au.linkedin.com/jobs/view/assistant-manager-hinterland-hotel-motel-at-alh-hotels-4448825507,Assistant Manager - Hinterland Hotel / Motel,,scraped,2026-09-15T19:35:24.166345,
20a53571b9cbccb8,https://au.linkedin.com/jobs/view/early-career-landscape-architect-at-rps-4458746491,Early Career Landscape Architect,,scraped,2026-09-15T19:36:18.461368,
eb8e8dceabde7944,https://au.linkedin.com/jobs/view/leasing-agent-at-gough-recruitment-4466193127,Leasing Agent,,scraped,2026-09-15T19:36:27.538971,
7372f6d52d5f2e71,https://au.linkedin.com/jobs/view/assistant-store-manager-supercheap-auto-bundaberg-at-supercheap-auto-4439146031,Assistant Store Manager - Supercheap Auto Bundaberg,Supercheap Auto,posted,2026-09-15T19:36:58.813204,175
da50a9829aa9654f,https://au.linkedin.com/jobs/view/operations-manager-at-glitch-productions-4456870767,Operations Manager,,scraped,2026-09-15T19:37:05.452782,
f9e59a64205075c5,https://au.linkedin.com/jobs/view/early-career-landscape-architect-at-rps-4458725783,Early Career Landscape Architect,,scraped,2026-09-15T19:37:20.850669,
0e824727ac193b61,https://au.linkedin.com/jobs/view/gtm-engineer-at-upguard-4457465257,GTM Engineer,UpGuard,posted,2026-09-15T19:37:39.895584,177
324cf2f542684fb1,https://au.linkedin.com/jobs/view/social-media-executive-at-herd-msl-4466168204,Social Media Executive,,scraped,2026-09-15T19:37:54.595943,
194d30e4ec1489f1,https://au.linkedin.com/jobs/view/talent-acquisition-advisor-at-mcmahon-services-4467045014,Talent Acquisition Advisor,,scraped,2026-09-15T19:38:17.665984,
2f07b7292161a7a1,https://au.linkedin.com/jobs/view/business-development-associate-at-weave-recruitment-4465734117,Business Development Associate,,scraped,2026-09-15T19:38:28.270016,
6a80d52949e9828a,https://au.linkedin.com/jobs/view/chief-financial-officer-at-the-department-of-the-house-of-representatives-4466185132,Chief Financial Officer,,scraped,2026-09-15T19:38:47.038624,
358e1e1a2980c455,https://au.linkedin.com/jobs/view/civil-design-drafter-at-northrop-consulting-engineers-4458710129,Civil Design Drafter,,scraped,2026-09-15T19:38:57.002565,
ba35e2bb1d75e1e4,https://au.linkedin.com/jobs/view/service-technician-at-star-group-of-companies-australia-4439486807,Service Technician,,scraped,2026-09-15T19:39:05.857829,
6fdd7db049262c23,https://au.linkedin.com/jobs/view/underwriter-cyber-at-liberty-in-asia-pacific-4467049931,"Underwriter, Cyber",,scraped,2026-09-15T19:39:13.933833,
cd161c33dd7a8001,https://au.linkedin.com/jobs/view/commercial-and-sales-assistant-at-mccain-foods-4458713396,Commercial and Sales Assistant,,scraped,2026-09-15T19:39:33.472642,
062b0141192c20d6,https://au.linkedin.com/jobs/view/general-manager-workplace-relations-at-tandem-partners-pty-ltd-4467076659,General Manager - Workplace Relations,,scraped,2026-09-15T19:39:40.239287,
734aa7f569ef0f66,https://au.linkedin.com/jobs/view/quantity-surveyor-at-karan-co-4467477168,Quantity Surveyor,,scraped,2026-09-15T19:39:47.484016,
6bba44fa4df6ff24,https://au.linkedin.com/jobs/view/business-analyst-at-infosys-4465502106,Business Analyst,Infosys,posted,2026-09-15T19:40:14.559100,179
fc908feaec23c500,https://au.linkedin.com/jobs/view/trade-outlet-recruiter-%E2%80%93-australia-new-zealand-at-games-workshop-4467424534,Trade Outlet Recruiter – Australia/New Zealand,,scraped,2026-09-15T19:40:17.632356,
8245ffce1cc7f8d3,https://au.linkedin.com/jobs/view/restaurant-supervisor-full-time-role-dfo-homebush-at-mad-mex-4465913223,Restaurant Supervisor - Full Time Role DFO Homebush,,scraped,2026-09-15T22:33:18.688343,
5760924fc052ccca,https://au.linkedin.com/jobs/view/expression-of-interest-store-manager-dan-murphy-s-northern-beaches-at-dan-murphy-s-4458750025,Expression of Interest - Store Manager - Dan Murphy's Northern Beaches,,scraped,2026-09-15T22:33:44.735987,
e27787f2e69fcea2,https://au.linkedin.com/jobs/view/expression-of-interest-cfx-netflix-animation-studios-at-netflix-4456512388,Expression of Interest - CFX - Netflix Animation Studios,Netflix,posted,2026-09-15T22:36:39.496796,181
e4fdf9f194c62cb3,https://au.linkedin.com/jobs/view/billing-analyst-at-smokeball-australia-4460245224,Billing Analyst,,scraped,2026-09-15T22:37:04.127492,
780a09d590478e75,https://au.linkedin.com/jobs/view/intelligence-analyst-senior-analyst-at-mcgrathnicol-4467046977,Intelligence Analyst / Senior Analyst,,scraped,2026-09-15T22:37:38.753132,
94ce5dee973e9493,https://au.linkedin.com/jobs/view/new-store-retail-store-manager-morley-western-australia-at-ghanda-clothing-4465916231,NEW STORE - Retail Store Manager - Morley WESTERN AUSTRALIA,,scraped,2026-09-15T22:40:41.384268,
3ab0b1e7eef91648,https://au.linkedin.com/jobs/view/bar-supervisor-full-time-ovolo-canberra-nishi-at-ovolo-hotels-4465921168,Bar Supervisor (Full Time) Ovolo Canberra (Nishi),,scraped,2026-09-15T22:42:17.924997,
0ca08d87385609d3,https://au.linkedin.com/jobs/view/domain-expert-accounting-practices-at-myob-4465374460,Domain Expert - Accounting Practices,,scraped,2026-09-15T22:42:59.224454,
38e6f9d88cf3dd66,https://au.linkedin.com/jobs/view/assistant-store-manager-western-australia-expression-of-interest-at-aldi-stores-australia-4273858820,"Assistant Store Manager, Western Australia - Expression of Interest",,scraped,2026-09-15T22:43:24.184180,
8d4743f6c7632881,https://au.linkedin.com/jobs/view/english-literature-teacher-senior-school-at-haileybury-4458584823,English Literature Teacher - Senior School,Haileybury,posted,2026-09-15T22:45:41.707762,183
7417a3061e44e3ae,https://au.linkedin.com/jobs/view/sales-development-representative-at-wow-recruitment-4466595573,Sales Development Representative,,scraped,2026-09-16T02:00:29.623027,
1f2d1e9f94c8b1e1,https://au.linkedin.com/jobs/view/account-executive-at-data%233-4465269806,Account Executive,,scraped,2026-09-16T02:00:52.674126,
eb7c1611672c740c,https://au.linkedin.com/jobs/view/sales-development-representative-at-bishopp-4467915754,Sales Development Representative,,scraped,2026-09-16T02:01:28.706468,
88fff7236260c8dc,https://au.linkedin.com/jobs/view/general-practitioner-gp-practice-doctor-at-geelong-careers-4467924002,General Practitioner (Gp) / Practice Doctor,Geelong Careers,posted,2026-09-16T02:03:15.404908,185
293a5c69277169d6,https://au.linkedin.com/jobs/view/handyperson-at-unilodge-living-group-4467498086,Handyperson,,scraped,2026-09-16T02:05:00.035776,
6a29e0620b61b083,https://au.linkedin.com/jobs/view/store-manager-dan-murphy-s-traralgon-at-dan-murphy-s-4467080162,Store Manager - Dan Murphy's - Traralgon,,scraped,2026-09-16T02:05:20.446133,
78399eda53c6d814,https://au.linkedin.com/jobs/view/payroll-officer-at-bdo-in-australia-4458576900,Payroll Officer,,scraped,2026-09-16T02:05:55.232507,
131c1d8d3d7d2afb,https://au.linkedin.com/jobs/view/frozen-chilled-team-member-at-woolworths-group-4466753094,Frozen/Chilled Team Member,,scraped,2026-09-16T02:06:20.241682,
6b4eda2f31884f32,https://au.linkedin.com/jobs/view/assistant-manager-slug-and-lettuce-at-alh-hotels-4445460828,Assistant Manager - Slug and Lettuce,,scraped,2026-09-16T02:06:50.919333,
b876c424fc7ffca2,https://au.linkedin.com/jobs/view/store-manager-chermside-at-luxury-escapes-4465512451,Store Manager - Chermside,,scraped,2026-09-16T02:07:39.372466,
25b7783fb6216189,https://au.linkedin.com/jobs/view/account-manager-at-team-global-express-4463819382,Account Manager,,scraped,2026-09-16T02:07:49.438061,
b275b2be144f420c,https://au.linkedin.com/jobs/view/public-relations-specialist-at-id-collective-4467035666,Public Relations Specialist,,scraped,2026-09-16T02:07:56.801499,
ba5c5ea85a8f2be3,https://au.linkedin.com/jobs/view/local-business-banker-launceston-at-westpac-4467713099,Local Business Banker - Launceston,,scraped,2026-09-16T02:08:07.449496,
6ef6bb61d90e80bc,https://au.linkedin.com/jobs/view/business-development-officer-cashflow-equipment-finance-at-indigenous-business-australia-4467935031,"Business Development Officer, Cashflow & Equipment Finance",Indigenous Business Australia,posted,2026-09-16T02:08:32.568412,187
e9089c3c08b4833a,https://au.linkedin.com/jobs/view/business-development-representative-at-people2people-4466810612,Business Development Representative,,scraped,2026-09-16T02:08:55.194937,
d698f85330539c5b,https://au.linkedin.com/jobs/view/store-manager-gazman-mona-vale-new-store-openiing%21-at-austin-group-4467476149,Store Manager | GAZMAN Mona Vale - New Store Openiing!,,scraped,2026-09-16T02:09:10.041725,
4644f831b6eb3c4c,https://au.linkedin.com/jobs/view/draftsperson-at-irish-around-oz-4467919083,Draftsperson,Irish Around Oz,posted,2026-09-16T02:09:38.871212,189
3499f6e07229e9b3,https://au.linkedin.com/jobs/view/ai-engineer-%E2%80%93-generative-ai-automation-at-fbc-asia-pacific-inc-4466809485,AI Engineer – Generative AI & Automation,FBC Asia Pacific Inc,posted,2026-09-16T02:10:10.477869,191
57c054745c7efb7c,https://au.linkedin.com/jobs/view/payroll-officer-at-bdo-in-australia-4458598491,Payroll Officer,,scraped,2026-09-16T02:10:35.139027,
d433b999d7fe51c3,https://au.linkedin.com/jobs/view/recruiter-at-fisher-investments-4466594003,Recruiter,Fisher Investments,posted,2026-09-16T02:11:20.443368,193
60a2192121c09aca,https://au.linkedin.com/jobs/view/assistant-restaurant-manager-at-grill-d-4447686305,Assistant Restaurant Manager,,scraped,2026-09-16T02:11:29.019609,
847581b32d7a40fc,https://au.linkedin.com/jobs/view/occupational-therapist-graduates-welcome-to-apply%21-at-national-360-4467920967,Occupational Therapist - Graduates welcome to apply!,,scraped,2026-09-16T02:11:59.062922,
d3f99cf741c3995c,https://au.linkedin.com/jobs/view/assistant-store-manager-every-sunday-off-broadmeadows-at-the-reject-shop-4455858626,"Assistant Store Manager, Every Sunday Off, Broadmeadows",,scraped,2026-09-16T02:12:40.480634,
339c04394cae3a25,https://au.linkedin.com/jobs/view/payroll-officer-at-bdo-in-australia-4458585893,Payroll Officer,,scraped,2026-09-16T02:12:49.028631,
f843b44682962e4a,https://au.linkedin.com/jobs/view/financial-planning-assistant-%E2%80%93-graduate-entry-level-at-franc-mark-sterling-4466803357,Financial Planning Assistant – Graduate/Entry Level,Franc Mark Sterling,posted,2026-09-16T02:13:12.839293,195
b48327c5557e674f,https://au.linkedin.com/jobs/view/maintenance-electrician-hazardous-areas-at-ugl-4448816982,Maintenance Electrician - Hazardous Areas,,scraped,2026-09-16T02:13:23.417751,
0eb8db58a5a8d9a6,https://au.linkedin.com/jobs/view/in-store-visual-merchandise-manager-chatswood-chase-at-alo-4467911437,In-Store Visual Merchandise Manager - Chatswood Chase,ALO,posted,2026-09-16T02:13:58.588719,197
61607df7a0ac423a,https://au.linkedin.com/jobs/view/shift-leader-at-papa-johns-4439116321,Shift Leader,Papa Johns,posted,2026-09-16T02:14:13.802638,199
d9557065e9f0a8a5,https://au.linkedin.com/jobs/view/dentist-south-australia-expression-of-interest-at-national-dental-care-4465936416,Dentist | South Australia | Expression of Interest,,scraped,2026-09-16T02:14:42.501348,
dd47ccb62e907ca0,https://au.linkedin.com/jobs/view/via-specialist-at-moir-studio-4466143705,VIA Specialist,Moir Studio,posted,2026-09-16T02:15:07.058769,201
5380b4d8e04b1502,https://au.linkedin.com/jobs/view/retail-security-officer-at-ocs-4458746523,Retail Security Officer,OCS,posted,2026-09-16T02:15:31.296939,203
3ef2fb288d63c6b3,https://au.linkedin.com/jobs/view/reddy-express-faulconbridge-customer-service-representative-at-otr-4465569673,Reddy Express Faulconbridge - Customer Service Representative,,scraped,2026-09-16T02:16:11.958063,
1dacb4c7afafef17,https://au.linkedin.com/jobs/view/general-practitioner-4466802605,General Practitioner,Walker Street Doctors North Sydney,posted,2026-09-16T07:05:37.896455,61
7fcfb3e12bd61140,https://au.linkedin.com/jobs/view/sales-development-representative-sdr-at-latner-software-4466822152,Sales Development Representative (SDR),,scraped,2026-09-16T07:05:42.693504,
21113d9006c23636,https://au.linkedin.com/jobs/view/account-executive-at-avepoint-4465162525,Account Executive,AvePoint,posted,2026-09-16T07:06:29.950456,205
ed29b4292cc5fe75,https://au.linkedin.com/jobs/view/sales-development-representative-at-netskope-4438562851,Sales Development Representative,Netskope,posted,2026-09-16T07:06:52.971417,37
1d808931a9f15dad,https://au.linkedin.com/jobs/view/smokemart-gift-box-penrith-sales-assistant-at-smokemart-giftbox-4467938548,Smokemart & Gift Box Penrith - Sales Assistant,,scraped,2026-09-16T07:07:01.585187,
8c88a9b2be2e669b,https://au.linkedin.com/jobs/view/sales-assistant-at-ppg-4467938720,Sales Assistant,PPG,posted,2026-09-16T07:07:22.288801,207
6e61803d9b8986fe,https://au.linkedin.com/jobs/view/visual-merchandiser-noarlunga-at-freedom-australia-4463984042,Visual Merchandiser - Noarlunga,,scraped,2026-09-16T07:07:26.988046,
a0eda567779b337b,https://au.linkedin.com/jobs/view/store-manager-at-antojitos-mexicanos-la-jefa-4467940893,Store Manager,Antojitos Mexicanos La Jefa,posted,2026-09-16T07:07:38.154673,127
34785c086c9a7df4,https://au.linkedin.com/jobs/view/account-executive-mid-market-at-zeller-4168361309,Account Executive (Mid-Market),,scraped,2026-09-16T07:07:56.821847,
3a54bc562f753bcd,https://au.linkedin.com/jobs/view/trade-operator-at-loram-maintenance-of-way-inc-4411326974,Trade Operator,"Loram Maintenance of Way, Inc.",posted,2026-09-16T07:08:26.119396,209
e0e5faaa7c43bc48,https://au.linkedin.com/jobs/view/business-development-manager-at-podium-4456550148,Business Development Manager,Podium,posted,2026-09-16T07:08:33.562391,109
aaf95308b6164b2e,https://au.linkedin.com/jobs/view/store-manager-new-store-angle-vale-at-petstock-group-4466188286,Store Manager | NEW STORE | Angle Vale,,scraped,2026-09-16T07:09:28.372279,
d717e908d1f5a6ea,https://au.linkedin.com/jobs/view/store-manager-at-antojitos-mexicanos-la-jefa-4467954798,Store Manager,Antojitos Mexicanos La Jefa,posted,2026-09-16T07:09:37.687132,127
b38a7b6b8507968a,https://au.linkedin.com/jobs/view/retail-sales-assistant-at-bapcor-limited-4467960654,Retail Sales Assistant,,scraped,2026-09-16T07:09:44.465164,
4da561dc716fc98d,https://au.linkedin.com/jobs/view/assistant-store-manager-at-antojitos-mexicanos-la-jefa-4467950820,Assistant Store Manager,Antojitos Mexicanos La Jefa,posted,2026-09-16T07:09:55.999395,95
bd628afd6af508ac,https://au.linkedin.com/jobs/view/full-time-shift-supervisor-pakenham-at-guzman-y-gomez-mexican-kitchen-4465285178,Full Time - Shift Supervisor - Pakenham,,scraped,2026-09-16T07:10:04.705858,
8b7282a5cb5257e8,https://au.linkedin.com/jobs/view/assistant-store-manager-supercheap-auto-currimundi-at-supercheap-auto-4448518055,Assistant Store Manager - Supercheap Auto Currimundi,Supercheap Auto,posted,2026-09-16T07:10:42.349573,211
0d084b39b73e5a90,https://au.linkedin.com/jobs/view/finance-manager-at-procreate-4458596528,Finance Manager,,scraped,2026-09-16T07:10:46.981407,
2d96b803139442fb,https://au.linkedin.com/jobs/view/skechers-sales-assistants-brisbane-dfo-at-skechers-australia-new-zealand-4465950360,Skechers Sales Assistants - Brisbane DFO,,scraped,2026-09-16T07:11:49.781352,
135ae4fc79912c5a,https://au.linkedin.com/jobs/view/butcher-drummoyne-at-harris-farm-markets-4465952406,Butcher - Drummoyne,,scraped,2026-09-16T07:12:04.371727,
adf32622c6f48812,https://au.linkedin.com/jobs/view/store-manager-bondi-junction-at-stylerunner-4467942749,Store Manager Bondi Junction,Stylerunner,posted,2026-09-16T07:12:30.235257,213
813ad8623e4c832b,https://au.linkedin.com/jobs/view/maintenance-fitter-at-bega-group-4465961277,Maintenance Fitter,,scraped,2026-09-16T07:12:36.871713,
2fc89311783dbd4f,https://au.linkedin.com/jobs/view/smokemart-giftbox-new-town-%E2%80%93-sales-assistant-at-smokemart-giftbox-4467948452,Smokemart & GiftBox New Town – Sales Assistant,,scraped,2026-09-16T07:13:10.246943,
71d78c6f8d100f49,https://au.linkedin.com/jobs/view/security-director-at-ericsson-4466190549,Security Director,,scraped,2026-09-16T07:13:20.485986,
694452aee206f2ed,https://au.linkedin.com/jobs/view/assistant-store-manager-southport-at-pillow-talk-australia-4466834541,Assistant Store Manager - Southport,,scraped,2026-09-16T07:13:53.112370,
c1806e11ce7c55af,https://au.linkedin.com/jobs/view/payroll-specialist-at-beca-4467945765,Payroll Specialist,,scraped,2026-09-16T07:14:00.550621,
e4df178e1e52fb03,https://au.linkedin.com/jobs/view/site-manager-at-w3global-4466815494,Site Manager,W3Global,posted,2026-09-16T07:14:21.271644,215
bd42773e87aefbce,https://au.linkedin.com/jobs/view/chef-greenwood-tavern-at-alh-hotels-4465609767,Chef - Greenwood Tavern,,scraped,2026-09-16T07:14:25.988527,
6dd3ada6d7d6a4f8,https://au.linkedin.com/jobs/view/kmart-south-locations-department-manager-at-kmart-australia-limited-4465962393,Kmart South Locations - Department Manager,Kmart Australia Limited,posted,2026-09-16T07:14:56.575178,217
74b6b803ef2f5cb1,https://au.linkedin.com/jobs/view/store-manager-at-antojitos-mexicanos-la-jefa-4467962008,Store Manager,Antojitos Mexicanos La Jefa,posted,2026-09-16T07:15:01.663183,127
69c2bcb1f573f613,https://au.linkedin.com/jobs/view/target-tuggeranong-store-manager-at-target-australia-4465966173,Target Tuggeranong - Store Manager,Target Australia,posted,2026-09-16T07:15:14.808334,219
09531953b0d62332,https://au.linkedin.com/jobs/view/workday-extend-architect-at-kainos-4463965858,Workday Extend Architect,,scraped,2026-09-16T07:15:31.539198,
eeb8ba604bdb03cf,https://au.linkedin.com/jobs/view/inside-sales-representative-at-wesco-anixter-security-branches-australia-4458163110,Inside Sales Representative,,scraped,2026-09-16T07:15:44.954181,
ba4b5edc72bc8362,https://au.linkedin.com/jobs/view/assistant-store-manager-at-bapcor-limited-4467726179,Assistant Store Manager,,scraped,2026-09-16T07:15:58.085896,
44639ba58bde9614,https://au.linkedin.com/jobs/view/regulatory-affairs-manager-at-federal-hospitality-4466506136,Regulatory Affairs Manager,,scraped,2026-09-16T07:16:52.917981,
b467387b09bb7b52,https://au.linkedin.com/jobs/view/care-worker-at-southern-cross-care-wa-4465514056,Care Worker,,scraped,2026-09-16T07:17:22.329041,
8f292c11b977272c,https://au.linkedin.com/jobs/view/glass-production-worker-at-ventora-4467702002,Glass Production Worker,VENTORA,posted,2026-09-16T07:17:44.249795,221
f1291c138997e45d,https://au.linkedin.com/jobs/view/hype-dc-store-manager-belconnen-at-hype-dc-pty-limited-4467960536,Hype DC Store Manager - Belconnen,HYPE DC Pty Limited,posted,2026-09-16T07:18:06.714537,223
9bad04825464cb36,https://au.linkedin.com/jobs/view/expression-of-interest-at-cutcher-neale-accounting-and-financial-services-4467702177,Expression of interest,,scraped,2026-09-16T07:18:15.263002,
2952dfd5176a76cd,https://au.linkedin.com/jobs/view/retail-sales-assistant-joondalup-at-lorna-jane-4465723733,Retail Sales Assistant - Joondalup,,scraped,2026-09-16T07:18:21.596533,
ec02a05020e9ddf5,https://au.linkedin.com/jobs/view/technician-resident-field-service-at-komatsu-australia-4465528480,Technician - Resident Field Service,,scraped,2026-09-16T07:18:46.297035,
ac124fdacdc1e66a,https://au.linkedin.com/jobs/view/store-person-at-early-settler-4466508113,Store Person,,scraped,2026-09-16T07:19:35.611844,
9494d5abb7192372,https://au.linkedin.com/jobs/view/teacher-home-economics-at-catholic-education-western-australia-4467968233,Teacher (Home Economics),,scraped,2026-09-16T07:19:44.938146,
cf9052d566faa800,https://au.linkedin.com/jobs/view/store-manager-southland-at-skechers-australia-new-zealand-4465956310,Store Manager - Southland,,scraped,2026-09-16T07:19:53.982329,
23360436cfe04ea1,https://au.linkedin.com/jobs/view/assistant-manager-oxley-tavern-at-alh-hotels-4467969100,Assistant Manager - Oxley Tavern,,scraped,2026-09-16T07:20:04.692635,
055083d6d6606592,https://au.linkedin.com/jobs/view/occupational-therapist-at-spot-paediatrics-4466126623,Occupational Therapist,,scraped,2026-09-16T07:20:33.203574,
f0253378e1c2e65c,https://au.linkedin.com/jobs/view/full-time-assistant-store-manager-angus-coote-morley-galleria-at-jpl-group-4467959587,Full Time Assistant Store Manager | Angus & Coote Morley Galleria,,scraped,2026-09-16T07:20:54.697405,
9adc0a6caa5bcaf8,https://au.linkedin.com/jobs/view/reddy-express-tugun-customer-service-representative-at-otr-4466509289,Reddy Express Tugun - Customer Service Representative,,scraped,2026-09-16T07:21:12.112921,
b54c6ddd2af0d1d0,https://au.linkedin.com/jobs/view/elk-administrator-at-talent-4466822005,ELK Administrator,Talent,posted,2026-09-16T07:21:35.253629,225
7d6cdd4693d51ab6,https://au.linkedin.com/jobs/view/employment-consultant-at-apm-employment-services-4465931506,Employment Consultant,,scraped,2026-09-16T07:22:10.035392,
2f9aca22bbc4d93f,https://au.linkedin.com/jobs/view/sales-representative-construction-equipment-hire-at-salexo-consulting-4464173935,Sales Representative - Construction Equipment Hire,,scraped,2026-09-16T07:23:15.602794,
91a7986b2f81c5eb,https://au.linkedin.com/jobs/view/dentist-south-australia-expression-of-interest-at-national-dental-care-4465932934,Dentist | South Australia | Expression of Interest,,scraped,2026-09-16T07:23:26.452997,
15de190b4e1e549f,https://au.linkedin.com/jobs/view/national-visual-merchandising-manager-at-best-less-4466146853,National Visual Merchandising Manager,,scraped,2026-09-16T07:23:37.568546,
1ed12bd8e4eb32fd,https://au.linkedin.com/jobs/view/junior-business-development-manager-at-streem-media-monitoring-insights-4466823372,Junior Business Development Manager,,scraped,2026-09-16T07:23:49.611842,
6f1c61152ef1c29c,https://au.linkedin.com/jobs/view/melbourne-based-gp-%E2%80%93-face-to-face-and-telehealth-4466181224,Melbourne-Based GP – Face-to-Face and Telehealth,Frontline Clinic,posted,2026-09-16T07:24:03.971672,227
2a6ac5c4acd4da8c,https://au.linkedin.com/jobs/view/agri-underwriter-at-iag-4448150184,Agri Underwriter,IAG,posted,2026-09-16T07:24:17.161395,229
3b2ad7b3e3fb8b15,https://au.linkedin.com/jobs/view/content-social-media-specialist-at-bespokeiq-4465622807,Content & Social Media Specialist,,scraped,2026-09-16T07:24:19.736912,
5c7d0fe677b1430c,https://au.linkedin.com/jobs/view/assistant-manager-belmont-tavern-at-alh-hotels-4467972061,Assistant Manager - Belmont Tavern,,scraped,2026-09-16T07:24:33.953057,
ccf3a1f7b13ad2d4,https://au.linkedin.com/jobs/view/store-manager-supre-myer-centre-brisbane-at-cotton-on-group-4458583087,Store Manager - Supre Myer Centre Brisbane,,scraped,2026-09-16T07:24:48.501257,
454794468e69fb8c,https://au.linkedin.com/jobs/view/platypus-store-manager-canberra-outlet-at-platypus-shoes-4467991156,Platypus Store Manager - Canberra Outlet,,scraped,2026-09-16T12:56:26.292949,
14b112ea7ee6cf98,https://au.linkedin.com/jobs/view/retail-sales-assistant-at-bapcor-limited-4467955721,Retail Sales Assistant,,scraped,2026-09-16T12:56:32.588074,
d9316cbed080c24d,https://au.linkedin.com/jobs/view/engineering-manager-at-deputy-4465484816,Engineering Manager,,scraped,2026-09-16T12:56:58.074108,
ff006d336678ed6b,https://au.linkedin.com/jobs/view/sales-development-representative-at-keepit-4448665611,Sales Development Representative,,scraped,2026-09-16T12:57:10.605303,
47ad2cfeb5212164,https://au.linkedin.com/jobs/view/accessory-fitter-at-power-fm-bega-bay-4465977115,Accessory fitter,Power FM Bega Bay,posted,2026-09-16T12:57:30.344706,231
12008ac2b5dd94ca,https://au.linkedin.com/jobs/view/surveyor-at-woolpert-4458541790,Surveyor,Woolpert,posted,2026-09-16T12:57:43.227354,233
6ba87fa61187809e,https://au.linkedin.com/jobs/view/store-manager-earn-more-at-jandakot-nick-scali-at-nick-scali-limited-4465273133,Store Manager - Earn More at Jandakot Nick Scali,,scraped,2026-09-16T12:57:45.857069,
514729f31baf16c4,https://au.linkedin.com/jobs/view/new-store-sports-direct-store-manager-penrith-at-sports-direct-australia-4440535376,NEW STORE Sports Direct Store Manager - Penrith,,scraped,2026-09-16T12:58:11.836059,
e1320aa8d67ea7f6,https://au.linkedin.com/jobs/view/store-manager-dan-murphy-s-wangaratta-at-dan-murphy-s-4458592989,Store Manager - Dan Murphy's - Wangaratta,,scraped,2026-09-16T12:58:35.183566,
c4a93daf56975419,https://au.linkedin.com/jobs/view/associate-account-executive-at-navan-4449430857,Associate Account Executive,Navan,posted,2026-09-16T12:58:52.597365,167
50077b5bbd2eda1b,https://au.linkedin.com/jobs/view/store-manager-every-sunday-off-rosebud-at-the-reject-shop-4465963959,"Store Manager, Every Sunday Off, Rosebud",,scraped,2026-09-16T12:59:01.230909,
36d8a661c676b176,https://au.linkedin.com/jobs/view/concierge-customer-service-speacialist-at-avis-budget-group-4466838251,Concierge / Customer Service Speacialist,Avis Budget Group,posted,2026-09-16T12:59:30.407047,235
a2d57ca571ba14e3,https://au.linkedin.com/jobs/view/assistant-store-manager-at-antojitos-mexicanos-la-jefa-4467944765,Assistant Store Manager,Antojitos Mexicanos La Jefa,posted,2026-09-16T12:59:59.204371,95
69564e078d4210fc,https://au.linkedin.com/jobs/view/store-manager-dan-murphy-s-hogans-corner-at-dan-murphy-s-4467085178,Store Manager - Dan Murphy's - Hogans Corner,,scraped,2026-09-16T13:00:19.819169,
c9f6304a245a86f9,https://au.linkedin.com/jobs/view/assistant-store-manager-at-bapcor-limited-4468205163,Assistant Store Manager,,scraped,2026-09-16T13:00:32.493797,
814bd08ea40b97b2,https://au.linkedin.com/jobs/view/assistant-manager-crows-nest-hotel-at-alh-hotels-4448130981,Assistant Manager - Crows Nest Hotel,,scraped,2026-09-16T13:00:54.996068,
f5301e9b0c8ee719,https://au.linkedin.com/jobs/view/skechers-sales-assistant-indooroopilly-at-skechers-australia-new-zealand-4457203138,Skechers Sales Assistant - Indooroopilly,,scraped,2026-09-16T13:01:09.550468,
7dadca0cf2543287,https://au.linkedin.com/jobs/view/bmd-technician-at-qscan-group-4465988414,BMD Technician,,scraped,2026-09-16T13:02:37.539585,
5f73dbfad2a0afb4,https://au.linkedin.com/jobs/view/assistant-store-manager-at-petbarn-4467942134,Assistant Store Manager,,scraped,2026-09-16T13:02:48.955391,
286ca76d3cf36aa3,https://au.linkedin.com/jobs/view/commercial-proposal-manager-at-pax8-4447373319,Commercial Proposal Manager,Pax8,posted,2026-09-16T13:03:28.424521,237
ae4dd988d6fded0f,https://au.linkedin.com/jobs/view/estimator-e-i-at-monadelphous-4467956762,Estimator - E&I,,scraped,2026-09-16T13:03:47.258495,
2f07490dc303be64,https://au.linkedin.com/jobs/view/motor-assessor-at-auto-general-australia-4457699319,Motor Assessor,,scraped,2026-09-16T13:04:02.391038,
dd5ca3a4a5052fe2,https://au.linkedin.com/jobs/view/bim-manager-leading-architecture-practice-adelaide-at-hays-4465932973,BIM Manager | Leading Architecture Practice | Adelaide,,scraped,2026-09-16T13:05:30.251314,
befbb68b70c06d88,https://au.linkedin.com/jobs/view/paid-search-specialist-at-kingkong-4465959353,Paid Search Specialist,,scraped,2026-09-16T13:05:39.443937,
22d28a645c2e6643,https://au.linkedin.com/jobs/view/specification-manager-retail-at-e-s-4465525451,Specification Manager - Retail,,scraped,2026-09-16T13:05:45.969454,
6d68d3ab4493e0bc,https://au.linkedin.com/jobs/view/staff-software-engineer-native-infrastructure-at-canva-4457674533,Staff Software Engineer - Native Infrastructure,,scraped,2026-09-16T13:05:55.472212,
266d35451d362ff6,https://au.linkedin.com/jobs/view/electrician-at-australian-turf-club-4467939376,Electrician,Australian Turf Club,posted,2026-09-16T13:06:21.122368,239
22e98e9ed340d97c,https://au.linkedin.com/jobs/view/recruitment-advisor-at-ops-screening-crushing-equipment-pty-ltd-4466839110,Recruitment Advisor,,scraped,2026-09-16T13:06:23.811648,
edcaa02e6a603d88,https://au.linkedin.com/jobs/view/purchasing-officer-at-sg-fleet-au-4467416541,Purchasing Officer,,scraped,2026-09-16T13:06:34.572325,
59b88d8ae4898f35,https://au.linkedin.com/jobs/view/store-manager-green-hills-at-pandora-4464728901,Store Manager (Green Hills),,scraped,2026-09-16T13:06:52.697195,
b66dbeb1d0f5ad84,https://au.linkedin.com/jobs/view/assistant-store-manager-at-bapcor-limited-4467988335,Assistant Store Manager,,scraped,2026-09-16T13:07:19.575360,
e2473ac2410ce5e0,https://au.linkedin.com/jobs/view/store-manager-at-bapcor-limited-4467987396,Store Manager,,scraped,2026-09-16T13:07:32.642364,
5e10cfc462bdfd9f,https://au.linkedin.com/jobs/view/garden-maintenance-team-member-at-green-by-nature-4412720056,Garden Maintenance Team Member,Green by Nature,posted,2026-09-16T13:08:00.050497,21
12949c520d5584d7,https://au.linkedin.com/jobs/view/employment-consultant-at-apm-4466587577,Employment Consultant,,scraped,2026-09-16T13:08:10.732988,
e22f9ab3c13f7640,https://au.linkedin.com/jobs/view/pool-technician-4466851694,Pool Technician,Shire Pool Care,posted,2026-09-16T13:08:41.739202,241
244e05c6eeac7270,https://au.linkedin.com/jobs/view/national-sales-material-coordinator-at-win-television-4467965456,National Sales Material Coordinator,,scraped,2026-09-16T13:08:56.469116,
95ad1950976d1bc2,https://au.linkedin.com/jobs/view/employment-consultant-at-apm-employment-services-4457226277,Employment Consultant,,scraped,2026-09-16T13:09:13.183189,
d3543b8a3bd66910,https://au.linkedin.com/jobs/view/behaviour-support-practitioner-liverpool-full-time-at-optimum-health-solutions-4467932643,Behaviour Support Practitioner | Liverpool | Full-time,,scraped,2026-09-16T13:09:57.064643,
4bbbe840b3fe7879,https://au.linkedin.com/jobs/view/sales-assistant-melbourne-central-at-stylerunner-4459106938,Sales Assistant | Melbourne Central,Stylerunner,posted,2026-09-16T13:10:20.906189,243
da6d9338d7cf8ff1,https://au.linkedin.com/jobs/view/behaviour-support-practitioner-campbelltown-full-time-at-optimum-health-solutions-4467925666,Behaviour Support Practitioner | Campbelltown | Full-time,,scraped,2026-09-16T13:10:45.568294,
4c6ce1921e1a8b3d,https://au.linkedin.com/jobs/view/nightfill-assistant-manager-at-drakes-supermarkets-4467964451,Nightfill Assistant Manager,,scraped,2026-09-16T13:11:01.454422,
a096d7ab28765bc9,https://au.linkedin.com/jobs/view/butcher-pennant-hills-at-harris-farm-markets-4465970221,Butcher - Pennant Hills,,scraped,2026-09-16T13:11:30.071207,
d9ee91613beffdbe,https://au.linkedin.com/jobs/view/store-manager-at-bapcor-limited-4468202181,Store Manager,,scraped,2026-09-16T13:11:41.237035,
cba0c4598fd334c1,https://au.linkedin.com/jobs/view/smokemart-giftbox-prospect-vale-%E2%80%93-sales-assistant-at-smokemart-giftbox-4467965905,Smokemart & GiftBox Prospect Vale – Sales Assistant,,scraped,2026-09-16T13:12:10.676482,
ef679fd9e8310316,https://au.linkedin.com/jobs/view/irrigation-technician-at-green-by-nature-4467993213,Irrigation Technician,Green by Nature,posted,2026-09-16T13:12:44.313103,245
e1355cbe4e0ee068,https://au.linkedin.com/jobs/view/tax-analyst-at-mott-macdonald-4467939945,Tax Analyst,,scraped,2026-09-16T13:12:46.985521,
e62d833da4042c5a,https://au.linkedin.com/jobs/view/store-manager-liqourland-traralgon-at-coles-liquor-4467956923,Store Manager - Liqourland Traralgon,,scraped,2026-09-16T13:13:29.987586,
4e9ea6118ba3de33,https://au.linkedin.com/jobs/view/search-and-emerging-platforms-specialist-at-news-corp-australia-4467962657,Search and Emerging Platforms Specialist,,scraped,2026-09-16T13:13:53.722774,
42e15ddc914cfae2,https://au.linkedin.com/jobs/view/electrical-spotter-at-workpac-4468200480,Electrical Spotter,,scraped,2026-09-16T13:14:12.324699,
eccce593f28b7d39,https://au.linkedin.com/jobs/view/technical-business-development-representative-at-terria-4466826752,Technical Business Development Representative,,scraped,2026-09-16T13:14:22.530792,
ae05394a01697814,https://au.linkedin.com/jobs/view/disputes-associate-or-senior-associate-at-talbot-sayer-4464808839,Disputes Associate or Senior Associate,,scraped,2026-09-16T13:14:41.182364,
314ed2bf74f3cd3d,https://au.linkedin.com/jobs/view/gtm-engineer-at-upguard-4457447353,GTM Engineer,UpGuard,posted,2026-09-16T13:15:18.304706,177
06d15c875c89f537,https://au.linkedin.com/jobs/view/roofing-tradesperson-at-bluescope-4466827296,Roofing Tradesperson,,scraped,2026-09-16T13:15:21.000420,
746a394483289f4f,https://au.linkedin.com/jobs/view/solution-architect-at-ampol-4467467342,Solution Architect,,scraped,2026-09-16T13:15:27.847209,
29302b7e95a20b28,https://au.linkedin.com/jobs/view/groundsperson-at-marsupial-landscape-management-4465408645,Groundsperson,,scraped,2026-09-16T13:15:42.443395,
d163c173f96c3817,https://au.linkedin.com/jobs/view/store-manager-at-bapcor-limited-4467996196,Store Manager,,scraped,2026-09-16T13:15:58.726809,
a60242dcced8a3e5,https://au.linkedin.com/jobs/view/general-practitioner-4466879100,General Practitioner,Sian Medical Family Practice,posted,2026-09-16T17:50:10.556244,61
4d812daefd708172,https://au.linkedin.com/jobs/view/kmart-southwest-sydney-store-manager-at-kmart-australia-limited-4454184215,Kmart Southwest Sydney - Store Manager,Kmart Australia Limited,posted,2026-09-16T17:51:29.812702,247
94eff66c7a7788d0,https://au.linkedin.com/jobs/view/store-manager-every-sunday-off-reservoir-at-the-reject-shop-4455842706,"Store Manager, Every Sunday Off, Reservoir",,scraped,2026-09-16T17:52:10.537854,
f5beadcfd0729dbf,https://au.linkedin.com/jobs/view/maintenance-handy-person-at-langham-hospitality-group-4459176078,Maintenance Handy person,Langham Hospitality Group,posted,2026-09-16T17:52:37.177541,249
9cf278b6cabd43ae,https://au.linkedin.com/jobs/view/business-development-representative-anz-at-proofpoint-4468241475,Business Development Representative ANZ,Proofpoint,posted,2026-09-16T17:53:08.070170,251
2511b8d488c74d6c,https://au.linkedin.com/jobs/view/payroll-officer-at-news-corp-australia-4467702442,Payroll Officer,,scraped,2026-09-16T17:53:16.909104,
2c56dabcd6d48f3e,https://au.linkedin.com/jobs/view/store-manager-every-sunday-off-waverley-at-the-reject-shop-4465969923,"Store Manager, Every Sunday Off, Waverley",,scraped,2026-09-16T17:54:35.462994,
149ec9aacb915ba8,https://au.linkedin.com/jobs/view/paraplanner-at-finsia-4466210631,Paraplanner,FINSIA,posted,2026-09-16T17:55:15.637599,253
df5ca16aba8a92ec,https://au.linkedin.com/jobs/view/store-manager-bws-ellenbrook-north-at-bws-4459135139,Store Manager - BWS - Ellenbrook North,,scraped,2026-09-16T17:55:22.345287,
ef7719af034d907a,https://au.linkedin.com/jobs/view/full-time-senior-sales-associate-world-square-at-pop-mart-4459194002,Full-Time Senior Sales Associate (World Square),,scraped,2026-09-16T17:55:53.638442,
e7795fbef50d0a49,https://au.linkedin.com/jobs/view/scheduling-lead-at-ignite-4466179514,Scheduling Lead,,scraped,2026-09-16T17:56:10.169643,
8f7503828f9d7087,https://au.linkedin.com/jobs/view/foreign-currency-sales-consultant-full-time-%E2%80%93-travel-money-oz-%E2%80%93-adelaide-sa-at-travel-money-oz-4467928981,"Foreign Currency Sales Consultant (Full Time) – Travel Money Oz – Adelaide, SA",,scraped,2026-09-16T17:56:20.300839,
f182cadc055e44e5,https://au.linkedin.com/jobs/view/occupational-therapist-at-better-rehab-4467949032,Occupational Therapist,,scraped,2026-09-16T17:56:27.901922,
b9d1a303a7ebd25f,https://au.linkedin.com/jobs/view/google-ads-sales-representative-at-australian-internet-advertising-4466821226,Google Ads Sales Representative,,scraped,2026-09-16T17:56:39.373702,
b2d87a02cf329300,https://au.linkedin.com/jobs/view/new-store-opening%21-in-store-visual-merchandiser-sunshine-plaza-qld-at-jd-sports-australia-new-zealand-4464867932,New Store Opening! - In-Store Visual Merchandiser - Sunshine Plaza QLD,,scraped,2026-09-16T17:56:52.140999,
ef9a47ccbfa37bea,https://au.linkedin.com/jobs/view/cost-analyst-infrastructure-at-turner-townsend-4457660408,Cost Analyst | Infrastructure,,scraped,2026-09-16T17:57:46.682728,
e41f21dc3a04ed72,https://au.linkedin.com/jobs/view/store-manager-bws-mundaring-at-bws-4459117758,Store Manager - BWS - Mundaring,,scraped,2026-09-16T17:58:17.636924,
abdc39d8df6e30e7,https://au.linkedin.com/jobs/view/employment-consultant-at-apm-employment-services-4447321070,Employment Consultant,,scraped,2026-09-16T17:58:30.567608,
ab2961cc117c282f,https://au.linkedin.com/jobs/view/field-service-technician-at-specpro-people-4468213827,Field Service Technician,Specpro People,posted,2026-09-16T17:58:51.993836,255
2509e30df23555be,https://au.linkedin.com/jobs/view/store-manager-bws-joondalup-at-bws-4459123366,Store Manager - BWS - Joondalup,,scraped,2026-09-16T17:59:04.689040,
68efaaac81354430,https://au.linkedin.com/jobs/view/department-manager-everton-park-at-spotlight-ltd-4465931720,Department Manager- Everton Park,,scraped,2026-09-16T17:59:35.502213,
bd240a875fcbc1c7,https://au.linkedin.com/jobs/view/business-development-representative-at-carma-4454179914,Business Development Representative,,scraped,2026-09-16T17:59:47.098969,
65f98d760823ea66,https://au.linkedin.com/jobs/view/full-time-store-manager-angus-coote-morley-galleria-at-jpl-group-4467999104,Full Time Store Manager | Angus & Coote Morley Galleria,,scraped,2026-09-16T18:00:30.489970,
a52d65ac0af67217,https://au.linkedin.com/jobs/view/marketing-executive-mandarin-speaking-at-hungrypanda-ltd-%E7%86%8A%E7%8C%AB%E5%A4%96%E5%8D%96-4465959417,Marketing Executive (Mandarin Speaking),,scraped,2026-09-16T18:00:40.760709,
4e8a00fdd4af58a3,https://au.linkedin.com/jobs/view/store-manager-parramatta-at-pop-mart-4449420331,Store Manager (Parramatta),,scraped,2026-09-16T18:01:09.513431,
5446df2ee30675cc,https://au.linkedin.com/jobs/view/gluing-machine-operator-at-smurfit-westrock-4467952969,Gluing Machine Operator,,scraped,2026-09-16T18:01:24.844593,
49d4e23717bae5f4,https://au.linkedin.com/jobs/view/retail-assistant-store-manager-robina-at-kikki-k-4467963283,Retail Assistant Store Manager - Robina,,scraped,2026-09-16T18:01:31.781932,
f3711a92e9f2342d,https://au.linkedin.com/jobs/view/kitchen-assistant-at-bank-birmingham-4466884729,Kitchen Assistant,Bank Birmingham,posted,2026-09-16T18:02:03.106498,257
af497b32a46baab3,https://au.linkedin.com/jobs/view/deli-assistant-at-centra-4466856104,Deli Assistant,,scraped,2026-09-16T18:02:09.745966,
a8a8fa6ab1b969e9,https://au.linkedin.com/jobs/view/assistant-manager-railway-hotel-at-alh-hotels-4448955624,Assistant Manager - Railway Hotel,,scraped,2026-09-16T18:02:43.375715,
bc6d70ea20be3b59,https://au.linkedin.com/jobs/view/payroll-coordinator-at-lawson-delaney-4465970154,Payroll Coordinator,Lawson Delaney,posted,2026-09-16T18:03:23.450253,259
630bd202a7501327,https://au.linkedin.com/jobs/view/general-manager-mott-32-at-crown-resorts-4465971435,General Manager | Mott 32,,scraped,2026-09-16T18:03:30.261580,
4c7be36741987396,https://au.linkedin.com/jobs/view/observability-engineer-at-acira-consultancy-pty-ltd-4466560436,Observability Engineer,,scraped,2026-09-16T18:03:38.211671,
470268860e4385e6,https://au.linkedin.com/jobs/view/finishing-foreman-at-cgc-recruitment-4468208005,Finishing Foreman,,scraped,2026-09-16T18:03:46.277418,
94b5acf4c8bf6148,https://au.linkedin.com/jobs/view/business-development-manager-flight-centre-business-travel-melbourne-vic-at-flight-centre-business-travel-australia-4449431608,"Business Development Manager - Flight Centre Business Travel - Melbourne, VIC",,scraped,2026-09-16T18:03:57.555191,
f7eceee0e314508e,https://au.linkedin.com/jobs/view/sales-development-representative-at-zenatech-inc-4468238010,Sales Development Representative,,scraped,2026-09-16T18:04:22.282343,
c6e1e73bb40defcf,https://au.linkedin.com/jobs/view/store-manager-bws-kalamunda-at-bws-4459124327,Store Manager - BWS - Kalamunda,,scraped,2026-09-16T18:04:39.320785,
3137cfbd3c7c5448,https://au.linkedin.com/jobs/view/nightfill-manager-at-drakes-supermarkets-4467977361,Nightfill Manager,,scraped,2026-09-16T18:04:54.637759,
72d5f0870a95c9e2,https://au.linkedin.com/jobs/view/assistant-store-manager-southern-river-at-aldi-stores-australia-4459147271,Assistant Store Manager - Southern River,,scraped,2026-09-16T18:05:24.666949,
8d695e3ce5d501a8,https://au.linkedin.com/jobs/view/account-executive-at-plexus-4434164834,Account Executive,,scraped,2026-09-16T18:05:42.031287,
267443ad2f61b5a0,https://au.linkedin.com/jobs/view/software-engineer-multiple-levels-at-upguard-4448272357,Software Engineer (Multiple Levels),UpGuard,posted,2026-09-16T20:35:09.308015,261
97a25cdc6194288f,https://au.linkedin.com/jobs/view/bid-coordinator-at-objective-corporation-4440529085,Bid Coordinator,,scraped,2026-09-16T20:36:14.020569,
8b16aa77f2404ac4,https://au.linkedin.com/jobs/view/store-manager-coles-dandenong-plaza-at-coles-group-4467987754,Store Manager - Coles Dandenong Plaza,,scraped,2026-09-16T20:36:50.623590,
6547b3603facddc2,https://au.linkedin.com/jobs/view/executive-assistant-at-circuitwise-electronics-manufacturing-4466818007,Executive Assistant,,scraped,2026-09-16T20:37:42.071742,
169bd215fe5982ba,https://au.linkedin.com/jobs/view/store-manager-at-bapcor-limited-4468201189,Store Manager,,scraped,2026-09-16T20:38:16.481955,
39cb23603f9c5899,https://au.linkedin.com/jobs/view/estimator-at-mcmahon-services-4466027048,Estimator,,scraped,2026-09-16T20:39:21.885787,
b470d575943030e8,https://au.linkedin.com/jobs/view/store-manager-dan-murphy-s-bundoora-at-dan-murphy-s-4467095082,Store Manager - Dan Murphy's - Bundoora,,scraped,2026-09-16T20:39:29.862573,
ac56210265940f24,https://au.linkedin.com/jobs/view/store-manager-cotton-on-warriewood-square-at-cotton-on-group-4448154333,Store Manager - Cotton On Warriewood Square,,scraped,2026-09-16T20:41:12.782503,
5f75cc286c56fa48,https://au.linkedin.com/jobs/view/store-manager-at-bapcor-limited-4467985473,Store Manager,,scraped,2026-09-16T20:41:33.244102,
f0c2357a47b6e6f0,https://au.linkedin.com/jobs/view/financial-planning-associate-at-hays-4467945989,Financial Planning Associate,,scraped,2026-09-16T20:41:58.277184,
02dc1cd153a69a47,https://au.linkedin.com/jobs/view/labourer-at-civilandscape-4466580357,LABOURER,,scraped,2026-09-16T20:42:05.507160,
e05440fa015ce157,https://au.linkedin.com/jobs/view/human-resources-administrator-at-etax-accountants-4459124258,Human Resources Administrator,,scraped,2026-09-16T20:42:30.921073,
84754605604a6d45,https://au.linkedin.com/jobs/view/estimator-at-cgc-recruitment-4466806436,Estimator,,scraped,2026-09-16T20:42:37.729999,
dcf6f3b53076f3ce,https://au.linkedin.com/jobs/view/kmart-darwin-department-manager-at-kmart-australia-limited-4456904845,Kmart Darwin - Department Manager,Kmart Australia Limited,posted,2026-09-16T20:43:02.029001,263
175652bfffcd4e01,https://au.linkedin.com/jobs/view/horticulture-tradesperson-parks-at-city-of-hobart-4465977504,Horticulture Tradesperson - Parks,City of Hobart,posted,2026-09-16T20:43:15.691503,265
32561c429cc06a63,https://au.linkedin.com/jobs/view/parts-interpreter-mercedes-benz-sydney-alexandria-nsw-2015-at-lsh-auto-australia-4466212989,Parts Interpreter - Mercedes-Benz Sydney Alexandria NSW 2015,,scraped,2026-09-16T20:43:30.297466,
73225f7cabe612e8,https://au.linkedin.com/jobs/view/technical-support-specialist-au-at-nash-4468261039,"Technical Support Specialist, AU",Nash,posted,2026-09-16T20:43:49.170936,267
a968e4d59c324c57,https://au.linkedin.com/jobs/view/labourer-opportunities-seq-at-mcnab-4466172676,Labourer Opportunities - SEQ,,scraped,2026-09-16T20:43:51.798351,
07414a29c0dcf3a4,https://au.linkedin.com/jobs/view/ame-level3-at-lockheed-martin-4465975946,AME- Level3,Lockheed Martin,posted,2026-09-16T20:45:05.339323,157
d425390d050ac6ad,https://au.linkedin.com/jobs/view/chef-carine-glades-tavern-at-alh-hotels-4466784921,Chef - Carine Glades Tavern,,scraped,2026-09-16T20:45:45.940632,
574aa826763274bb,https://au.linkedin.com/jobs/view/customer-care-coordinator-australia-new-zealand-at-rs-asia-pacific-4465782575,"Customer Care Coordinator, Australia & New Zealand",RS Asia Pacific,posted,2026-09-16T20:46:36.739147,269
76345832e6d648f1,https://au.linkedin.com/jobs/view/offset-print-operator-at-bemac-printing-services-4466869102,Offset Print Operator,Bemac Printing Services,posted,2026-09-16T20:48:38.472107,271
cbd94a92f7221edd,https://au.linkedin.com/jobs/view/store-manager-coles-clyde-north-at-coles-group-4467993635,Store Manager - Coles Clyde North,,scraped,2026-09-16T20:48:47.018923,
d1e2e6a7ec1279ab,https://au.linkedin.com/jobs/view/assistant-store-manager-supercheap-auto-mandurah-at-supercheap-auto-4447689599,Assistant Store Manager - Supercheap Auto Mandurah,Supercheap Auto,posted,2026-09-16T20:49:14.525566,273
fdb18fe3fd31a95b,https://au.linkedin.com/jobs/view/assistant-manager-western-hotel-at-alh-hotels-4448956532,Assistant Manager - Western Hotel,,scraped,2026-09-16T20:49:17.100695,
cb187c375712f282,https://au.linkedin.com/jobs/view/sales-development-representative-applied-ai-apj-at-v2-ai-4464179367,Sales Development Representative | Applied AI | APJ |,,scraped,2026-09-17T00:00:28.311890,
219e3553a5855ec2,https://au.linkedin.com/jobs/view/business-development-manager-australia-at-sumsub-4466886405,"Business Development Manager, Australia",,scraped,2026-09-17T00:03:37.866211,
201a535a4ae184ee,https://au.linkedin.com/jobs/view/estimator-at-lloyd-recruitment-group-lrgwa-4467105783,Estimator,,scraped,2026-09-17T00:03:56.795005,
c40da9722262bc74,https://au.linkedin.com/jobs/view/operator-at-bmd-group-4454931388,Operator,,scraped,2026-09-17T00:04:06.294190,
3eebc090cc9fc6cd,https://au.linkedin.com/jobs/view/software-licensing-specialist-at-data%233-4465266180,Software Licensing Specialist,,scraped,2026-09-17T00:04:16.989679,
510a03d075a13c5c,https://au.linkedin.com/jobs/view/assistant-store-manager-byron-bay-at-aldi-stores-australia-4467975248,Assistant Store Manager - Byron Bay,,scraped,2026-09-17T00:04:43.194499,
ede1ee889ebc18a7,https://au.linkedin.com/jobs/view/crew-member-armstrong-creek-at-geelong-careers-4467925002,Crew Member - Armstrong Creek,Geelong Careers,posted,2026-09-17T00:05:09.900434,275
ce637f3c404a38d9,https://au.linkedin.com/jobs/view/assistant-store-manager-rockingham-at-aldi-stores-australia-4459163221,Assistant Store Manager - Rockingham,,scraped,2026-09-17T00:05:26.467279,
8bee1b774f3d412a,https://au.linkedin.com/jobs/view/head-of-payroll-apac-at-xero-4443816349,Head of Payroll - APAC,,scraped,2026-09-17T00:08:09.525220,
a8f911722674fc97,https://au.linkedin.com/jobs/view/grounds-maintenance-team-member-at-city-facilities-management-australia-4468297779,Grounds Maintenance Team Member,,scraped,2026-09-17T00:08:58.488981,
d9636a6e33054858,https://au.linkedin.com/jobs/view/the-north-face-assistant-store-manager-pacific-fair-at-the-north-face-4439817593,The North Face : Assistant Store Manager- Pacific Fair,The North Face,posted,2026-09-17T00:10:49.145116,277
4fb43244eeb73119,https://au.linkedin.com/jobs/view/restaurant-team-member-grand-plaza-shopping-centre-browns-plains-at-mad-mex-4465995681,Restaurant Team Member Grand Plaza Shopping Centre Browns Plains,,scraped,2026-09-17T00:11:05.757564,
07c52dc10376ccd4,https://au.linkedin.com/jobs/view/crm-developer-at-insignia-financial-4467977457,CRM Developer,,scraped,2026-09-17T00:12:13.436797,
c52c971f585aa531,https://au.linkedin.com/jobs/view/restaurant-manager-at-guzman-y-gomez-mexican-kitchen-4466232603,Restaurant Manager,,scraped,2026-09-17T00:12:53.337991,
f84415bc815c9f47,https://au.linkedin.com/jobs/view/bartender-at-power-fm-bega-bay-4464797022,Bartender,Power FM Bega Bay,posted,2026-09-17T00:13:16.898172,279
8ef744061b14bdb4,https://au.linkedin.com/jobs/view/deputy-chair-australian-securities-and-investments-commission-at-commonwealth-treasury-4466831716,"Deputy Chair, Australian Securities and Investments Commission",,scraped,2026-09-17T00:13:25.466623,
26e43802977b13a5,https://au.linkedin.com/jobs/view/new-store-sports-direct-department-manager-frankston-at-sports-direct-australia-4448936491,NEW STORE Sports Direct Department Manager - Frankston,,scraped,2026-09-17T00:13:39.301249,
c0de8462f8076050,https://au.linkedin.com/jobs/view/junior-account-executive-at-iseekplant-com-au-4466800773,Junior Account Executive,,scraped,2026-09-17T02:24:59.638858,
0286f07dac2acb1a,https://au.linkedin.com/jobs/view/retail-team-member-at-jb-hi-fi-4463932623,Retail Team Member,,scraped,2026-09-17T02:25:06.473184,
6ff370b816c1e06f,https://au.linkedin.com/jobs/view/full-time-cook-parklands-tavern-at-australia-chef-migration-4466832036,Full Time Cook - Parklands Tavern,,scraped,2026-09-17T02:25:25.524919,
9f807d4203a3b0f6,https://au.linkedin.com/jobs/view/store-person-at-early-settler-4466853212,Store Person,,scraped,2026-09-17T02:25:33.320805,
4658943ca172f6ca,https://au.linkedin.com/jobs/view/retail-store-manager-riverlink-at-spendless-shoes-4464746546,RETAIL STORE MANAGER RIVERLINK,,scraped,2026-09-17T02:25:41.115800,
e7d99d17a0ed941b,https://au.linkedin.com/jobs/view/cook-full-time-pakenham-at-guzman-y-gomez-mexican-kitchen-4465296048,Cook : Full Time - Pakenham,,scraped,2026-09-17T02:25:47.528816,
d4954f6a6e9518b8,https://au.linkedin.com/jobs/view/behavioral-threat-assessment-manager-australia-remote-at-concentric-4467100941,"Behavioral Threat Assessment Manager (Australia, Remote)",Concentric,posted,2026-09-17T02:26:17.523246,281
4a62e34c1074513a,https://au.linkedin.com/jobs/view/carpenter-at-design-build-recruitment-4466243819,Carpenter,,scraped,2026-09-17T02:26:32.178189,
634d03c5ac417f72,https://au.linkedin.com/jobs/view/senior-recruitment-consultant-at-austcorp-executive-4467435991,Senior Recruitment Consultant,,scraped,2026-09-17T02:26:59.318056,
af171bf658122549,https://au.linkedin.com/jobs/view/sales-development-representative-at-cliffside-cybersecurity-4466831300,Sales Development Representative,,scraped,2026-09-17T02:27:07.462163,
728fe0b96bc43aa7,https://au.linkedin.com/jobs/view/graduate-radiographer-at-integral-diagnostics-idx-4427476385,Graduate Radiographer,,scraped,2026-09-17T02:27:16.229011,
aa2b843df99a436e,https://au.linkedin.com/jobs/view/recruiter-at-docusign-4466848768,Recruiter,Docusign,posted,2026-09-17T02:27:29.694960,193
02baa3eeb99be55c,https://au.linkedin.com/jobs/view/sales-associate-at-swatch-4465220094,Sales Associate,Swatch,posted,2026-09-17T02:28:18.620014,283
5154b53aca7b8516,https://au.linkedin.com/jobs/view/sales-consultant-at-pointer-4466840752,Sales Consultant,,scraped,2026-09-17T02:28:57.431167,
20fb94cd0d9d930b,https://au.linkedin.com/jobs/view/optometrist-at-specsavers-4468334200,Optometrist,,scraped,2026-09-17T02:29:19.856733,
e0c4a8cde615cd5a,https://au.linkedin.com/jobs/view/recruitment-consultant-at-design-build-recruitment-4465519259,Recruitment Consultant,,scraped,2026-09-17T02:29:38.658105,
a637b66caab560df,https://au.linkedin.com/jobs/view/bid-coordinator-sydney-at-the-epiphany-group-4466809490,Bid Coordinator - Sydney,,scraped,2026-09-17T02:30:07.552647,
ff4b2be33200e372,https://au.linkedin.com/jobs/view/podiatrist-hobart-at-optimum-health-solutions-4467930981,Podiatrist - Hobart,,scraped,2026-09-17T02:30:15.635873,
298ffbf877439074,https://au.linkedin.com/jobs/view/store-manager-at-antojitos-mexicanos-la-jefa-4467942929,Store Manager,Antojitos Mexicanos La Jefa,posted,2026-09-17T02:30:27.700686,127
13301a4a9c9ac79b,https://au.linkedin.com/jobs/view/recruitment-consultant-cyber-security-at-kinexus-australia-4467999102,Recruitment Consultant - Cyber Security,,scraped,2026-09-17T02:30:36.514516,
ac9e8c166a25730c,https://au.linkedin.com/jobs/view/team-leader-amx-epping-full-time-at-amx-superstores-4421664196,Team Leader - AMX Epping - Full Time,AMX Superstores,posted,2026-09-17T02:31:41.231578,285
3e2ad65203f43e7c,https://au.linkedin.com/jobs/view/new-store-ode-sales-assistant-warringah-mall-at-stylerunner-4459071159,NEW STORE ODE Sales Assistant | Warringah Mall,Stylerunner,posted,2026-09-17T02:31:57.235083,287
27bbce84f23626ac,https://au.linkedin.com/jobs/view/estimator-switchboards-at-jbm-power-pty-ltd-ara-group-4466244710,Estimator (SWITCHBOARDS),,scraped,2026-09-17T02:32:25.915575,
815483a02d77e2dc,https://au.linkedin.com/jobs/view/restaurant-team-member-westfield-shopping-centre-mt-gravatt-at-mad-mex-4466222260,Restaurant Team Member Westfield Shopping Centre Mt Gravatt,,scraped,2026-09-17T02:32:41.751756,
7a7f65c5257ce0c9,https://au.linkedin.com/jobs/view/case-manager-nsw-at-dxc-technology-4457679664,Case Manager - NSW,DXC Technology,posted,2026-09-17T02:33:02.328509,289
72bf3f86bdec93c2,https://au.linkedin.com/jobs/view/senior-software-engineer-at-homhero-4467085730,Senior Software Engineer,,scraped,2026-09-17T02:33:28.891851,
c0808eed250a6f21,https://au.linkedin.com/jobs/view/expansion-sdr-xdr-at-connecteam-4458783715,Expansion SDR (XDR),Connecteam,posted,2026-09-17T02:34:17.827761,291
7aa4c508b8f6c374,https://www.linkedin.com/jobs/view/2027/,"11,000+Senior Business Intelligence Consultant Jobs in United States",,failed|wp_post_failed,2026-09-17T02:34:42.066930,
c1a5ea17682c045b,https://au.linkedin.com/jobs/view/full-time-cook-gardners-inn-hotel-at-australia-chef-migration-4466820179,Full Time Cook - Gardners Inn Hotel,,scraped,2026-09-17T02:34:50.656463,
bcee926c17a317aa,https://au.linkedin.com/jobs/view/site-reliability-engineer-at-future-secure-ai-4421689433,Site Reliability Engineer,Future Secure AI,posted,2026-09-17T02:35:06.523277,293
5c2bda76ab458297,https://au.linkedin.com/jobs/view/product-manager-amazon-business-third-party-3p-seller-services-at-amazon-4458735701,"Product Manager, Amazon Business, Third-Party (3P) Seller Services",Amazon,posted,2026-09-17T02:35:36.044810,295
c273c7b3d3e7b648,https://au.linkedin.com/jobs/view/assistant-store-manager-corio-new-store-opening-at-anaconda-group-pty-ltd-4466241816,Assistant Store Manager Corio- New Store Opening,,scraped,2026-09-17T02:35:38.722555,
d38a12c2ff20d76e,https://au.linkedin.com/jobs/view/mammographer-radiographer-at-radiology-tasmania-4413870141,Mammographer / Radiographer,Radiology Tasmania,posted,2026-09-17T02:36:10.396616,297
dfb9dab8de29c37b,https://au.linkedin.com/jobs/view/software-engineer-multiple-levels-at-upguard-4448268495,Software Engineer (Multiple Levels),UpGuard,posted,2026-09-17T02:36:55.714545,261
1d4acdaa425e411b,https://au.linkedin.com/jobs/view/working-cleaning-supervisor-at-skg-services-4467129388,Working Cleaning Supervisor,,scraped,2026-09-17T02:37:06.312518,
22c35bd711e9fdb8,https://au.linkedin.com/jobs/view/ame-level4-at-lockheed-martin-4465984775,AME- Level4,Lockheed Martin,posted,2026-09-17T02:37:28.679387,299
94f64d63e6afec2c,https://au.linkedin.com/jobs/view/cloacal-chick-sexer-at-aviagen-4468334398,Cloacal Chick Sexer,Aviagen,posted,2026-09-17T02:38:04.412994,301
ab7ec135ed087aa4,https://au.linkedin.com/jobs/view/front-office-supervisor-ovolo-nishi-canberra-at-ovolo-hotels-4466248154,Front Office Supervisor Ovolo Nishi (Canberra),,scraped,2026-09-17T02:38:11.042731,
ed4dc093f9244071,https://au.linkedin.com/jobs/view/corporate-travel-consultant-adelaide-sa-at-flight-centre-travel-group-4449440373,"Corporate Travel Consultant - Adelaide, SA",,scraped,2026-09-17T02:38:22.370635,
2ecac3073d6ad8c6,https://au.linkedin.com/jobs/view/account-executive-at-litera-4374824420,Account Executive,Litera,posted,2026-09-17T02:38:31.286182,205
710ab2b7167fff37,https://au.linkedin.com/jobs/view/head-of-talent-acquisition-at-first-focus-4465625170,Head of Talent Acquisition,,scraped,2026-09-17T02:38:47.915203,
da99fca01cf0dbb0,https://au.linkedin.com/jobs/view/executive-assistant-at-new-economy-minerals-jobs-4466868112,Executive Assistant,New Economy Minerals Jobs,posted,2026-09-17T02:39:33.225782,303
5cb47f584bc73c30,https://au.linkedin.com/jobs/view/retail-sales-assistant-zetland-at-lorna-jane-4466830484,Retail Sales Assistant - Zetland,,scraped,2026-09-17T02:39:41.984309,
6cb4ed5cd6d8c0cf,https://au.linkedin.com/jobs/view/new-store-opening-in-corio-full-time-sales-assistant-at-spotlight-retail-group-srg-4466872069,New Store Opening in Corio - Full-time Sales Assistant,,scraped,2026-09-17T02:40:42.966152,
9eb997709042e53d,https://au.linkedin.com/jobs/view/full-time-cook-the-sun-hotel-at-australia-chef-migration-4467152212,Full Time Cook - The Sun Hotel,,scraped,2026-09-17T09:00:47.239372,
1e238904d9754b09,https://au.linkedin.com/jobs/view/golang-consultant-at-carecone-group-4467005068,Golang Consultant,,scraped,2026-09-17T09:01:19.418419,
450d6bd9ecc075e0,https://au.linkedin.com/jobs/view/full-time-cook-brightwater-hotel-at-australia-chef-migration-4467159145,Full Time Cook - Brightwater Hotel,,scraped,2026-09-17T09:01:35.025953,
56d50827d446a20c,https://au.linkedin.com/jobs/view/talent-engineer-at-maincode-4457474292,Talent Engineer,,scraped,2026-09-17T09:01:50.148601,
4aac586aa57010e9,https://au.linkedin.com/jobs/view/restaurant-manager-hurstville-at-mad-mex-4464747585,Restaurant Manager Hurstville,,scraped,2026-09-17T09:01:57.443175,
4e14cd348d03f15d,https://au.linkedin.com/jobs/view/full-time-sales-assistant-miranda-at-seed-heritage-4468360209,Full-Time Sales Assistant - Miranda,Seed Heritage,posted,2026-09-17T09:02:16.310237,305
ec4e9c87421ef9e0,https://au.linkedin.com/jobs/view/automotive-yardhard-multiple-roles-available%21-at-cox-automotive-australia-4468365021,Automotive Yardhard (Multiple Roles available!),,scraped,2026-09-17T09:02:51.018289,
42f7c9b6b691856a,https://au.linkedin.com/jobs/view/billing-administrator-at-asi-solutions-4466831285,Billing Administrator,,scraped,2026-09-17T09:03:02.011396,
b494d6528d47793e,https://au.linkedin.com/jobs/view/sales-development-representative-mid-market-australia-or-new-zealand-at-deel-4453890309,"Sales Development Representative, Mid - Market | Australia or New Zealand",Deel,posted,2026-09-17T09:03:33.340323,307
c8893b6ece574c7e,https://au.linkedin.com/jobs/view/head-of-mathematics-mathematics-at-catholic-education-western-australia-4466064050,Head of Mathematics (Mathematics),,scraped,2026-09-17T09:03:35.999636,
7f9e8731fbfb0459,https://au.linkedin.com/jobs/view/senior-estimator-at-michael-page-4467498606,Senior estimator,Michael Page,posted,2026-09-17T09:04:08.595593,309
162665c109bcec13,https://au.linkedin.com/jobs/view/payroll-officer-at-programmed-4468389628,Payroll Officer,,scraped,2026-09-17T09:05:13.318138,
90de7da598b1f2a7,https://au.linkedin.com/jobs/view/sheet-metal-worker-stainless-steel-fabrication-4467196415,"Sheet Metal Worker, Stainless Steel Fabrication",A1 SHEETMETAL FABRICATION,posted,2026-09-17T09:05:26.857086,311
457b5cdfe8ff2b5f,https://au.linkedin.com/jobs/view/retail-sales-assistant-charlestown-at-lorna-jane-4466831433,Retail Sales Assistant - Charlestown,,scraped,2026-09-17T09:06:01.437829,
a79e2a79f862ab3d,https://au.linkedin.com/jobs/view/sales-executive-account-manager-at-viatek-group-4468342668,Sales Executive / Account Manager,,scraped,2026-09-17T09:06:26.355704,
3782427fa43396bd,https://au.linkedin.com/jobs/view/ceo-at-mexec-4468370223,CEO,,scraped,2026-09-17T09:06:36.722358,
a9d32fb6b4424137,https://au.linkedin.com/jobs/view/native-app-developer-at-homhero-4468349500,Native App Developer,,scraped,2026-09-17T09:06:55.851591,
048b98e50409c425,https://au.linkedin.com/jobs/view/food-service-worker-4466894690,Food Service Worker,Indianbrothers restaurants,posted,2026-09-17T09:07:10.512544,313
39870a90a35e4895,https://au.linkedin.com/jobs/view/survey-assistant-at-isgroup-4468208286,Survey Assistant,,scraped,2026-09-17T09:07:15.167035,
616d948efd8cfbc3,https://au.linkedin.com/jobs/view/senior-strategic-planner-affordable-housing-at-city-of-newcastle-australia-4458908762,Senior Strategic Planner - Affordable Housing,,scraped,2026-09-17T09:07:34.319393,
021189424414faa6,https://au.linkedin.com/jobs/view/assistant-store-manager-carousel-at-lovisa-pty-ltd-4467506320,Assistant Store Manager | Carousel |,,scraped,2026-09-17T09:07:49.411909,
4bcf7a4bb5c37d57,https://au.linkedin.com/jobs/view/assistant-store-manager-kwinana-at-aldi-stores-australia-4468393003,Assistant Store Manager - Kwinana,,scraped,2026-09-17T09:08:09.141615,
eadfc41dcb7d950c,https://au.linkedin.com/jobs/view/destination-marketing-officer-at-city-of-newcastle-australia-4468337401,Destination Marketing Officer,,scraped,2026-09-17T09:08:22.499916,
28bef8ea45e1e95e,https://au.linkedin.com/jobs/view/manager-employment-tax-advisory-at-kpmg-australia-4467159489,Manager - Employment Tax Advisory,KPMG Australia,posted,2026-09-17T09:08:51.205782,315
534184e4a1e494af,https://au.linkedin.com/jobs/view/store-team-member-at-woolworths-group-4468375315,Store Team Member,,scraped,2026-09-17T09:08:53.852889,
0f4b6179d170d5a4,https://au.linkedin.com/jobs/view/boilermaker-at-power-fm-bega-bay-4465968981,Boilermaker,Power FM Bega Bay,posted,2026-09-17T09:09:52.783437,317
99c78046c2b27dfb,https://au.linkedin.com/jobs/view/dispute-resolution-specialist-at-grow-inc-4468373928,Dispute Resolution Specialist,,scraped,2026-09-17T09:10:13.490854,
172c18055a4aaeca,https://au.linkedin.com/jobs/view/store-manager-full-time-george-st-at-lovisa-pty-ltd-4467156655,Store Manager | Full Time | George St,,scraped,2026-09-17T09:10:28.244885,
206def5ed2d81b13,https://au.linkedin.com/jobs/view/sales-executive-at-quest-events-4467968572,Sales Executive,,scraped,2026-09-17T09:10:43.550355,
e73664ca8fdd4f1b,https://www.linkedin.com/jobs/view/accounts-receivable-officer-at-sharp-carter-4466046280,Accounts Receivable Officer,,scraped,2026-09-17T09:11:22.732370,
282d92a9bdbfcf52,https://www.linkedin.com/jobs/view/senior-product-manager-at-firemonkeys-4416818404,Senior Product Manager,,scraped,2026-09-17T09:11:30.814814,
8a0e371d3370b921,https://www.linkedin.com/jobs/view/accounts-officer-at-mccormick-company-4464862514,Accounts Officer,McCormick & Company,posted,2026-09-17T09:11:44.065828,319
34844307e4fa0675,https://www.linkedin.com/jobs/view/working-cleaning-supervisor-at-skg-services-4467129388,Working Cleaning Supervisor,,scraped,2026-09-17T09:11:46.694934,
af36e066bbd6f56d,https://www.linkedin.com/jobs/view/assistant-store-manager-at-early-settler-4464125926,Assistant Store Manager,,scraped,2026-09-17T09:11:53.753419,
6f514089b1b7b134,https://www.linkedin.com/jobs/view/store-manager-every-sunday-off-cranbourne-at-the-reject-shop-4437730264,"Store Manager, Every Sunday Off, Cranbourne",,scraped,2026-09-17T09:12:01.752833,
04d6c46f67752b36,https://www.linkedin.com/jobs/view/composite-technician-at-sydney-composites-4466119909,Composite Technician,,scraped,2026-09-17T09:12:10.966213,
e49760e33038724e,https://www.linkedin.com/jobs/view/ame-level4-at-lockheed-martin-4465984775,AME- Level4,Lockheed Martin,posted,2026-09-17T09:12:20.141862,299
73059d412864eaaa,https://www.linkedin.com/jobs/view/behaviour-support-practitioner-liverpool-full-time-at-optimum-health-solutions-4467932643,Behaviour Support Practitioner | Liverpool | Full-time,,scraped,2026-09-17T09:12:22.788625,
230a73cdf8a627c7,https://www.linkedin.com/jobs/view/reddy-express-canning-vale-customer-service-representative-at-otr-4466174228,Reddy Express Canning Vale - Customer Service Representative,,scraped,2026-09-17T09:12:30.102034,
d6705815d9c77bac,https://au.linkedin.com/jobs/view/allied-health-assistant-cessnock-at-optimum-health-solutions-4468356598,Allied Health Assistant | Cessnock,,scraped,2026-09-17T09:12:46.342731,
a5f1ee693c93cfee,https://au.linkedin.com/jobs/view/recruitment-consultant-at-the-andersen-partnership-4466113992,Recruitment Consultant,,scraped,2026-09-17T09:13:15.995259,
86b769619062a3ce,https://au.linkedin.com/jobs/view/associate-dispenser-i-opsm-i-c-i-nsw-i-batemans-bay-at-opsm-4466191185,Associate Dispenser I OPSM I C I NSW I Batemans Bay,,scraped,2026-09-17T09:14:10.780487,
cc37cb17dd564538,https://au.linkedin.com/jobs/view/head-technical-operator-lighting-at-crown-resorts-4468397564,Head Technical Operator- Lighting,,scraped,2026-09-17T09:15:11.870095,
a0aa6fcf6e1fcf17,https://au.linkedin.com/jobs/view/software-engineer-at-w%C3%A4rtsil%C3%A4-4467506266,Software Engineer,,scraped,2026-09-17T09:15:22.263264,
37fc16ef3080f97f,https://au.linkedin.com/jobs/view/department-manager-gepps-cross-at-spotlight-ltd-4467144348,Department Manager- Gepps Cross,,scraped,2026-09-17T09:15:51.265003,
2d5a79424b3cd59e,https://au.linkedin.com/jobs/view/account-executive-at-data%233-4467175625,Account Executive,,scraped,2026-09-17T09:16:26.280097,
297479f892e91530,https://au.linkedin.com/jobs/view/hc-driver-at-mondiale-vgl-4401278893,HC Driver,,scraped,2026-09-17T09:16:55.891889,
299b67122a547dd2,https://au.linkedin.com/jobs/view/restaurant-manager-at-guzman-y-gomez-mexican-kitchen-4467170291,Restaurant Manager,,scraped,2026-09-17T09:17:05.092241,
9ac64f671d644ce7,https://au.linkedin.com/jobs/view/travel-manager-corporate-traveller-canberra-act-at-corporate-traveller-australia-4468600178,"Travel Manager - Corporate Traveller - Canberra, ACT",,scraped,2026-09-17T09:17:40.142901,
f2ea5c01a96fa202,https://au.linkedin.com/jobs/view/maintenance-electrician-at-ugl-4459080968,Maintenance Electrician,,scraped,2026-09-17T09:17:49.155108,
25c4d63c75633d48,https://au.linkedin.com/jobs/view/operations-coordinator-at-hays-4467156028,Operations Coordinator,,scraped,2026-09-17T09:17:56.777341,
33f2077782b5885a,https://au.linkedin.com/jobs/view/experienced-security-officers-at-blue-star-security-4468330375,Experienced Security Officers,Blue Star Security,posted,2026-09-17T09:18:13.749935,321
57f137433d158a9e,https://au.linkedin.com/jobs/view/quotations-administrator-at-rexel-southern-4465973641,Quotations Administrator,Rexel Southern,posted,2026-09-17T09:18:25.158404,323
6ed890bd1e9fc1f1,https://au.linkedin.com/jobs/view/sales-specialist-corio-new-store-opening-at-spotlight-retail-group-srg-4467121979,Sales Specialist - Corio- New Store Opening,,scraped,2026-09-17T09:18:41.872756,
9602e4a4cb071e5b,https://au.linkedin.com/jobs/view/handyperson-at-hilton-4440528534,Handyperson,Hilton,posted,2026-09-17T14:33:19.022428,325
9bdf1b6a817f5d4d,https://au.linkedin.com/jobs/view/store-manager-supercheap-auto-muswellbrook-at-supercheap-auto-4458398979,Store Manager - Supercheap Auto Muswellbrook,Supercheap Auto,posted,2026-09-17T14:34:11.758873,327
1a302430feed1f73,https://au.linkedin.com/jobs/view/store-manager-amx-melton-at-amx-superstores-4468607483,Store Manager - AMX Melton,AMX Superstores,posted,2026-09-17T14:34:40.004081,329
3ccec2082f17e776,https://au.linkedin.com/jobs/view/store-manager-at-antojitos-mexicanos-la-jefa-4467941849,Store Manager,Antojitos Mexicanos La Jefa,posted,2026-09-17T14:34:52.985827,127
122dd5d5a50a5ea0,https://au.linkedin.com/jobs/view/account-manager-multiple-roles-available-growth-expansion-at-simpro-software-4402227772,Account Manager (Multiple Roles Available) | Growth & Expansion,Simpro Software,posted,2026-09-17T14:35:15.982181,331
076450e053666be5,https://au.linkedin.com/jobs/view/graduate-accountant-at-bentleys-australia-and-new-zealand-4458589473,Graduate Accountant,Bentleys Australia and New Zealand,posted,2026-09-17T14:35:28.094617,333
ec334b311ee8d3da,https://au.linkedin.com/jobs/view/expression-of-interest-production-netflix-animation-studios-at-netflix-4456515029,Expression of Interest - Production - Netflix Animation Studios,Netflix,posted,2026-09-17T14:35:36.850248,335
1f4865f498fed07f,https://www.linkedin.com/jobs/view/sales-consultant-bundaberg-at-spotlight-ltd-4463947529,Sales Consultant Bundaberg,,scraped,2026-09-17T14:35:39.437706,
4d1246437aeaa37f,https://www.linkedin.com/jobs/view/bus-detailer-at-kinetic-4467030772,Bus Detailer,,scraped,2026-09-17T14:35:46.852119,
ff61258f204a48f7,https://www.linkedin.com/jobs/view/senior-estimator-at-paynter-dixon-4465727020,Senior Estimator,,scraped,2026-09-17T14:35:55.599076,
b06a3fd5a56adb88,https://www.linkedin.com/jobs/view/building-estimator-at-design-build-recruitment-4464781567,Building Estimator,,scraped,2026-09-17T14:36:02.313375,
690a7f2bf7be0bd3,https://www.linkedin.com/jobs/view/assistant-store-manager-supercheap-auto-albury-at-supercheap-auto-4427483047,Assistant Store Manager - Supercheap Auto Albury,Supercheap Auto,posted,2026-09-17T14:36:21.543667,337
6a3c27679fa33674,https://www.linkedin.com/jobs/view/senior-estimator-at-michael-page-4467498606,Senior estimator,Michael Page,posted,2026-09-17T14:36:28.290363,309
e761d93188647d94,https://www.linkedin.com/jobs/view/store-business-manager-at-officeworks-4455830783,Store Business Manager,,scraped,2026-09-17T14:36:31.111649,
aa1802ba0ee423df,https://www.linkedin.com/jobs/view/store-manager-elsternwick-full-time-at-chargrill-charlie-s-4464755543,Store Manager - Elsternwick Full-Time,,scraped,2026-09-17T14:37:59.945444,
dbe1d491df598df2,https://www.linkedin.com/jobs/view/mc-driver-at-rsgx-4466050195,MC Driver,,scraped,2026-09-17T14:38:07.099366,
888f9851cc6c4c83,https://www.linkedin.com/jobs/view/baker-at-woolworths-group-4466713153,Baker,,scraped,2026-09-17T14:38:15.654121,
94dac39cddbaaf7c,https://au.linkedin.com/jobs/view/bid-manager-at-harnest-4466503917,Bid Manager,Harnest,posted,2026-09-17T14:38:42.098196,339
f1907f3e91e02150,https://au.linkedin.com/jobs/view/in-store-visual-merchandiser-cotton-on-birkenhead-point-at-cotton-on-group-4439760937,In Store Visual Merchandiser - Cotton On Birkenhead Point,,scraped,2026-09-17T14:39:08.834685,
e3a4138da806f5f6,https://au.linkedin.com/jobs/view/sales-assistant-at-bapcor-limited-4468201188,Sales Assistant,,scraped,2026-09-17T14:39:17.329405,
f53f72d3d552a9f1,https://au.linkedin.com/jobs/view/full-time-shift-supervisor-at-guzman-y-gomez-mexican-kitchen-4465295086,Full Time - Shift Supervisor,,scraped,2026-09-17T14:39:34.364858,
4471aacb35971912,https://au.linkedin.com/jobs/view/in-store-visual-merchandiser-cotton-on-uni-hill-at-cotton-on-group-4449337520,In Store Visual Merchandiser - Cotton On Uni Hill,,scraped,2026-09-17T14:39:41.660742,
8addde5d1297d854,https://au.linkedin.com/jobs/view/smgb-south-lake-shop-assistant-at-smokemart-giftbox-4467707695,SMGB South Lake - Shop Assistant,,scraped,2026-09-17T14:39:48.209593,
fd4ef9aaee178e38,https://au.linkedin.com/jobs/view/store-manager-every-sunday-off-northcote-at-the-reject-shop-4465967945,"Store Manager, Every Sunday Off, Northcote",,scraped,2026-09-17T14:39:56.753151,
a0eed61474951130,https://au.linkedin.com/jobs/view/sales-development-representative-at-healthscreen-4467506454,Sales Development Representative,,scraped,2026-09-17T14:40:09.611804,
b182081a349628d2,https://au.linkedin.com/jobs/view/heavy-vehicle-mechanic-at-team-global-express-4459649929,Heavy Vehicle Mechanic,,scraped,2026-09-17T14:40:17.954271,
9f9cae469fbd596e,https://au.linkedin.com/jobs/view/store-manager-every-sunday-off-lansell-square-at-the-reject-shop-4410126840,"Store Manager, Every Sunday Off, Lansell Square",,scraped,2026-09-17T14:40:27.027391,
2396b5a55e164886,https://au.linkedin.com/jobs/view/general-practitioner-at-serco-4467137808,General Practitioner,Serco,posted,2026-09-17T14:40:38.586619,61
9a877dac82ef36f2,https://au.linkedin.com/jobs/view/assistant-store-manager-at-swatch-4466282149,Assistant Store Manager,Swatch,posted,2026-09-17T14:41:47.596330,95
0075640c07d109d6,https://au.linkedin.com/jobs/view/panel-beater-mbq-autobody-salisbury-qld-4107-salisbury-qld-at-lsh-auto-australia-4465917244,Panel Beater  MBQ Autobody - Salisbury (QLD) 4107- Salisbury (QLD),,scraped,2026-09-17T14:41:52.255667,
2816e97b962da459,https://au.linkedin.com/jobs/view/tiler-at-matrix-tile-and-stone-pty-ltd-4467192301,Tiler,,scraped,2026-09-17T14:42:29.637702,
e12a5dc50aa8c9f8,https://au.linkedin.com/jobs/view/visual-merchandiser-rundle-mall-at-h-m-4459656549,Visual Merchandiser - Rundle Mall,H&M,posted,2026-09-17T14:43:04.008844,341
2db5ff37c902aa08,https://au.linkedin.com/jobs/view/employment-consultant-at-apm-employment-services-4467179700,Employment Consultant,,scraped,2026-09-17T14:43:06.773069,
9d7e42365d135614,https://au.linkedin.com/jobs/view/it-recruitment-talent-consultant-resourcer-at-e2-cyber-4468350004,IT Recruitment Talent Consultant / Resourcer,,scraped,2026-09-17T14:43:26.475836,
7085fa093e0332e2,https://au.linkedin.com/jobs/view/retail-assistant-manager-macquarie-at-seed-heritage-4468351611,Retail Assistant Manager - Macquarie,Seed Heritage,posted,2026-09-17T14:43:45.131114,343
198d8b49c3cd2a4a,https://au.linkedin.com/jobs/view/reddy-express-tuggeranong-customer-service-representative-at-otr-4467504513,Reddy Express Tuggeranong - Customer Service Representative,,scraped,2026-09-17T14:44:01.856230,
0d138f75f56c0ff3,https://au.linkedin.com/jobs/view/field-technician-at-tabcorp-4459093568,Field Technician,Tabcorp,posted,2026-09-17T14:44:41.005022,35
67fc83b08dc1ac74,https://au.linkedin.com/jobs/view/platypus-assistant-store-manager-dubbo-at-platypus-shoes-4459100929,Platypus Assistant Store Manager - Dubbo,,scraped,2026-09-17T14:44:43.722532,
935ea8cf1fb801d5,https://au.linkedin.com/jobs/view/full-time-store-manager-prouds-sunnybank-at-jpl-group-4466255449,Full Time Store Manager | Prouds Sunnybank,JPL Group,posted,2026-09-17T14:45:16.616380,345
df0628b6ed598715,https://au.linkedin.com/jobs/view/senior-estimator-at-mcmahon-services-4466026043,Senior Estimator,,scraped,2026-09-17T14:45:31.359279,
ed5f1662aff66d9e,https://au.linkedin.com/jobs/view/business-growth-specialist-at-xero-4458378153,Business Growth Specialist,,scraped,2026-09-17T14:46:05.003626,
cadc981bfea1d4e0,https://au.linkedin.com/jobs/view/manual-lathe-operataor-at-sdm-composites-4465943239,Manual Lathe Operataor,SDM Composites,posted,2026-09-17T14:46:27.697290,347
434fcae6f591408a,https://au.linkedin.com/jobs/view/peoplesoft-administrator-at-carecone-group-4468337711,Peoplesoft Administrator,,scraped,2026-09-17T14:46:32.488321,
aef262e7d08d5bc5,https://au.linkedin.com/jobs/view/solicitor-at-hebblewhite-lawyers-4467128491,Solicitor,Hebblewhite Lawyers,posted,2026-09-17T14:47:10.153783,349
ac5122ee507a87b8,https://au.linkedin.com/jobs/view/full-time-cook-the-ettalong-at-australia-chef-migration-4467149228,Full Time Cook - The Ettalong,,scraped,2026-09-17T14:47:20.816967,
102a37d46b2b9f1c,https://au.linkedin.com/jobs/view/marketing-executive-mandarin-speaking-at-hungrypanda-ltd-%E7%86%8A%E7%8C%AB%E5%A4%96%E5%8D%96-4468380105,Marketing Executive (Mandarin Speaking),,scraped,2026-09-17T14:47:45.112261,
eaf4ad6d62517f84,https://au.linkedin.com/jobs/view/kitchen-hand-2-1-at-saltbush-contracting-4467144303,Kitchen Hand 2/1,,scraped,2026-09-17T14:47:51.943026,
be0784e3c2165a81,https://au.linkedin.com/jobs/view/occupational-therapist-new-grad-early-career-at-concentric-4468364695,Occupational Therapist - New Grad / Early Career,,scraped,2026-09-17T14:48:10.959594,
230c8bd3fd620729,https://au.linkedin.com/jobs/view/laboratory-assistant-and-preparation-assistant-mackay-at-bureau-veritas-4467177327,Laboratory Assistant and Preparation Assistant | Mackay,,scraped,2026-09-17T14:48:17.649557,
dbbeb76add925e2f,https://au.linkedin.com/jobs/view/accounts-receivable-officer-at-persol-apac-4468640800,Accounts Receivable Officer,,scraped,2026-09-17T14:48:37.398890,
5a6b8edca286897b,https://au.linkedin.com/jobs/view/maintenance-fitter-at-scalzo-foods-4455978113,Maintenance Fitter,,scraped,2026-09-17T14:49:00.622086,
cc3b398d0a048d34,https://au.linkedin.com/jobs/view/sales-development-representative-au-at-splose-4437244200,Sales Development Representative (AU),,scraped,2026-09-17T14:49:10.040306,
884cc462f3771b8f,https://au.linkedin.com/jobs/view/store-manager-every-sunday-off-port-melbourne-at-the-reject-shop-4464792029,"Store Manager, Every Sunday Off, Port Melbourne",,scraped,2026-09-17T14:49:16.717628,
5d90164b8e82424c,https://au.linkedin.com/jobs/view/production-operator-level-6-at-skretting-4439859175,Production Operator Level 6,,scraped,2026-09-17T14:49:25.635579,
68c4bd3576fbb620,https://au.linkedin.com/jobs/view/employee-benefits-consultant-at-smartgroup-4467180310,Employee Benefits Consultant,,scraped,2026-09-17T14:49:32.865046,
ededb2a3079afaaf,https://au.linkedin.com/jobs/view/store-manager-bonds-watergardens-at-hanes-brands-australasia-4467176810,Store Manager | BONDS | Watergardens,Hanes Brands Australasia,posted,2026-09-17T14:49:49.856632,351
b230a94eb1af4536,https://au.linkedin.com/jobs/view/assistant-store-manager-harbour-town-at-pandora-4466267077,Assistant Store Manager Harbour Town,,scraped,2026-09-17T14:49:58.493189,
fb2e5a39d3941ee7,https://au.linkedin.com/jobs/view/store-manager-cotton-on-kids-mandurah-at-cotton-on-group-4449335576,Store Manager - Cotton On Kids Mandurah,,scraped,2026-09-17T14:50:17.417033,
04282b6a193d884a,https://au.linkedin.com/jobs/view/optical-dispenser-at-specsavers-4467163898,Optical Dispenser,,scraped,2026-09-17T14:50:45.776402,
b256d076ea51acd9,https://au.linkedin.com/jobs/view/senior-assistant-manager-northern-sydney-region-at-alh-hotels-4448976174,Senior Assistant Manager - Northern Sydney Region,,scraped,2026-09-17T14:50:54.767186,
0483fbb2a1e8080b,https://au.linkedin.com/jobs/view/strategic-mission-planner-sr-e3-at-lockheed-martin-4466263893,Strategic Mission Planner Sr - E3,Lockheed Martin,posted,2026-09-17T14:51:09.997947,353
1c9a3c324cd82e09,https://au.linkedin.com/jobs/view/disability-support-worker-at-scope-aust-4467501605,Disability Support Worker,,scraped,2026-09-17T14:51:18.576541,
6b7f5742092ea3d4,https://au.linkedin.com/jobs/view/bookkeeper-at-rsm-australia-4468355744,Bookkeeper,,scraped,2026-09-17T14:51:24.975621,
f7bbb11fce60900f,https://au.linkedin.com/jobs/view/business-development-manager-at-w-hotels-4459625381,Business Development Manager,W Hotels,posted,2026-09-17T14:51:34.259145,109
715e26f8da22692f,https://au.linkedin.com/jobs/view/director-global-solutions-engineering-at-upguard-4448260631,"Director, Global Solutions Engineering",UpGuard,posted,2026-09-17T14:51:43.273922,355
d08056458eb24795,https://au.linkedin.com/jobs/view/security-consultant-at-bae-systems-digital-intelligence-4440854814,Security Consultant,,scraped,2026-09-17T14:51:48.213224,
db571f641c828840,https://au.linkedin.com/jobs/view/sales-advisor-hearing-health-hurstville-at-hearing-australia-4467123669,Sales Advisor (Hearing Health)- Hurstville,,scraped,2026-09-17T14:52:08.716283,
0f21fcb2660c1f6a,https://au.linkedin.com/jobs/view/in-store-mortgage-broker-figtree-at-aussie-4467171980,In-store Mortgage Broker - Figtree,,scraped,2026-09-17T14:52:22.114122,
b6f84a790162da20,https://au.linkedin.com/jobs/view/store-manager-at-sunglass-hut-4466868962,Store Manager,Sunglass Hut,posted,2026-09-17T14:52:39.980596,127
9309864b227bb511,https://au.linkedin.com/jobs/view/marketing-operations-specialist-remote-at-employment-hero-4467150767,Marketing Operations Specialist - Remote,,scraped,2026-09-17T14:53:00.695265,
ff8d242611b182b9,https://au.linkedin.com/jobs/view/customer-support-coordinator-at-fleetguru-ai-4466866188,Customer Support Coordinator,,scraped,2026-09-17T14:53:08.123252,
0b081d6fd4dc8cb6,https://au.linkedin.com/jobs/view/recruitment-consultant-aq-18187-at-aquent-4466256671,Recruitment Consultant [AQ-18187],Aquent,posted,2026-09-17T14:53:28.051367,357
fc68615e7250008c,https://au.linkedin.com/jobs/view/principal-product-manager-integrations-ai-enablement-at-splose-4466261194,Principal Product Manager (Integrations & AI Enablement),,scraped,2026-09-17T14:53:31.037211,
5f61e24c3801811d,https://au.linkedin.com/jobs/view/arborist-at-mackay-regional-council-4457721678,Arborist,Mackay Regional Council,posted,2026-09-17T14:54:13.895241,359
cb76684b70b1888a,https://au.linkedin.com/jobs/view/maintenance-officer-at-hilton-4458347288,Maintenance Officer,Hilton,posted,2026-09-17T14:54:25.092847,153
cf6261adc1cc9f16,https://au.linkedin.com/jobs/view/back-of-house-inventory-coordinator-rebel-wagga-wagga-at-rebel-sport-4467173838,"Back-of-House, Inventory Coordinator - rebel Wagga Wagga",,scraped,2026-09-17T14:54:43.830896,
70be6677d1748d6d,https://au.linkedin.com/jobs/view/junior-garment-technician-at-meshki-4468330244,Junior Garment Technician,,scraped,2026-09-17T14:54:50.658197,
25bca29cdd524cbc,https://au.linkedin.com/jobs/view/cost-manager-at-turner-townsend-4457744110,Cost Manager,,scraped,2026-09-17T14:55:01.036451,
c0c06ccbe26cb9ee,https://au.linkedin.com/jobs/view/assistant-restaurant-manager-at-grill-d-4262505617,Assistant Restaurant Manager,,scraped,2026-09-17T14:55:16.641517,
0e634df4c967209e,https://au.linkedin.com/jobs/view/assistant-restaurant-manager-at-grill-d-4281540060,Assistant Restaurant Manager,,scraped,2026-09-17T14:55:24.866892,
07a04cfddf766496,https://au.linkedin.com/jobs/view/employment-consultant-at-apm-employment-services-4465948328,Employment Consultant,,scraped,2026-09-17T14:55:39.021587,
062e617c57a477d4,https://au.linkedin.com/jobs/view/sales-development-representative-outbound-at-xemplo-4466175087,Sales Development Representative (Outbound),,scraped,2026-09-17T19:24:35.970005,
5ec12fd995b2ab03,https://au.linkedin.com/jobs/view/cook-ft-northpoint-at-guzman-y-gomez-mexican-kitchen-4463940779,Cook FT - Northpoint,,scraped,2026-09-17T19:24:43.114632,
08e192cb46b33d41,https://au.linkedin.com/jobs/view/account-executive-growth-at-wp-creative-4464812418,Account Executive (Growth),WP Creative,posted,2026-09-17T19:25:04.188396,361
916979efaa11f545,https://au.linkedin.com/jobs/view/operations-clerk-at-careeraiforge-4468661588,Operations Clerk,careerAIForge,posted,2026-09-17T19:25:40.723679,363
afcbaa9ce9752831,https://au.linkedin.com/jobs/view/sales-development-representative-outbound-at-rippling-4372246490,Sales Development Representative (Outbound),Rippling,posted,2026-09-17T19:28:47.774907,365
b334c00e29dd5762,https://au.linkedin.com/jobs/view/assistant-store-manager-supercheap-auto-everton-park-at-supercheap-auto-4458355362,Assistant Store Manager - Supercheap Auto Everton Park,Supercheap Auto,posted,2026-09-17T19:29:11.448349,367
f4a6add03ddea404,https://au.linkedin.com/jobs/view/boardroom-waiter-at-allens-4439198796,Boardroom Waiter,,scraped,2026-09-17T19:29:16.174869,
05464844951563d7,https://au.linkedin.com/jobs/view/kmart-miranda-department-manager-at-kmart-australia-limited-4457735947,Kmart Miranda - Department Manager,Kmart Australia Limited,posted,2026-09-17T19:30:09.200002,369
5b7897997c44b255,https://au.linkedin.com/jobs/view/performance-marketer-meta-at-quad-lock-4448064483,Performance Marketer (Meta),,scraped,2026-09-17T19:30:13.915923,
20d73a74e4607498,https://au.linkedin.com/jobs/view/customer-experience-specialist-at-localsearch-4467169140,Customer Experience Specialist,,scraped,2026-09-17T19:30:22.463090,
be212814617aba15,https://au.linkedin.com/jobs/view/flight-centre-team-leader-queen-street-mall-qld-at-flight-centre-4468394274,"Flight Centre Team Leader - Queen Street Mall, QLD",,scraped,2026-09-17T19:30:45.441130,
4fa2e8bd5173232a,https://au.linkedin.com/jobs/view/aviation-spray-painter-at-mcdermott-aviation-4466246576,Aviation Spray Painter,,scraped,2026-09-17T19:30:52.771917,
16fce146c67c9716,https://au.linkedin.com/jobs/view/payroll-officer-at-persol-apac-4468378752,Payroll Officer,,scraped,2026-09-17T19:31:00.260038,
cbcbdfed63f38d0a,https://au.linkedin.com/jobs/view/sr-associate-prospect-development-representative-emerging-careers-at-sas-4468638945,Sr Associate Prospect Development Representative | Emerging Careers,SAS,posted,2026-09-17T19:31:32.121190,371
a0e3b8a9925cab08,https://au.linkedin.com/jobs/view/rental-sales-agent-customer-service-sales-representative-fulltime-at-avis-budget-group-4466838248,Rental Sales Agent / Customer Service & Sales Representative (Fulltime),Avis Budget Group,posted,2026-09-17T19:31:42.274538,373
20519086f5ee98e3,https://au.linkedin.com/jobs/view/senior-associate-planner-townsville-at-slr-consulting-4412719303,Senior/Associate Planner - Townsville,,scraped,2026-09-17T19:31:46.915281,
992aebed8b403b7b,https://au.linkedin.com/jobs/view/full-time-cook-bli-bli-hotel-at-australia-chef-migration-4467161112,Full Time Cook - Bli Bli Hotel,,scraped,2026-09-17T19:32:05.901022,
2a6e9b1d3ab788be,https://au.linkedin.com/jobs/view/import-operations-at-cgc-recruitment-4467993116,Import Operations,,scraped,2026-09-17T19:32:14.286738,
f330479b56889d31,https://au.linkedin.com/jobs/view/foreign-currency-sales-consultant-full-time-%E2%80%93-travel-money-oz-%E2%80%93-adelaide-sa-at-flight-centre-travel-group-4467950728,"Foreign Currency Sales Consultant (Full Time) – Travel Money Oz – Adelaide, SA",,scraped,2026-09-17T19:32:21.847514,
ba18b8f5194a516b,https://au.linkedin.com/jobs/view/swatch-store-manager-chermside-at-swatch-4457727013,Swatch Store Manager | Chermside,Swatch,posted,2026-09-17T19:33:34.427641,375
5eab51e285261a7a,https://au.linkedin.com/jobs/view/assistant-store-manager-harrisdale-at-aldi-stores-australia-4459664321,Assistant Store Manager - Harrisdale,,scraped,2026-09-17T19:34:01.148446,
0e05f9c0296dcdd2,https://au.linkedin.com/jobs/view/retail-store-manager-paramatta-at-oscar-wylee-4467556113,Retail Store Manager - Paramatta,,scraped,2026-09-17T19:34:12.389865,
f9940284a01c284e,https://au.linkedin.com/jobs/view/meta-ads-specialist-at-kingkong-4468338869,Meta Ads Specialist,,scraped,2026-09-17T19:34:37.885813,
a7df8666a836eb1a,https://au.linkedin.com/jobs/view/group-reservations-coordinator-at-novotel-hotels-4467195166,Group Reservations Coordinator,,scraped,2026-09-17T19:34:56.281284,
2a2ac5ea03272585,https://au.linkedin.com/jobs/view/regional-director-perth-at-info-tech-research-group-4441286585,Regional Director - Perth,,scraped,2026-09-17T19:35:06.172598,
f1d13f4c830bd97f,https://au.linkedin.com/jobs/view/reddy-express-canning-vale-customer-service-representative-at-otr-4466174228,Reddy Express Canning Vale - Customer Service Representative,,scraped,2026-09-17T19:36:00.152886,
9c8ca6075cfd55a7,https://au.linkedin.com/jobs/view/maintenance-planner-at-blackbook-recruitment-4465950193,Maintenance Planner,,scraped,2026-09-17T19:36:10.157293,
7091f1f6f3bf890e,https://au.linkedin.com/jobs/view/store-business-manager-blacktown-nsw-at-officeworks-4466282829,Store Business Manager - Blacktown (NSW),,scraped,2026-09-17T19:36:20.010463,
ffef9b8c9ad4a615,https://au.linkedin.com/jobs/view/retail-stockroom-manager-chadstone-at-seed-heritage-4468367444,Retail Stockroom Manager - Chadstone,Seed Heritage,posted,2026-09-17T19:39:17.279846,377
379ec93b2b9dc30b,https://au.linkedin.com/jobs/view/kmart-adelaide-north-locations-department-manager-at-kmart-australia-limited-4466246981,Kmart Adelaide North Locations - Department Manager,Kmart Australia Limited,posted,2026-09-17T19:39:30.127295,379
d2bb9cdf3852a63c,https://au.linkedin.com/jobs/view/assistant-store-manager-cotton-on-rouse-hill-mega-at-cotton-on-group-4467506226,Assistant Store Manager - Cotton On Rouse Hill Mega,,scraped,2026-09-17T19:39:32.903715,
5ea91d4a42cccade,https://au.linkedin.com/jobs/view/assistant-manager-sail-and-anchor-at-alh-hotels-4448963328,Assistant Manager - Sail and Anchor,,scraped,2026-09-17T19:39:43.553908,
832a110f51ebd5df,https://au.linkedin.com/jobs/view/assistant-restaurant-managers-at-grill-d-4262502866,Assistant Restaurant Managers,,scraped,2026-09-17T19:40:08.328814,
97f1e9e12e2497b7,https://au.linkedin.com/jobs/view/affiliate-coordinator-at-gamblingcareers-com-4468616659,Affiliate Coordinator,GamblingCareers.com,posted,2026-09-17T19:40:37.885866,381
79deb8a2b33b3a36,https://au.linkedin.com/jobs/view/wheelchair-access-taxi-driver-whyalla-5608-at-des-s-group-4466605632,Wheelchair Access Taxi Driver Whyalla 5608,,scraped,2026-09-17T19:40:52.549660,
1076221704bc8740,https://au.linkedin.com/jobs/view/construction-worker-parks-gardens-at-snowy-monaro-regional-council-4467199311,Construction Worker Parks & Gardens,Snowy Monaro Regional Council,posted,2026-09-17T19:41:31.268105,383
cf7537f816b36777,https://au.linkedin.com/jobs/view/store-manager-opsm-strathpine-qld-at-opsm-4468600495,"Store Manager | OPSM | Strathpine, QLD",,scraped,2026-09-17T19:41:58.037483,
66a2a611ce780a8b,https://au.linkedin.com/jobs/view/radiographer-at-radiology-tasmania-4408628773,Radiographer,Radiology Tasmania,posted,2026-09-17T19:42:13.385348,385
a02e03297a6f1bfb,https://au.linkedin.com/jobs/view/business-development-officer-at-parkhouse-bell-australia-4468378543,Business Development Officer,,scraped,2026-09-17T19:42:26.111241,
3d9cb3606a1027d0,https://au.linkedin.com/jobs/view/platypus-assistant-store-manager-rundle-mall-at-platypus-shoes-4449360448,Platypus Assistant Store Manager - Rundle Mall,,scraped,2026-09-17T19:42:59.173626,
3c38666cd64e4d2d,https://au.linkedin.com/jobs/view/accountant-at-bdo-in-australia-4459127130,Accountant,,scraped,2026-09-17T19:43:11.645334,
4329e47cc1a8bc1e,https://au.linkedin.com/jobs/view/store-manager-sydney-cbd-at-stylerunner-4457729801,Store Manager | Sydney CBD,Stylerunner,posted,2026-09-17T19:43:36.380531,387
c0eb32c423e05394,https://au.linkedin.com/jobs/view/sales-professional-broadmeadows-at-bevilles-4467177066,Sales Professional - Broadmeadows,,scraped,2026-09-17T19:43:39.056292,
e5b7a7071e466cd0,https://au.linkedin.com/jobs/view/sales-manager-at-michael-page-4468388417,Sales Manager,Michael Page,posted,2026-09-17T19:43:55.716871,389
7a5a364b10e1425b,https://au.linkedin.com/jobs/view/gaming-manager-regents-park-hotel-at-alh-hotels-4467973046,Gaming Manager - Regents Park Hotel,,scraped,2026-09-17T19:44:16.544010,
4b60c7035dd5719b,https://au.linkedin.com/jobs/view/assistant-manager-moore-park-at-spotlight-retail-group-srg-4467551418,Assistant Manager - Moore Park,,scraped,2026-09-17T19:44:23.350835,
b6458cbcaf701dc9,https://au.linkedin.com/jobs/view/burleigh-heads-assistant-manager-burleigh-heads-assistant-manager-at-kennards-self-storage-4467191098,Burleigh Heads Assistant Manager Burleigh Heads Assistant Manager,Kennards Self Storage,posted,2026-09-17T22:36:27.142806,391
bf8093aceb6a28c2,https://au.linkedin.com/jobs/view/teacher-mathematics-at-catholic-education-western-australia-4468642211,Teacher (Mathematics),,scraped,2026-09-17T22:39:25.718756,
544d14b6dadc179f,https://au.linkedin.com/jobs/view/maintenance-officer-at-skretting-4467555193,Maintenance Officer,,scraped,2026-09-17T22:39:32.873562,
1953561b080ff6e9,https://au.linkedin.com/jobs/view/store-manager-at-bapcor-limited-4468207183,Store Manager,,scraped,2026-09-17T22:39:57.796981,
ea55da79f56b4650,https://au.linkedin.com/jobs/view/inside-sales-consultant-australia-at-constant-contact-4468815604,Inside Sales Consultant - Australia,Constant Contact,posted,2026-09-17T22:41:04.793131,393
635fb82db5ead9a8,https://au.linkedin.com/jobs/view/deli-assistant-at-centra-4467592618,Deli Assistant,,scraped,2026-09-17T22:42:07.341829,
5912ac1c502e7f32,https://au.linkedin.com/jobs/view/trade-allocations-administrator-at-mckinnel-associates-4458364524,Trade Allocations Administrator,,scraped,2026-09-17T22:43:54.201031,
be7270e453ca1aab,https://au.linkedin.com/jobs/view/store-manager-at-woolworths-group-4468622260,Store Manager,,scraped,2026-09-17T22:45:15.320047,
f71cbf4dff44cbae,https://au.linkedin.com/jobs/view/carpenter-at-jf-maintenance-4467135010,Carpenter,,scraped,2026-09-17T22:46:02.271138,
1f6c4955c5d37864,https://au.linkedin.com/jobs/view/reddy-express-albany-orana-customer-service-representative-at-otr-4466854283,Reddy Express Albany Orana - Customer Service Representative,,scraped,2026-09-17T22:46:28.463582,
639f7abde0a377e7,https://au.linkedin.com/jobs/view/business-development-representative-fintech-at-talent-4466817639,Business Development Representative // Fintech,Talent,posted,2026-09-18T01:53:03.702902,395
f2f9602972b23d88,https://au.linkedin.com/jobs/view/inside-sales-representative-apac-at-solarwinds-4459696939,Inside Sales Representative - APAC,SolarWinds,posted,2026-09-18T01:53:13.004533,397
4592c542205774d8,https://au.linkedin.com/jobs/view/field-technician-retail-media-player-project-at-tabcorp-4467005203,Field Technician - Retail Media Player Project,Tabcorp,posted,2026-09-18T01:53:49.134066,399
1a60a551c0541450,https://au.linkedin.com/jobs/view/electrician-at-proger-global-network-romania-4467423019,Electrician,Proger Global Network ROMANIA,posted,2026-09-18T01:53:55.849743,239
ac74a964974f8497,https://au.linkedin.com/jobs/view/business-growth-specialist-at-xero-4458373267,Business Growth Specialist,,scraped,2026-09-18T01:54:06.516167,
6b5f323849144a78,https://au.linkedin.com/jobs/view/payroll-officer-at-michael-page-4468637792,Payroll Officer,Michael Page,posted,2026-09-18T01:54:37.014844,401
32c4d175ba2abddc,https://au.linkedin.com/jobs/view/bmd-technician-at-qscan-group-4467144317,BMD Technician,,scraped,2026-09-18T01:54:59.756254,
624cc0141807ac21,https://au.linkedin.com/jobs/view/full-time-cook-the-kelso-hotel-at-australia-chef-migration-4467149207,Full Time Cook - The Kelso Hotel,,scraped,2026-09-18T01:55:21.626451,
e5ef148b018843e8,https://au.linkedin.com/jobs/view/full-time-cook-welcome-inn-thirlmere-at-australia-chef-migration-4467142402,Full Time Cook - Welcome Inn Thirlmere,,scraped,2026-09-18T01:55:31.972006,
5dcbb93b1ff9e1bd,https://au.linkedin.com/jobs/view/field-visual-merchandiser-wa-sa-cotton-on-kids-at-cotton-on-group-4467971566,Field Visual Merchandiser WA / SA - Cotton On Kids,,scraped,2026-09-18T01:55:41.335544,
f72d2c3769fcda89,https://au.linkedin.com/jobs/view/retail-sales-assistant-full-time-westgate-at-nutrition-warehouse-4467703453,Retail Sales Assistant - Full-Time - Westgate,,scraped,2026-09-18T01:55:47.909373,
76ad2989ea4b6455,https://au.linkedin.com/jobs/view/senior-sales-consultant-earn-more-at-nick-scali-hobart-at-nick-scali-limited-4466638200,Senior Sales Consultant - Earn more at Nick Scali Hobart,,scraped,2026-09-18T01:56:07.535969,
7170dd7539fdf4dc,https://au.linkedin.com/jobs/view/account-executive-at-careeraiforge-4468659480,Account Executive,careerAIForge,posted,2026-09-18T01:56:28.031476,205
bcdec6eff59acbc7,https://au.linkedin.com/jobs/view/assistant-store-manager-chermside-at-anaconda-group-pty-ltd-4466641095,Assistant Store Manager - Chermside,,scraped,2026-09-18T01:56:34.756868,
cf626ac52579b7ec,https://au.linkedin.com/jobs/view/store-manager-bws-narrabeen-sands-drive-at-bws-4468851464,Store Manager - BWS Narrabeen Sands Drive,,scraped,2026-09-18T01:56:44.131139,
1776492463ca1753,https://au.linkedin.com/jobs/view/account-executive-at-fair-supply-4455498465,Account Executive,,scraped,2026-09-18T01:57:33.291581,
9c43a77afa0e155b,https://au.linkedin.com/jobs/view/receptionist-at-picturewealth-4467834389,Receptionist,,scraped,2026-09-18T01:59:02.100345,
a62e8a299772f8ba,https://au.linkedin.com/jobs/view/butcher-drummoyne-at-careeraiforge-4468658452,Butcher - Drummoyne,careerAIForge,posted,2026-09-18T02:00:00.330363,403
47ec4148f0050ae8,https://au.linkedin.com/jobs/view/salesperson-at-careeraiforge-4468668395,Salesperson,careerAIForge,posted,2026-09-18T02:00:10.404630,405
9a37ac2db58bbfdd,https://au.linkedin.com/jobs/view/metal-fabricator-at-new-economy-minerals-jobs-4467830512,Metal Fabricator,New Economy Minerals Jobs,posted,2026-09-18T02:00:43.527520,407
c59e1518d2898e4d,https://au.linkedin.com/jobs/view/employment-consultant-at-apm-employment-services-4466636294,Employment Consultant,,scraped,2026-09-18T02:01:10.211905,
68499c0206a0d07d,https://au.linkedin.com/jobs/view/turf-maintenance-technician-at-green-by-nature-4468369324,Turf Maintenance Technician,Green by Nature,posted,2026-09-18T02:01:26.672612,409
f24ebea8ed102793,https://au.linkedin.com/jobs/view/technician-mercedes-benz-brisbane-newstead-4006-at-lsh-auto-australia-4466601792,"Technician  Mercedes-Benz Brisbane Newstead, 4006",,scraped,2026-09-18T02:01:33.387071,
cc2bf884be60cd28,https://au.linkedin.com/jobs/view/account-manager-at-hertz-4468864216,Account Manager,Hertz,posted,2026-09-18T02:02:50.143537,411
72a8f1cf5705bdbd,https://au.linkedin.com/jobs/view/store-manager-at-baby-bunting-4467828386,Store Manager,Baby Bunting,posted,2026-09-18T02:05:03.997200,127
113e7374ef6b7108,https://au.linkedin.com/jobs/view/senior-recruiter-at-tecside-4467821285,Senior Recruiter,,scraped,2026-09-18T02:06:42.628639,
9f3654818002ce8c,https://au.linkedin.com/jobs/view/manager-communications-acs-at-bureau-of-meteorology-4468860523,"Manager, Communications, ACS",,scraped,2026-09-18T02:06:59.516205,
2f1a50795e49c957,https://au.linkedin.com/jobs/view/accounts-receivable-officer-at-programmed-4468658056,Accounts Receivable Officer,,scraped,2026-09-18T06:50:23.511610,
59d1f3c3f03375d5,https://au.linkedin.com/jobs/view/account-executive-at-4twenty-consulting-4465721037,Account Executive,,scraped,2026-09-18T06:50:59.450939,
dd0cc06961ddfcf4,https://au.linkedin.com/jobs/view/technical-seo-specialist-at-easygo-4466645474,Technical SEO Specialist,,scraped,2026-09-18T06:51:20.139795,
29556d389f539133,https://au.linkedin.com/jobs/view/employment-lawyers-graduate-to-partner-at-persol-apac-4466652570,Employment Lawyers | Graduate to Partner,,scraped,2026-09-18T06:51:46.782961,
2ad684086f89ff70,https://au.linkedin.com/jobs/view/store-managers-earn-more-at-nick-scali-perth-metro-region-at-nick-scali-limited-4468355276,Store Managers - Earn More at Nick Scali - Perth Metro Region,,scraped,2026-09-18T06:52:17.722388,
2642b49269712b93,https://au.linkedin.com/jobs/view/junior-pr-sydney-at-freedom-property-investors-4466648754,Junior PR - Sydney,,scraped,2026-09-18T06:52:31.383797,
482debaca8e4f2c8,https://au.linkedin.com/jobs/view/payroll-officer-%2490-000-super-hybrid-central-station-learn-dayforce%21-at-absolute-payroll-4466620969,"Payroll Officer - $90,000  Super - Hybrid - Central Station - LEARN DAYFORCE!",Absolute Payroll,posted,2026-09-18T06:52:48.809818,413
aa18fdf221561303,https://au.linkedin.com/jobs/view/retail-team-member-at-jb-hi-fi-4466658081,Retail Team Member,,scraped,2026-09-18T06:52:51.537410,
19c055210763d683,https://au.linkedin.com/jobs/view/sales-assistant-at-bapcor-limited-4466657493,Sales Assistant,,scraped,2026-09-18T06:53:14.485943,
a0f770732d164c89,https://au.linkedin.com/jobs/view/platypus-full-time-sales-assistant-bondi-at-platypus-shoes-4469111088,Platypus Full Time Sales Assistant - Bondi,,scraped,2026-09-18T06:53:21.641884,
7adc6435c2670405,https://au.linkedin.com/jobs/view/kmart-sydney-central-suburbs-department-manager-at-kmart-australia-limited-4466645786,Kmart Sydney Central Suburbs - Department Manager,Kmart Australia Limited,posted,2026-09-18T06:53:47.283704,415
099089cc56fb496f,https://au.linkedin.com/jobs/view/account-executive-at-wipro-4468862655,Account Executive,,scraped,2026-09-18T06:54:23.924934,
6633c84a92929f48,https://au.linkedin.com/jobs/view/store-manager-colonnades-at-the-body-shop-australia-4467744127,Store Manager - Colonnades,,scraped,2026-09-18T06:54:43.142090,
4c221501c16fe43c,https://au.linkedin.com/jobs/view/lead-estimator-at-design-build-recruitment-4467188199,Lead Estimator,,scraped,2026-09-18T06:54:50.416683,
066a66fa4e218d7e,https://au.linkedin.com/jobs/view/smokemart-giftbox-maryborough-%E2%80%93-store-manager-at-smokemart-giftbox-4467980761,Smokemart & GiftBox Maryborough – Store Manager,,scraped,2026-09-18T06:54:57.158862,
b9d37f3de12f801e,https://au.linkedin.com/jobs/view/assistant-store-manager-at-antojitos-mexicanos-la-jefa-4469103535,Assistant Store Manager,Antojitos Mexicanos La Jefa,posted,2026-09-18T06:56:40.023741,95
4b1a34d864efbc11,https://au.linkedin.com/jobs/view/sales-consultant-%E2%80%93-sydney-full-training-provided-at-freedom-property-investors-4466651696,Sales Consultant – Sydney | Full Training Provided,,scraped,2026-09-18T06:57:15.001555,
636a217d8994edad,https://au.linkedin.com/jobs/view/surveyor-brisbane-at-peoplein-4469101738,Surveyor Brisbane,,scraped,2026-09-18T06:57:41.434555,
3e96f13c45b7bf06,https://au.linkedin.com/jobs/view/platypus-assistant-store-manager-doncaster-at-platypus-shoes-4469105220,Platypus Assistant Store Manager - Doncaster,,scraped,2026-09-18T06:57:58.148104,
c110bc591e200aaf,https://au.linkedin.com/jobs/view/head-of-finance-at-cw-products-4466621841,Head of Finance,,scraped,2026-09-18T06:58:46.483893,
714f6b688b31169d,https://au.linkedin.com/jobs/view/team-lead-and-residential-support-worker-at-carewa-services-4465185937,Team Lead and Residential Support Worker,,scraped,2026-09-18T06:59:19.984282,
af63093353312cd6,https://au.linkedin.com/jobs/view/field-sales-representative-at-creative-activation-4466649070,Field Sales Representative,,scraped,2026-09-18T06:59:26.402661,
5b4072eba3ee076b,https://au.linkedin.com/jobs/view/business-information-security-officer-at-peabody-4456361535,Business Information Security Officer,Peabody,posted,2026-09-18T07:00:01.142939,417
4681a9cbbed0e0db,https://au.linkedin.com/jobs/view/maintenance-scheduler-at-service-stream-4467510106,Maintenance Scheduler,,scraped,2026-09-18T07:00:03.842253,
8be317a269922544,https://au.linkedin.com/jobs/view/general-practitioner-gp-practice-doctor-at-geelong-careers-4468604661,General Practitioner (Gp) / Practice Doctor,Geelong Careers,posted,2026-09-18T07:00:25.726036,185
de6fb8e98dd3f5c3,https://au.linkedin.com/jobs/view/workforce-planning-specialist-at-mcmillan-shakespeare-mmsg-4469107148,Workforce Planning Specialist,,scraped,2026-09-18T07:00:28.492254,
f82b38b8a38f01bf,https://au.linkedin.com/jobs/view/field-sales-representative-cafes-local-venues-at-prizecart-4467135767,Field Sales Representative - Cafes & Local Venues,,scraped,2026-09-18T07:01:03.144812,
7df00c4063aefafb,https://au.linkedin.com/jobs/view/agency-sales-coordinator-at-gawk-4466640552,Agency Sales Coordinator,,scraped,2026-09-18T07:01:18.428069,
ddb1a878bb780a86,https://au.linkedin.com/jobs/view/mortgage-loan-processor-at-hays-4467132689,Mortgage Loan Processor,,scraped,2026-09-18T07:01:33.559678,
f200743ce1ec8afe,https://au.linkedin.com/jobs/view/store-manager-waurn-ponds-at-skechers-australia-new-zealand-4466647566,Store Manager - Waurn Ponds,,scraped,2026-09-18T07:01:49.272209,
2117bce3d16b8b19,https://au.linkedin.com/jobs/view/platypus-assistant-store-manager-macarthur-square-at-platypus-shoes-4469100271,Platypus Assistant Store Manager - Macarthur Square,,scraped,2026-09-18T07:02:13.832777,
06838adcf2a7858e,https://au.linkedin.com/jobs/view/medium-rigid-mr-courier-at-fedex-australia-4469115430,Medium Rigid (MR) Courier,FedEx Australia,posted,2026-09-18T07:02:45.991883,79
cc9cc48dbb3e5f92,https://au.linkedin.com/jobs/view/head-chef-the-esplanade-at-alh-hotels-4467981011,Head Chef - The Esplanade,,scraped,2026-09-18T07:02:50.674543,
2d5f7a3dc96747c4,https://au.linkedin.com/jobs/view/advanced-retail-professional-3ic-harbour-town-factory-outlet-gold-coast-at-adidas-4466265161,"Advanced Retail Professional (3IC) - Harbour Town Factory Outlet, Gold Coast",,scraped,2026-09-18T07:03:17.263860,
6923b3269db7a5a7,https://au.linkedin.com/jobs/view/store-manager-full-time-townsville-at-lovisa-pty-ltd-4468876788,Store Manager | Full Time | Townsville,,scraped,2026-09-18T07:03:47.586916,
f109af36345a9151,https://au.linkedin.com/jobs/view/submissions-coordinator-at-mansfield-co-recruitment-4469105073,Submissions Coordinator,,scraped,2026-09-18T07:03:58.515697,
e98ee29a3ba01701,https://au.linkedin.com/jobs/view/human-resources-manager-at-asq-pty-ltd-4468851808,Human Resources Manager,ASQ Pty Ltd,posted,2026-09-18T07:04:26.437481,419
67d81210992e3fcf,https://au.linkedin.com/jobs/view/sales-executive-at-westin-hotels-resorts-4459624405,Sales Executive,Westin Hotels &amp; Resorts,posted,2026-09-18T07:05:07.549431,421
e7624b1c641b0204,https://au.linkedin.com/jobs/view/expression-of-interest-retail-manager-strathpine-at-fitness-cartel-australia-new-zealand-4468863758,Expression of Interest - Retail Manager - Strathpine,,scraped,2026-09-18T07:05:14.236385,
62b91e084d4d0630,https://au.linkedin.com/jobs/view/manager-communications-acs-at-bureau-of-meteorology-4468868452,"Manager, Communications, ACS",,scraped,2026-09-18T07:05:29.443248,
9da30331dfd88510,https://au.linkedin.com/jobs/view/manager-communications-acs-at-bureau-of-meteorology-4468855639,"Manager, Communications, ACS",,scraped,2026-09-18T07:05:35.885373,
a87d6fea268a64fc,https://au.linkedin.com/jobs/view/collections-advisor-inbound-outbound-mobility-at-wex-4469101223,Collections Advisor Inbound/Outbound - Mobility,WEX,posted,2026-09-18T07:06:11.949576,423
8b6b2f74a877b59d,https://au.linkedin.com/jobs/view/educator-at-goodstart-early-learning-4467958898,Educator,,scraped,2026-09-18T07:06:28.574165,
536b386fb899b787,https://au.linkedin.com/jobs/view/sales-representative-gold-coast-at-ventora-4451630253,Sales Representative - Gold Coast,VENTORA,posted,2026-09-18T07:06:42.283523,425
6af24400d995fc60,https://au.linkedin.com/jobs/view/assistant-manager-lockies-hotel-at-alh-hotels-4448151032,Assistant Manager - Lockies Hotel,,scraped,2026-09-18T07:06:44.960157,
46952512ff2eac73,https://au.linkedin.com/jobs/view/assistant-manager-at-bapcor-limited-4466654593,Assistant Manager,,scraped,2026-09-18T07:06:51.497673,
82cb8b00aeb11993,https://au.linkedin.com/jobs/view/business-development-rep-au-at-certinia-4432297935,Business Development Rep-AU,Certinia,posted,2026-09-18T12:27:51.076766,427
01118033602b2c15,https://au.linkedin.com/jobs/view/employment-lawyers-graduate-to-partner-at-programmed-4469139045,Employment Lawyers | Graduate to Partner,,scraped,2026-09-18T12:27:53.748711,
2cbcff0800a7f738,https://au.linkedin.com/jobs/view/sales-development-representative-at-wow-recruitment-4467815484,Sales Development Representative,,scraped,2026-09-18T12:28:24.671575,
b30a3704af648391,https://au.linkedin.com/jobs/view/kmart-newcastle-surrounding-locations-store-manager-at-kmart-australia-limited-4458081055,Kmart Newcastle & Surrounding Locations - Store Manager,Kmart Australia Limited,posted,2026-09-18T12:28:46.722951,429
45efab84e5da4ef2,https://au.linkedin.com/jobs/view/store-manager-at-mountain-warehouse-4458680796,Store Manager,,scraped,2026-09-18T12:28:53.336741,
6b4bb739ff1b344d,https://au.linkedin.com/jobs/view/estimator-high%E2%80%91end-custom-homes-at-design-build-recruitment-4466647965,Estimator - High‑End Custom Homes,,scraped,2026-09-18T12:29:20.573382,
991747f7c6ad0845,https://au.linkedin.com/jobs/view/field-service-technician-mackay-qld-at-bullivants-4448151975,Field Service Technician - Mackay QLD,,scraped,2026-09-18T12:29:29.072672,
3d8ba49f40053ff4,https://au.linkedin.com/jobs/view/security-officer-at-securecorp-4467411922,Security Officer,,scraped,2026-09-18T12:29:49.373197,
7ac2ba41e756c514,https://au.linkedin.com/jobs/view/kmart-hornsby-department-manager-at-kmart-australia-limited-4458068127,Kmart Hornsby - Department Manager,Kmart Australia Limited,posted,2026-09-18T12:31:37.916162,431
dc176242a870fd58,https://au.linkedin.com/jobs/view/wireman-at-aureos-4467844534,Wireman,,scraped,2026-09-18T12:31:50.640246,
c9980378ac162ba9,https://au.linkedin.com/jobs/view/assistant-store-manager-eastgardens-at-skechers-australia-new-zealand-4458055909,Assistant Store Manager - Eastgardens,,scraped,2026-09-18T12:31:57.706612,
e4093faa780cd666,https://au.linkedin.com/jobs/view/personal-assistant-to-managing-director-at-vatee-group-4467840248,Personal Assistant to Managing Director,Vatee Group,posted,2026-09-18T12:34:00.199886,433
9d1b7d4c22a86d83,https://au.linkedin.com/jobs/view/kmart-southwest-sydney-suburbs-department-manager-at-kmart-australia-limited-4458061191,Kmart Southwest Sydney Suburbs - Department Manager,Kmart Australia Limited,posted,2026-09-18T12:34:11.510107,435
2807304e4efd9b47,https://au.linkedin.com/jobs/view/business-development-representative-at-pay-com-au-4467854321,Business Development Representative,,scraped,2026-09-18T12:34:14.122242,
a98ad77867e546a8,https://au.linkedin.com/jobs/view/new-store-sports-direct-sales-assistant-penrith-at-sports-direct-australia-4460178818,NEW STORE Sports Direct Sales Assistant - Penrith,,scraped,2026-09-18T12:34:42.824732,
8455af136acb4abd,https://au.linkedin.com/jobs/view/product-manager-at-publift-4467847161,Product Manager,,scraped,2026-09-18T12:35:37.911452,
70fbf47c0a39f248,https://au.linkedin.com/jobs/view/skechers-store-manager-pacific-fair-at-skechers-australia-new-zealand-4449985799,Skechers Store Manager - Pacific Fair,,scraped,2026-09-18T12:35:46.935322,
09d37adc69f608ef,https://au.linkedin.com/jobs/view/account-manager-at-paywise-4467840109,Account Manager,,scraped,2026-09-18T12:36:55.284434,
0b56af15287c1b5a,https://au.linkedin.com/jobs/view/account-executive-at-supy-4467509062,Account Executive,,scraped,2026-09-18T12:37:20.601105,
755a4e995f74d55d,https://au.linkedin.com/jobs/view/devops-support-engineer-at-xpt-software-4467822940,DevOps Support Engineer,,scraped,2026-09-18T12:37:31.096418,
31bb089bdc6ec3a8,https://au.linkedin.com/jobs/view/inside-sales-account-executive-small-business-at-dell-technologies-4467851075,Inside Sales Account Executive - Small Business,Dell Technologies,posted,2026-09-18T12:37:49.672224,437
b9a96b0a7956196f,https://au.linkedin.com/jobs/view/housekeeper-8-6-local-at-saltbush-contracting-4467151204,Housekeeper 8/6 Local,,scraped,2026-09-18T12:38:56.376142,
0373dcd99ac973e7,https://au.linkedin.com/jobs/view/accounts-payroll-assistant-at-coreplan-4469116814,Accounts & Payroll Assistant,,scraped,2026-09-18T12:39:12.888937,
64e1e925d683edd2,https://au.linkedin.com/jobs/view/maintenance-support-at-mccormick-company-4458950364,Maintenance Support,McCormick &amp; Company,posted,2026-09-18T12:39:29.054663,439
95f4a1754e401332,https://au.linkedin.com/jobs/view/assistant-restaurant-managers-at-grill-d-4262505619,Assistant Restaurant Managers,,scraped,2026-09-18T12:39:49.660572,
76ea238be72baa61,https://au.linkedin.com/jobs/view/software-engineer-at-maincode-4467849689,Software Engineer,,scraped,2026-09-18T12:40:05.332953,
241f7e1eaf329684,https://au.linkedin.com/jobs/view/expression-of-interest-can%E2%80%99t-see-a-role-that%E2%80%99s-right-for-you%3F-at-c2-group-4461567288,Expression of Interest - Can’t see a role that’s right for you?,,scraped,2026-09-18T12:40:12.914903,
2e31311506b21312,https://au.linkedin.com/jobs/view/renderer-at-mcnab-4438458993,Renderer,,scraped,2026-09-18T12:40:20.180880,
65738d15e2c0e251,https://au.linkedin.com/jobs/view/cost-estimator-at-beca-4432518530,Cost Estimator,,scraped,2026-09-18T12:40:26.931377,
18f5350da9c7e867,https://au.linkedin.com/jobs/view/laser-specialist-sydney-city-at-removery-4440639846,Laser Specialist - Sydney City,Removery,posted,2026-09-18T12:40:43.682860,441
95c8ff413feb0537,https://au.linkedin.com/jobs/view/quantity-surveyor-at-rider-levett-bucknall-rlb-4467840267,Quantity Surveyor,Rider Levett Bucknall RLB,posted,2026-09-18T12:40:57.850830,443
2d9315d25586496e,https://au.linkedin.com/jobs/view/head-of-talent-acquisition-at-first-focus-4465607751,Head of Talent Acquisition,,scraped,2026-09-18T12:41:16.538281,
f278c91fcc202d52,https://au.linkedin.com/jobs/view/gtm-engineer-at-upguard-4457465258,GTM Engineer,UpGuard,posted,2026-09-18T12:41:34.118215,177
28107cddb77e9f37,https://au.linkedin.com/jobs/view/solution-architect-au-citizen-with-security-clearance-at-accenture-australia-4453243912,Solution Architect (AU Citizen with Security Clearance),Accenture Australia,posted,2026-09-18T12:41:52.133933,445
5db2e19521700799,https://au.linkedin.com/jobs/view/estimator-at-mlg-4458937374,Estimator,,scraped,2026-09-18T12:41:58.795781,
7a36df7828cf7ea0,https://au.linkedin.com/jobs/view/project-estimator-at-trade-safe-building-4467842797,Project Estimator,Trade Safe Building,posted,2026-09-18T12:42:57.790445,447
e172b94db4e013b0,https://au.linkedin.com/jobs/view/manager-communications-acs-at-bureau-of-meteorology-4469114729,"Manager, Communications, ACS",,scraped,2026-09-18T12:43:08.419204,
64d151a20eeca641,https://au.linkedin.com/jobs/view/retail-manager-munno-para-at-priceline-pharmacy-4467817725,Retail Manager - Munno Para,,scraped,2026-09-18T12:43:35.199531,
3e17fc0c00ae0255,https://au.linkedin.com/jobs/view/store-manager-bws-hawksburn-at-bws-4458736935,Store Manager - BWS - Hawksburn,,scraped,2026-09-18T12:43:48.510630,
cef7f25d2ab82f68,https://au.linkedin.com/jobs/view/test-engineer-adelaide-at-gaming-laboratories-international-llc-4460197668,Test Engineer - Adelaide,"Gaming Laboratories International, LLC",posted,2026-09-18T12:44:04.484665,449
a1b43706b0017227,https://au.linkedin.com/jobs/view/section-lead-perishables-redfern-at-harris-farm-markets-4465526009,Section Lead - Perishables - Redfern,,scraped,2026-09-18T12:44:13.220244,
26b16318409ee313,https://au.linkedin.com/jobs/view/pathology-collector-at-qml-pathology-4465522798,Pathology Collector,,scraped,2026-09-18T12:44:20.055126,
be1ed10f88a87420,https://au.linkedin.com/jobs/view/detection-engineer-at-orro-group-4465222877,Detection Engineer,,scraped,2026-09-18T12:44:26.980398,
8c9254061f5565fa,https://au.linkedin.com/jobs/view/cloud-engineering-expressions-of-interest-ballarat-at-accenture-australia-4453258919,Cloud Engineering - Expressions of Interest - Ballarat,Accenture Australia,posted,2026-09-18T12:44:40.469300,451
3170e8092610651d,https://au.linkedin.com/jobs/view/evening-supervisor-at-centra-4467510194,Evening Supervisor,,scraped,2026-09-18T12:44:43.153717,
2f7c7c768daf6537,https://au.linkedin.com/jobs/view/hr-driver-at-team-global-express-4458177208,HR Driver,,scraped,2026-09-18T12:44:50.362391,
5052feb164fca432,https://au.linkedin.com/jobs/view/residential-property-valuer-at-knight-frank-australia-4423894134,Residential Property Valuer,,scraped,2026-09-18T12:44:57.615904,
44727c3f9f03845f,https://au.linkedin.com/jobs/view/psychiatry-registrar-at-nt-health-4464755664,Psychiatry Registrar,NT Health,posted,2026-09-18T12:45:13.227632,453
f66dc8289c33bcb0,https://au.linkedin.com/jobs/view/payroll-officer-at-lagardere-awpl-4467126141,Payroll Officer,,scraped,2026-09-18T12:45:15.980852,
1e6e466af7980997,https://au.linkedin.com/jobs/view/workday-talent-learning-consultant-at-kainos-4432079732,Workday Talent/Learning Consultant,,scraped,2026-09-18T12:45:23.080584,
b9ad73daafab43ea,https://au.linkedin.com/jobs/view/manager-communications-acs-at-bureau-of-meteorology-4469113737,"Manager, Communications, ACS",,scraped,2026-09-18T12:45:39.747959,
3a1a4b6f66c68071,https://au.linkedin.com/jobs/view/amazon-business-field-sales-representative-parramatta-at-strikeforce-amc-4466738670,Amazon Business Field Sales Representative - Parramatta,,scraped,2026-09-18T17:23:04.094270,
ac795f4b0dc10cfc,https://au.linkedin.com/jobs/view/retail-team-member-at-jb-hi-fi-4466676102,Retail Team Member,,scraped,2026-09-18T17:23:10.802324,
76751f88c84432c5,https://au.linkedin.com/jobs/view/store-person-dc-broadmeadows-at-gpc-asia-pacific-4460300171,Store Person - DC Broadmeadows,,scraped,2026-09-18T17:23:17.587239,
150f90bc0e2bcec3,https://au.linkedin.com/jobs/view/account-manager-at-paper-kite-people-4466643349,Account Manager,Paper Kite People,posted,2026-09-18T17:24:07.777894,411
565503aaf427c638,https://au.linkedin.com/jobs/view/publican-darwin-at-alh-hotels-4468861167,Publican - Darwin,,scraped,2026-09-18T17:24:26.602820,
57d7cfebc218d1b8,https://au.linkedin.com/jobs/view/business-development-representative-bdr-at-zeller-4448461983,Business Development Representative (BDR),,scraped,2026-09-18T17:25:31.239015,
cd64cdfd74e9d082,https://au.linkedin.com/jobs/view/amazon-business-field-sales-representative-sydney-cbd-north-shore-at-strikeforce-amc-4466745649,Amazon Business Field Sales Representative - Sydney CBD / North Shore,,scraped,2026-09-18T17:25:53.903498,
b2c92eb0b9a98059,https://au.linkedin.com/jobs/view/customer-sales-service-repco-mudgee-full-time-at-repco-4448720604,Customer Sales & Service - Repco Mudgee - Full Time,Repco,posted,2026-09-18T17:26:33.262154,455
de7191ce838b19e6,https://au.linkedin.com/jobs/view/reddy-express-albury-store-manager-at-otr-4467842419,Reddy Express Albury - Store Manager,,scraped,2026-09-18T17:26:54.057296,
7c312c37fdaf5093,https://au.linkedin.com/jobs/view/full-time-assistant-store-manager-prouds-allenstown-at-jpl-group-4468376141,Full Time Assistant Store Manager | Prouds Allenstown,JPL Group,posted,2026-09-18T17:27:34.437737,457
9de4c59d540cb31c,https://au.linkedin.com/jobs/view/communications-specialist-at-programmed-4469137061,Communications Specialist,,scraped,2026-09-18T17:27:43.155530,
e2c287bed9011f1e,https://au.linkedin.com/jobs/view/automotive-sales-consultant-in-person-at-splend-4468862762,Automotive Sales Consultant (In Person),,scraped,2026-09-18T17:27:49.650500,
5e69bccf2f24243b,https://au.linkedin.com/jobs/view/store-manager-at-jpl-group-4469110365,Store Manager,JPL Group,posted,2026-09-18T17:28:02.063063,127
3181d0b6712df418,https://au.linkedin.com/jobs/view/store-manager-at-mountain-warehouse-4458696286,Store Manager,,scraped,2026-09-18T17:28:24.820441,
218a6abb735f3c6f,https://au.linkedin.com/jobs/view/assistant-catering-at-careeraiforge-4469188601,Assistant - Catering,careerAIForge,posted,2026-09-18T17:28:43.186476,459
4908f5da2af28704,https://au.linkedin.com/jobs/view/sales-at-zato-4469130151,Sales,,scraped,2026-09-18T17:28:57.837930,
fd94ece7b131e0e8,https://au.linkedin.com/jobs/view/store-manager-noarlunga-at-freedom-australia-4448750899,Store Manager - Noarlunga,,scraped,2026-09-18T17:29:08.684793,
f3e8bc782f9d9098,https://au.linkedin.com/jobs/view/new-business-account-executive-at-ezra-4254875717,New Business Account Executive,,scraped,2026-09-18T17:30:09.746766,
e5264d016d2843d4,https://au.linkedin.com/jobs/view/section-waitstaff-the-international-at-the-point-4466626472,Section Waitstaff - The International,,scraped,2026-09-18T17:30:19.072086,
d4fe6327163c189b,https://au.linkedin.com/jobs/view/restaurant-manager-at-grill-d-4324303874,Restaurant Manager,,scraped,2026-09-18T17:30:58.577920,
165d7f2cf70871b0,https://au.linkedin.com/jobs/view/kmart-north-locations-department-manager-at-kmart-australia-limited-4456905882,Kmart North Locations - Department Manager,Kmart Australia Limited,posted,2026-09-18T17:31:24.271191,461
f9465f236c6c720e,https://au.linkedin.com/jobs/view/assistant-manager-oxenford-tavern-at-alh-hotels-4448827419,Assistant Manager - Oxenford Tavern,,scraped,2026-09-18T17:31:28.893842,
8168947ce182568d,https://au.linkedin.com/jobs/view/golang-engineer-at-carecone-group-4467921737,Golang Engineer,,scraped,2026-09-18T17:31:35.313113,
5a4ed335dfbb50c1,https://au.linkedin.com/jobs/view/recruitment-consultant-home-electrification-at-smart-energy-4468849048,Recruitment Consultant | Home Electrification,,scraped,2026-09-18T17:31:48.393568,
f5d7ee94dd36f52e,https://au.linkedin.com/jobs/view/talent-acquisition-associate-legal-governance-sydney-cbd-3-days-office-2-days-wfh-at-greenfields-executive-recruitment-search-4468860169,"Talent Acquisition Associate | Legal & Governance | Sydney CBD | 3 days office, 2 days WFH |",,scraped,2026-09-18T17:31:59.388569,
9f9b260da1d6eb00,https://au.linkedin.com/jobs/view/recruiter-at-teksystems-4458610523,Recruiter,TEKsystems,posted,2026-09-18T17:32:12.269431,193
a1b92f1f375ecc26,https://au.linkedin.com/jobs/view/cleaner-at-millennium-services-group-limited-4468366814,Cleaner,,scraped,2026-09-18T17:32:33.011144,
5c32e4585419a69e,https://au.linkedin.com/jobs/view/assistant-store-manager-bcf-roma-at-careeraiforge-4469178803,Assistant Store Manager - BCF Roma,careerAIForge,posted,2026-09-18T17:32:54.296840,463
dbd268992d515b23,https://au.linkedin.com/jobs/view/platypus-assistant-store-manager-launceston-at-platypus-shoes-4468891991,Platypus Assistant Store Manager - Launceston,,scraped,2026-09-18T17:33:05.014077,
2a0e13f0536a115e,https://au.linkedin.com/jobs/view/sales-consultant-at-travel-%2B-leisure-co-4469111597,Sales Consultant,Travel + Leisure Co.,posted,2026-09-18T17:33:17.933025,465
e0fbaf11de470341,https://au.linkedin.com/jobs/view/recruiter-at-teksystems-4458941461,Recruiter,TEKsystems,posted,2026-09-18T17:33:37.026254,193
3ac34f1e3d85c501,https://au.linkedin.com/jobs/view/assistant-store-manager-supercheap-auto-minchinbury-at-supercheap-auto-4458921921,Assistant Store Manager - Supercheap Auto Minchinbury,Supercheap Auto,posted,2026-09-18T17:33:50.561898,467
85ea2128575210f7,https://au.linkedin.com/jobs/view/equipment-specialist-repco-%E2%80%93-ingleburn-at-repco-4460189741,Equipment Specialist Repco – Ingleburn,Repco,posted,2026-09-18T17:34:13.426419,469
095a67ddc4e189c3,https://au.linkedin.com/jobs/view/customer-care-consultant-ts-broome-wa-at-blackwoods-4446747898,Customer Care Consultant TS - Broome WA,,scraped,2026-09-18T17:34:44.009040,
76cb3a3c8ba32418,https://au.linkedin.com/jobs/view/workplace-concierge-at-insignia-financial-4450093137,Workplace Concierge,,scraped,2026-09-18T17:35:09.433233,
226caaa90f5fa38f,https://au.linkedin.com/jobs/view/store-manager-dan-murphy-s-earlville-at-dan-murphy-s-4440360599,Store Manager - Dan Murphy's Earlville,,scraped,2026-09-18T17:35:17.231712,
f3485556b3db7233,https://au.linkedin.com/jobs/view/sales-development-representative-sydney-at-verkada-4432520513,Sales Development Representative - Sydney,Verkada,posted,2026-09-18T17:35:55.414098,471
aecb48aae6fb02f1,https://au.linkedin.com/jobs/view/assistant-store-manager-bws-baldivis-at-bws-4440927041,Assistant Store Manager - BWS Baldivis,,scraped,2026-09-18T17:36:00.122744,
e35b53b2dce2f8df,https://au.linkedin.com/jobs/view/employment-consultant-at-apm-employment-services-4438438787,Employment Consultant,,scraped,2026-09-18T17:36:19.119218,
c9c2791b7fbb33f0,https://au.linkedin.com/jobs/view/wireman-at-aureos-capital-4467869168,Wireman,,scraped,2026-09-18T17:36:46.420894,
ca37679b353e541e,https://au.linkedin.com/jobs/view/excavator-operator-iron-bridge-at-thiess-4450081147,Excavator Operator - Iron Bridge,,scraped,2026-09-18T17:36:57.516478,
1c062bc97a94172d,https://au.linkedin.com/jobs/view/assistant-store-manager-rebel-rockdale-at-rebel-sport-4458936612,Assistant Store Manager - rebel Rockdale,,scraped,2026-09-18T17:37:04.694824,
f35d4d8ff1bcbf20,https://au.linkedin.com/jobs/view/dentist-at-national-dental-care-4466677255,Dentist,,scraped,2026-09-18T17:37:13.425734,
71a5002f29da3279,https://au.linkedin.com/jobs/view/sales-development-representative-at-games-workshop-4468641557,Sales Development Representative,,scraped,2026-09-18T17:37:28.828723,
e69edd00c0aec760,https://au.linkedin.com/jobs/view/store-manager-cotton-on-kids-hbtn-qld-at-cotton-on-group-4467048021,Store Manager - Cotton On Kids HBTN QLD,,scraped,2026-09-18T17:37:35.242658,
3b6e6b964e5a1b41,https://au.linkedin.com/jobs/view/cable-repairer-at-tangoefr-4469183467,Cable Repairer,TangoeFR,posted,2026-09-18T17:37:57.036457,473
a688460411417f84,https://au.linkedin.com/jobs/view/lead-development-representative-pacific-at-aveva-4458611380,"Lead Development Representative, Pacific",,scraped,2026-09-18T17:38:21.660378,
5cfad10c9c2bbd68,https://au.linkedin.com/jobs/view/product-manager-at-prezzee-4469116671,Product Manager,,scraped,2026-09-18T17:38:28.239006,
07eafe1ab71102cd,https://au.linkedin.com/jobs/view/in-store-mortgage-broker-newtown-at-aussie-4469109705,In-store Mortgage Broker - Newtown,,scraped,2026-09-18T17:39:04.912014,
7fa4c240f69035ec,https://au.linkedin.com/jobs/view/workers-compensation-underwriter-at-iag-4460159056,Workers Compensation Underwriter,IAG,posted,2026-09-18T17:39:29.886481,475
e09c980c553e9819,https://au.linkedin.com/jobs/view/accounts-officer-at-paspaley-4468370156,Accounts Officer,Paspaley,posted,2026-09-18T17:39:38.245021,319
f537d2f2b4510f93,https://au.linkedin.com/jobs/view/retail-active-stylist-albury-at-lorna-jane-4466661352,Retail Active Stylist - Albury,,scraped,2026-09-18T17:40:04.864438,
72fb5facdea5f85e,https://au.linkedin.com/jobs/view/%E7%A5%A8%E5%8A%A1%E9%94%80%E5%94%AE%E6%80%BB%E7%9B%91-4467802186,票务销售总监,Wise N Rise,failed|wp_post_failed,2026-09-18T17:40:18.722751,
54b941e9ae1f790d,https://au.linkedin.com/jobs/view/enterprise-solutions-account-manager-australia-at-geelong-careers-4469151206,Enterprise Solutions Account Manager - Australia,Geelong Careers,posted,2026-09-18T17:40:36.884051,477
0edf11e9ee7934c5,https://au.linkedin.com/jobs/view/pool-technician-at-poolwerx-corporation-pty-ltd-4465714273,Pool Technician,,scraped,2026-09-18T17:40:45.481349,
49feba6fa9e132f0,https://au.linkedin.com/jobs/view/baker-at-labour-support-group-4466811976,Baker,,scraped,2026-09-18T17:40:55.608712,
1603e5c9e037a5e1,https://au.linkedin.com/jobs/view/painting-and-rendering-bdm-4467819469,Painting and rendering BDM,Signature painters,posted,2026-09-18T17:41:09.450195,479
ff0d55a6a8c459d4,https://au.linkedin.com/jobs/view/employment-consultant-at-apm-employment-services-4448086240,Employment Consultant,,scraped,2026-09-18T17:41:26.157749,
0a84b76d368b1fc8,https://au.linkedin.com/jobs/view/manager-communications-acs-at-bureau-of-meteorology-4469165459,"Manager, Communications, ACS",,scraped,2026-09-18T17:41:41.567691,
fbba48af797376b9,https://au.linkedin.com/jobs/view/employment-consultant-at-apm-employment-services-4465948327,Employment Consultant,,scraped,2026-09-18T17:41:54.065048,
1f33c0f3b9774ba0,https://au.linkedin.com/jobs/view/restaurant-supervisor-cherrybrook-at-mad-mex-4466932281,Restaurant Supervisor Cherrybrook,,scraped,2026-09-18T20:10:03.502575,
ea3f2ce020c50e4f,https://au.linkedin.com/jobs/view/store-manager-at-crocs-inc-4458027653,Store Manager,"Crocs, Inc.",posted,2026-09-18T20:11:41.364239,127
5bf824f07035b66c,https://au.linkedin.com/jobs/view/night-track-inspector-se-at-metro-trains-melbourne-4469109193,Night Track Inspector (SE),,scraped,2026-09-18T20:13:52.043465,
d8395e5eb1b33350,https://au.linkedin.com/jobs/view/reward-specialist-at-tandem-partners-pty-ltd-4462101881,Reward Specialist,,scraped,2026-09-18T20:14:15.437667,
66f2d8b5dc00ae96,https://au.linkedin.com/jobs/view/welder-powdercoater-gepps-cross-at-laser-3d-4466928383,Welder & Powdercoater Gepps Cross,,scraped,2026-09-18T20:15:46.827077,
88566b1a6a383345,https://au.linkedin.com/jobs/view/assistant-restaurant-manager-at-grill-d-4262507470,Assistant Restaurant Manager,,scraped,2026-09-18T20:16:52.174436,
bf533207cd70acb7,https://au.linkedin.com/jobs/view/ict-project-manager-at-careeraiforge-4469190162,ICT Project Manager,careerAIForge,posted,2026-09-18T20:17:22.128868,481
be25aee26590e9c3,https://au.linkedin.com/jobs/view/site-reliability-engineer-australia-remote-at-axon-4468882213,"Site Reliability Engineer (Australia, Remote)",Axon,posted,2026-09-18T20:18:33.924542,483
6139fe7dccc07256,https://au.linkedin.com/jobs/view/fx-sales-director-at-macquarie-group-4450045799,FX Sales Director,,scraped,2026-09-18T20:19:10.710309,
7a4b7e049d61be5e,https://au.linkedin.com/jobs/view/smokemart-gift-box-dog-swamp-sales-assistant-at-smokemart-giftbox-4467972822,Smokemart & Gift Box Dog Swamp - Sales Assistant,,scraped,2026-09-18T20:19:56.938244,
8845a254d056de64,https://au.linkedin.com/jobs/view/manager-communications-acs-at-bureau-of-meteorology-4469235302,"Manager, Communications, ACS",,scraped,2026-09-18T20:20:36.522532,
42debff71338ea42,https://au.linkedin.com/jobs/view/assistant-store-manager-birkenhead-point-outlet-at-skechers-australia-new-zealand-4458060073,Assistant Store Manager - Birkenhead Point Outlet,,scraped,2026-09-18T23:49:08.777067,
a5eaebce616db8da,https://au.linkedin.com/jobs/view/account-executive-at-litmos-4467845346,Account Executive,Litmos,posted,2026-09-18T23:50:24.749678,205
c95caad209d99b9a,https://au.linkedin.com/jobs/view/solutions-engineer-at-presales-collective-4466919987,Solutions Engineer,PreSales Collective,posted,2026-09-18T23:51:18.411505,485
c8b728e3132c00be,https://au.linkedin.com/jobs/view/account-executive-at-bazaarvoice-4467958654,Account Executive,Bazaarvoice,posted,2026-09-18T23:52:13.209262,205
36bca1ea45b752c9,https://au.linkedin.com/jobs/view/platypus-assistant-store-manager-salamander-bay-at-platypus-shoes-4459116556,Platypus Assistant Store Manager - Salamander Bay,,scraped,2026-09-18T23:53:03.884143,
0e4de45096bb7116,https://au.linkedin.com/jobs/view/retail-assistant-store-manager-brisbane-at-spendless-shoes-4464781037,Retail Assistant Store Manager Brisbane,,scraped,2026-09-19T01:57:23.589957,
14ee98dae9403952,https://au.linkedin.com/jobs/view/manager-communications-acs-at-bureau-of-meteorology-4469285410,"Manager, Communications, ACS",,scraped,2026-09-19T02:09:20.159801,
794170ed65943a8f,https://au.linkedin.com/jobs/view/storage-consultant-at-storage-king-group-4468043841,Storage Consultant,,scraped,2026-09-19T06:50:59.862928,
29106fc1916b6fcc,https://au.linkedin.com/jobs/view/business-development-manager-at-citation-group-%F0%9F%87%A6%F0%9F%87%BA-4467848241,Business Development Manager,,scraped,2026-09-19T06:51:43.071553,
95adabd135f19cee,https://au.linkedin.com/jobs/view/assistant-store-manager-western-sydney-surrounds-at-beacon-lighting-4466929318,Assistant Store Manager Western Sydney & Surrounds,,scraped,2026-09-19T06:52:14.058061,
4127b6c95276ddf6,https://au.linkedin.com/jobs/view/radiographer-clayfield-at-qscan-group-4468056544,Radiographer - Clayfield,,scraped,2026-09-19T06:53:14.841688,
bed228ee7aaeb28e,https://au.linkedin.com/jobs/view/external-auditor-at-pwc-australia-4441187350,External Auditor,PwC Australia,posted,2026-09-19T06:54:12.012234,487
4984d384c3755712,https://au.linkedin.com/jobs/view/maintenance-person-at-ryman-healthcare-4458036181,Maintenance Person,,scraped,2026-09-19T06:54:32.745424,
99b904e44b9a5542,https://au.linkedin.com/jobs/view/assistant-manager-fairfield-area-at-alh-hotels-4460306001,Assistant Manager - Fairfield Area,,scraped,2026-09-19T06:55:36.656413,
183d1534167a03c7,https://au.linkedin.com/jobs/view/application-product-security-engineer-graduate-security-bp-2027-start-at-tiktok-4467887159,Application/Product Security Engineer Graduate (Security BP) - 2027 Start,TikTok,posted,2026-09-19T06:57:28.114875,489
e1de75db833bc50f,https://au.linkedin.com/jobs/view/bid-executive-at-a-o-shearman-4466967121,Bid Executive,,scraped,2026-09-19T12:10:54.443649,
db4366f41227c5e8,https://au.linkedin.com/jobs/view/visual-merchandiser-at-harvey-norman-4453499923,Visual Merchandiser,,scraped,2026-09-19T12:13:37.267807,
e383b59ffcb6e293,https://au.linkedin.com/jobs/view/security-monitor-at-amentum-4449903801,Security Monitor,Amentum,posted,2026-09-19T12:14:10.234530,491
90d1984aa2ec9fa4,https://au.linkedin.com/jobs/view/customs-clearance-classifier-at-fedex-australia-4469102608,Customs Clearance Classifier,FedEx Australia,posted,2026-09-19T12:14:37.115473,493
27f8693b62cdaba5,https://au.linkedin.com/jobs/view/full-time-interior-stylist-home-staging-%E2%80%94-pascoe-vale-vic-immediate-start-at-sale-by-design-homes-4468035532,"Full-Time Interior Stylist (Home Staging)  — Pascoe Vale, VIC | Immediate Start",Sale By Design Homes,posted,2026-09-19T12:14:46.026494,495
ebdfe33a49a132e6,https://au.linkedin.com/jobs/view/customs-classifier-at-consulting-services-4468051659,Customs Classifier,Consulting Services,posted,2026-09-19T12:15:08.917074,497
143a148f8ba8b04e,https://au.linkedin.com/jobs/view/new-store-sports-direct-sales-assistant-blacktown-at-sports-direct-australia-4460189617,NEW STORE Sports Direct Sales Assistant - Blacktown,,scraped,2026-09-19T12:15:13.587183,
368da98668ed2611,https://au.linkedin.com/jobs/view/billings-coordinator-at-slater-and-gordon-lawyers-4448706327,Billings Coordinator,,scraped,2026-09-19T12:15:22.596548,
2d991368e65f3bde,https://au.linkedin.com/jobs/view/platypus-multi-site-store-manager-belmont-ellenbrook-at-platypus-shoes-4460319915,Platypus Multi Site Store Manager - Belmont & Ellenbrook,,scraped,2026-09-19T12:16:11.427744,
fd4848773a65aa39,https://au.linkedin.com/jobs/view/store-manager-bonds-outlet-sunshine-marketplace-at-hanes-brands-australasia-4467170916,Store Manager | BONDS Outlet | Sunshine Marketplace,Hanes Brands Australasia,posted,2026-09-19T12:16:56.083277,499
65362c56f910818a,https://au.linkedin.com/jobs/view/assistant-store-manager-cotton-on-lakeside-joondalup-shopping-centre-at-cotton-on-group-4441944760,Assistant Store Manager - Cotton On Lakeside Joondalup Shopping Centre,,scraped,2026-09-19T12:17:10.672614,
7e8ed48035bcc187,https://au.linkedin.com/jobs/view/assistant-store-manager-moore-park-at-freedom-australia-4417634004,Assistant Store Manager - Moore Park,,scraped,2026-09-19T12:17:59.061786,
71697948f22b6020,https://au.linkedin.com/jobs/view/merchandiser-at-hager-australia-new-zealand-4451052278,Merchandiser,,scraped,2026-09-19T12:18:12.773502,
1d016b674304e3ce,https://au.linkedin.com/jobs/view/support-worker-4468066299,Support Worker,Care With Excellence,posted,2026-09-19T12:19:35.360761,501
d6c6d54ebde79b70,https://au.linkedin.com/jobs/view/sonographer-at-radiology-tasmania-4408989040,Sonographer,Radiology Tasmania,posted,2026-09-19T12:20:22.002684,503
5fa3c55934377aec,https://au.linkedin.com/jobs/view/software-engineer-i-at-flywire-4460309639,Software Engineer I,Flywire,posted,2026-09-19T12:21:05.253170,505
0373949c7c47a60d,https://au.linkedin.com/jobs/view/sales-development-representative-at-4twenty-consulting-4469110185,Sales Development Representative,,scraped,2026-09-19T12:21:07.931798,
d39553e705a3a82f,https://au.linkedin.com/jobs/view/customer-service-agent-at-hymix-australia-4469521179,Customer Service Agent,,scraped,2026-09-19T12:21:22.712887,
bb199d19feb2fa78,https://au.linkedin.com/jobs/view/retail-store-manager-every-sunday-off-taigum-at-the-reject-shop-4460188302,Retail Store Manager - Every Sunday Off - Taigum,,scraped,2026-09-19T12:21:40.441954,
55d66979360ff39e,https://au.linkedin.com/jobs/view/occupational-therapist-new-graduate-early-career-at-concentric-4468041858,Occupational Therapist - New Graduate / Early Career,,scraped,2026-09-19T12:21:49.068645,
06f28c8f86a27c6f,https://au.linkedin.com/jobs/view/estimator-electrical-construction-at-lloyd-recruitment-group-lrgwa-4467105783,Estimator - Electrical & Construction,,scraped,2026-09-19T12:22:00.678374,
73628dce068b6c38,https://au.linkedin.com/jobs/view/senior-groundwater-modeller-at-ghd-4467840402,Senior Groundwater Modeller,,scraped,2026-09-19T12:22:47.645862,
86f98f4ec90193d5,https://au.linkedin.com/jobs/view/safety-facilities-officer-at-easy-signs-4467880570,Safety & Facilities Officer,,scraped,2026-09-19T12:23:09.672986,
8dce85596ee8a5f1,https://au.linkedin.com/jobs/view/client-executive-government-cyber-workforce-solutions-at-thales-4448711571,Client Executive - Government Cyber Workforce Solutions,,scraped,2026-09-19T12:23:19.953481,
4d1da71cd7ce123c,https://au.linkedin.com/jobs/view/sales-manager-chatswood-at-the-good-guys-4466675142,Sales Manager - Chatswood,,scraped,2026-09-19T12:23:45.217798,
9f0f55139e20918a,https://au.linkedin.com/jobs/view/account-executive-at-splose-4437742072,Account Executive,,scraped,2026-09-19T12:24:09.020401,
ab22ed987247b079,https://au.linkedin.com/jobs/view/ea-at-michael-page-4467762471,EA,Michael Page,posted,2026-09-19T12:24:24.139542,507
0225f44953669f42,https://au.linkedin.com/jobs/view/manager-communications-acs-at-bureau-of-meteorology-4469502939,"Manager, Communications, ACS",,scraped,2026-09-19T12:24:30.800850,
649d9401488bcac2,https://au.linkedin.com/jobs/view/employment-consultant-at-apm-employment-services-4465965438,Employment Consultant,,scraped,2026-09-19T12:24:45.680899,
ab1da57c48d6fc6d,https://au.linkedin.com/jobs/view/restaurant-manager-at-grill-d-4457443774,Restaurant Manager,,scraped,2026-09-19T12:24:53.072472,
1efee4be56d740eb,https://au.linkedin.com/jobs/view/gaming-manager-villawood-hotel-at-alh-hotels-4467184691,Gaming Manager - Villawood Hotel,,scraped,2026-09-19T12:25:02.032254,
72375e8fa19e3dc7,https://au.linkedin.com/jobs/view/residential-valuer-at-acumentis-group-4460531553,Residential Valuer,,scraped,2026-09-19T16:54:14.809999,
3e0235da3685376f,https://au.linkedin.com/jobs/view/senior-sales-development-representative-at-snyk-4448444664,Senior Sales Development Representative,Snyk,posted,2026-09-19T16:55:01.742009,509
aa7021a637372667,https://au.linkedin.com/jobs/view/electrician-at-proger-global-network-romania-4469268647,Electrician,Proger Global Network ROMANIA,posted,2026-09-19T16:55:46.578597,239
97953edd9db5e28f,https://au.linkedin.com/jobs/view/store-manager-supercheap-auto-noosa-at-supercheap-auto-4450314313,Store Manager - Supercheap Auto Noosa,Supercheap Auto,posted,2026-09-19T16:56:17.321968,511
4c5a21781e939517,https://au.linkedin.com/jobs/view/outbound-sales-representative-at-odoo-4467822368,Outbound Sales Representative,,scraped,2026-09-19T16:56:40.004372,
fcbd60bcd4004fe5,https://au.linkedin.com/jobs/view/advisor-pursuits-and-submissions-at-smec-an-sj-group-company-4441422314,Advisor - Pursuits and Submissions,SMEC (an SJ Group company),posted,2026-09-19T16:56:56.696057,513
289263a665a439e0,https://au.linkedin.com/jobs/view/chef-at-the-scenic-hotel-4467878342,Chef,,scraped,2026-09-19T16:57:53.296883,
b4ca45d19710186f,https://au.linkedin.com/jobs/view/sales-development-representative-allbound-at-culture-amp-4439211205,"Sales Development Representative, Allbound",,scraped,2026-09-19T16:59:39.620066,
4ecf5a2941593a75,https://au.linkedin.com/jobs/view/assistant-manager-south-australia-at-alh-hotels-4424340673,Assistant Manager - SOUTH AUSTRALIA,,scraped,2026-09-19T17:00:54.111856,
aa7c3a561affb240,https://au.linkedin.com/jobs/view/assistant-store-manager-robina-at-strandbags-4456873222,Assistant Store Manager - Robina,,scraped,2026-09-19T17:02:13.043753,
c638cd00886fb771,https://au.linkedin.com/jobs/view/store-manager-supercheap-auto-armadale-at-supercheap-auto-4431815512,Store Manager - Supercheap Auto Armadale,Supercheap Auto,posted,2026-09-19T17:03:46.367539,515
f4e47a6cf8712c36,https://au.linkedin.com/jobs/view/field-sales-representative-at-creative-activation-4466646124,Field Sales Representative,,scraped,2026-09-19T17:03:52.977678,
f95f10e19d73bf6b,https://au.linkedin.com/jobs/view/smokemart-gift-box-narromine-assistant-manager-at-smokemart-giftbox-4469138379,Smokemart & Gift Box Narromine - Assistant Manager,,scraped,2026-09-19T17:04:00.231011,
7262df8b6017671b,https://au.linkedin.com/jobs/view/packaged-lead-at-woolworths-group-4469138827,Packaged Lead,,scraped,2026-09-19T17:04:21.109549,
820f795536cc8ff9,https://au.linkedin.com/jobs/view/assistant-store-manager-at-bapcor-limited-4469131962,Assistant Store Manager,,scraped,2026-09-19T17:05:18.013943,
e1e3a2be3eccf83d,https://au.linkedin.com/jobs/view/ukg-configuration-specialist-at-technology-cii-4468044757,UKG Configuration Specialist,Technology CII,posted,2026-09-19T17:06:36.592133,517
c48a2ed97fc29213,https://au.linkedin.com/jobs/view/maintenance-fitter-brisbane-at-george-weston-foods-4448487940,Maintenance Fitter | Brisbane,George Weston Foods,posted,2026-09-19T17:07:25.865214,519
65366d4a4254a2c7,https://au.linkedin.com/jobs/view/global-director-asset-maintenance-at-hatch-4450001802,Global Director - Asset Maintenance,,scraped,2026-09-19T17:08:00.524255,
ef71c83bf6f717ec,https://au.linkedin.com/jobs/view/laboratory-technician-at-intertek-envirolab-4467785538,Laboratory Technician,,scraped,2026-09-19T17:08:28.026053,
5055b26759401592,https://au.linkedin.com/jobs/view/manager-communications-acs-at-bureau-of-meteorology-4469543168,"Manager, Communications, ACS",,scraped,2026-09-19T17:08:59.572042,
12e123680dfd8d73,https://au.linkedin.com/jobs/view/enterprise-account-executive-vic-at-verkada-4460534839,Enterprise Account Executive (VIC),Verkada,posted,2026-09-19T19:48:40.005774,521
e9a746fa61afd8e7,https://au.linkedin.com/jobs/view/outside-sales-representative-at-wesco-anixter-security-branches-australia-4441934339,Outside Sales Representative,,scraped,2026-09-19T19:51:22.675774,
50283995a0eb9d2d,https://au.linkedin.com/jobs/view/business-development-manager-at-sommerfelt-search-4466693905,Business Development Manager,Sommerfelt Search,posted,2026-09-19T19:54:08.369583,109
433c04989d1b6c8e,https://au.linkedin.com/jobs/view/landscaper-at-civilandscape-4469553617,LANDSCAPER,,scraped,2026-09-19T21:55:56.449963,
354b76a6fd22f407,https://au.linkedin.com/jobs/view/amazon-business-field-sales-representative-penrith-at-strikeforce-amc-4466743665,Amazon Business Field Sales Representative - Penrith,,scraped,2026-09-19T21:57:06.429034,
c1b8d96d006f2adf,https://au.linkedin.com/jobs/view/store-manager-artarmon-at-freedom-australia-4440403608,Store Manager - Artarmon,,scraped,2026-09-19T22:00:11.295627,
31996642d8a5ebe0,https://au.linkedin.com/jobs/view/evening-supervisor-at-centra-4468099611,Evening Supervisor,Centra,posted,2026-09-19T22:07:27.606381,523
4bf4b754c3197f32,https://au.linkedin.com/jobs/view/manager-communications-acs-at-bureau-of-meteorology-4469557496,"Manager, Communications, ACS",,scraped,2026-09-19T22:07:42.274379,
e5a659cc9ed7c5c1,https://au.linkedin.com/jobs/view/head-barista-pre-opening-at-andaz-4466631711,Head Barista (Pre-Opening),Andaz,posted,2026-09-19T23:49:26.355794,525
86fd70e927dcb60e,https://au.linkedin.com/jobs/view/retail-store-manager-coomera-queensland-at-ghanda-clothing-4466992303,Retail Store Manager - Coomera QUEENSLAND,,scraped,2026-09-19T23:54:03.200952,
7b11b638b4aac64a,https://au.linkedin.com/jobs/view/grill-master-doncaster-westfield-shopping-center-at-mad-mex-4466995218,Grill Master Doncaster - Westfield Shopping Center,,scraped,2026-09-20T02:04:49.637072,
05ca07f51256473b,https://au.linkedin.com/jobs/view/manager-gtm-engineering-at-upguard-4449231036,"Manager, GTM Engineering",UpGuard,posted,2026-09-20T02:07:43.503741,527
e1bb379452cad98e,https://au.linkedin.com/jobs/view/team-member-rosebery-at-ampol-4467176482,Team Member - Rosebery,,scraped,2026-09-20T02:09:02.141244,
029a9b21a28e75d1,https://au.linkedin.com/jobs/view/external-auditor-at-pwc-australia-4441192174,External Auditor,PwC Australia,posted,2026-09-20T02:11:32.622458,487
8ca2a00b40e4a881,https://au.linkedin.com/jobs/view/manager-communications-acs-at-bureau-of-meteorology-4469568488,"Manager, Communications, ACS",,scraped,2026-09-20T02:12:01.197100,
f8e4bbc763ab8d70,https://au.linkedin.com/jobs/view/payroll-officer-%2490-000-%2B-super-hybrid-sydney-south-learn-dayforce%21-at-absolute-payroll-4468437489,"Payroll Officer - $90,000 + Super - Hybrid - Sydney South - LEARN DAYFORCE!",Absolute Payroll,posted,2026-09-20T07:19:53.881510,529
61797445d498a884,https://au.linkedin.com/jobs/view/foreperson-at-civilandscape-4469557346,FOREPERSON,,scraped,2026-09-20T07:21:20.559132,
c26a957a8fb5bae3,https://au.linkedin.com/jobs/view/radiographer-at-qscan-group-4468435275,Radiographer,,scraped,2026-09-20T07:28:20.949577,
7366ff990cd5a1b3,https://au.linkedin.com/jobs/view/assistant-store-manager-repco-mentone-full-time-at-repco-4448727450,Assistant Store Manager - Repco Mentone - Full Time,Repco,posted,2026-09-20T12:52:17.236208,531
ec609aeaaa9b4934,https://au.linkedin.com/jobs/view/applications-engineer-at-pramac-4384439976,Applications Engineer,,scraped,2026-09-20T12:52:40.026165,
f4a4f3509fefda8e,https://au.linkedin.com/jobs/view/store-manager-glenorchy-at-specsavers-3959330401,Store Manager - Glenorchy,,scraped,2026-09-20T12:55:56.581956,
42abcbe2484f823b,https://au.linkedin.com/jobs/view/accountant-business-services-at-bdo-in-australia-4414680092,"Accountant, Business Services",,scraped,2026-09-20T12:56:45.220511,
478f0c7815e5abc4,https://au.linkedin.com/jobs/view/purchasing-officer-at-hilton-4450306398,Purchasing Officer,Hilton,posted,2026-09-20T12:57:09.422438,533
cb5b84a62671c447,https://au.linkedin.com/jobs/view/manager-communications-acs-at-bureau-of-meteorology-4469582736,"Manager, Communications, ACS",,scraped,2026-09-20T12:57:52.134750,
319a3ac9b8e5ec54,https://au.linkedin.com/jobs/view/account-executive-smb-at-zeller-4256859292,Account Executive (SMB),,scraped,2026-09-20T17:08:37.602393,
d66d8a0665407129,https://au.linkedin.com/jobs/view/eoi-sales-development-representative-at-prospa-4413404343,EOI - Sales Development Representative,,scraped,2026-09-20T17:08:44.299941,
8688c95dd8d39d7f,https://au.linkedin.com/jobs/view/manager-gtm-engineering-at-upguard-4449216666,"Manager, GTM Engineering",UpGuard,posted,2026-09-20T17:10:15.331259,527
85b0dc23246bc437,https://au.linkedin.com/jobs/view/assistant-manager-new-south-wales-at-alh-hotels-4424328704,Assistant Manager - NEW SOUTH WALES,,scraped,2026-09-20T17:10:18.018394,
a06db313ef675276,https://au.linkedin.com/jobs/view/solutions-consultant-at-xero-4448757244,Solutions Consultant,,scraped,2026-09-20T17:10:46.595283,
f41069320dd59420,https://au.linkedin.com/jobs/view/rigger-ii-at-fieldcore-4448742894,Rigger II,FieldCore,posted,2026-09-20T17:11:10.621596,535
95908ced731c3a5c,https://au.linkedin.com/jobs/view/store-manager-dan-murphy-s-frankston-at-dan-murphy-s-4354531973,Store Manager - Dan Murphy's Frankston,,scraped,2026-09-20T17:11:13.355582,
8af46fb041e52cc2,https://au.linkedin.com/jobs/view/property-valuer-rpv-cpv-at-opteon-aus-nz-4411196877,Property Valuer - RPV/CPV,,scraped,2026-09-20T17:15:08.534112,
802f952e69ba8ad1,https://au.linkedin.com/jobs/view/business-development-manager-at-wormald-4468894756,Business Development Manager,,scraped,2026-09-20T17:15:21.348045,
0c0008c251ecf16d,https://au.linkedin.com/jobs/view/manager-corporate-tax-at-ey-4411583344,Manager - Corporate Tax,EY,posted,2026-09-20T17:16:42.044802,537
663bc1d4eda67ae6,https://au.linkedin.com/jobs/view/assistant-store-manager-cotton-on-liverpool-mega-at-cotton-on-group-4459092901,Assistant Store Manager - Cotton On Liverpool Mega,,scraped,2026-09-20T17:17:18.860790,
987c21a60a008d4d,https://au.linkedin.com/jobs/view/courier-at-ups-4242247622,Courier,UPS,posted,2026-09-20T17:18:27.451476,539
1a0414fd122916d5,https://au.linkedin.com/jobs/view/assistant-restaurant-manager-wollongong-at-zeus-street-greek-4466601789,Assistant Restaurant Manager Wollongong,,scraped,2026-09-20T17:18:52.196346,
b46bd87351453d03,https://au.linkedin.com/jobs/view/manager-communications-acs-at-bureau-of-meteorology-4469594881,"Manager, Communications, ACS",,scraped,2026-09-20T17:21:04.213407,
9ae931275e354303,https://au.linkedin.com/jobs/view/senior-estimator-at-mcnab-4468453716,Senior Estimator,,scraped,2026-09-20T19:57:53.259994,
fd41d0e5d2c9118d,https://au.linkedin.com/jobs/view/external-auditor-at-pwc-australia-4441187362,External Auditor,PwC Australia,posted,2026-09-20T20:01:27.020425,487
f5c91d4191eb53d1,https://au.linkedin.com/jobs/view/field-technician-at-tabcorp-4441987736,Field Technician,Tabcorp,posted,2026-09-20T20:02:01.589937,35
23d70f2af6feaa51,https://au.linkedin.com/jobs/view/talent-attraction-mobility-consultant-transport-at-australia-post-4468870930,Talent Attraction & Mobility Consultant - Transport,,scraped,2026-09-20T20:02:04.363925,
590e002a9ff9d233,https://au.linkedin.com/jobs/view/field-visual-merchandiser-victoria-at-ghanda-clothing-4467337455,Field Visual Merchandiser VICTORIA,,scraped,2026-09-20T20:06:31.081109,
5accf4e25a8d8f4a,https://au.linkedin.com/jobs/view/retail-manager-4468435130,Retail Manager,JAAP KEHAL PTY LTD,posted,2026-09-20T20:08:36.462041,541
09f768edde0765e9,https://au.linkedin.com/jobs/view/snr-critical-environment-technician-at-microsoft-4405838582,Snr Critical Environment Technician,Microsoft,posted,2026-09-20T20:08:53.728701,543
992d21a71642b7d0,https://au.linkedin.com/jobs/view/abinitio-developer-at-tata-consultancy-services-4468482184,Abinitio Developer,Tata Consultancy Services,posted,2026-09-20T20:09:42.480502,545
3b78774037aa7407,https://au.linkedin.com/jobs/view/restaurant-manager-wetherill-park-at-zeus-street-greek-4467340359,Restaurant Manager Wetherill Park,,scraped,2026-09-20T20:09:45.115845,
17214dd574b75e82,https://au.linkedin.com/jobs/view/manager-communications-acs-at-bureau-of-meteorology-4469809677,"Manager, Communications, ACS",,scraped,2026-09-20T20:10:17.344672,
02c819dea4ac947a,https://au.linkedin.com/jobs/view/landscape-maintenance-crew-member-at-civilandscape-4469810523,LANDSCAPE MAINTENANCE CREW MEMBER,,scraped,2026-09-20T22:06:09.344898,
40ac1cd915ed319e,https://au.linkedin.com/jobs/view/banking-consultant-wagga-wagga-nsw-at-anz-4469827331,"Banking Consultant, Wagga Wagga , NSW",,scraped,2026-09-20T22:11:37.034222,
554991c14f2ccc4c,https://au.linkedin.com/jobs/view/estimator-brisbane-at-mcnab-4468464300,Estimator - Brisbane,,scraped,2026-09-20T23:51:46.528180,
c862b407989f81d1,https://au.linkedin.com/jobs/view/general-practitioner-armstrong-creek-doctors-at-geelong-careers-4469824646,General Practitioner - Armstrong Creek Doctors,Geelong Careers,posted,2026-09-20T23:54:40.247077,547
2291cd6e479ae6f2,https://au.linkedin.com/jobs/view/group-reservations-coordinator-at-novotel-hotels-4466624986,Group Reservations Coordinator,,scraped,2026-09-20T23:55:42.972973,
a2c5e55fd82e6a73,https://au.linkedin.com/jobs/view/store-manager-collins-booksellers-moonee-ponds-at-collins-booksellers-4468486410,Store Manager (Collins Booksellers Moonee Ponds),Collins Booksellers,posted,2026-09-20T23:57:35.512009,549
8701f145a23c622e,https://au.linkedin.com/jobs/view/customer-sales-service-repco-sunshine-full-time-at-repco-4441925745,Customer Sales & Service - Repco Sunshine - Full Time,Repco,posted,2026-09-20T23:57:46.708137,551
a3238f3cbb0e710e,https://au.linkedin.com/jobs/view/labourer-at-civilandscape-4469580857,LABOURER,,scraped,2026-09-20T23:58:45.282890,
925595d3e7d8a155,https://au.linkedin.com/jobs/view/general-manager-at-minor-hotels-4469815794,General Manager,,scraped,2026-09-21T00:01:30.553502,
7fb4096439f0a1b5,https://au.linkedin.com/jobs/view/event-monitoring-specialist-at-intrinzic-4469500856,Event Monitoring Specialist,,scraped,2026-09-21T00:03:05.290821,
71f6fa20eae75fde,https://au.linkedin.com/jobs/view/workforce-planning-workforce-transformation-consultant-senior-associate-manager-at-scyne-advisory-4347123058,Workforce Planning / Workforce Transformation Consultant (Senior Associate/Manager),,scraped,2026-09-21T00:03:23.715361,
e5b8ece449ce67c9,https://au.linkedin.com/jobs/view/assistant-store-manager-macpac-adventure-hub-innaloo-at-macpac-ltd-4466674190,Assistant Store Manager - Macpac Adventure Hub Innaloo,,scraped,2026-09-21T02:02:43.147963,
818c30b6dfb499c9,https://au.linkedin.com/jobs/view/smokemart-gift-box-baldivis-sales-assistant-at-smokemart-giftbox-4466659131,Smokemart & Gift Box Baldivis - Sales Assistant,,scraped,2026-09-21T02:02:51.235847,
f4913f36bd6dca8c,https://au.linkedin.com/jobs/view/business-development-representative-japan-and-anz-based-sydney-at-neat-4468476890,"Business Development Representative, Japan and ANZ (Based Sydney)",,scraped,2026-09-21T02:03:17.567290,
bbf3a631fff86972,https://au.linkedin.com/jobs/view/expressions-of-interest-bookkeepers-at-pitcher-partners-4468487704,Expressions of Interest: Bookkeepers,,scraped,2026-09-21T02:03:24.150255,
1fb161805c1413d8,https://au.linkedin.com/jobs/view/business-development-manager-canberra-act-at-flight-centre-travel-group-4469821988,"Business Development Manager- Canberra, ACT",,scraped,2026-09-21T02:04:04.804743,
51e4e9c6d1530879,https://au.linkedin.com/jobs/view/recruitment-consultant-established-clients-genuine-career-opportunity-at-sustainrecruit-4467347443,"Recruitment Consultant | Established Clients, Genuine Career Opportunity",,scraped,2026-09-21T02:04:39.227874,
7f5d357d04357de8,https://au.linkedin.com/jobs/view/assistant-store-manager-brookvale-nsw-at-beacon-lighting-4467340656,Assistant Store Manager Brookvale NSW,,scraped,2026-09-21T02:05:29.600888,
01886a5d59155e2c,https://au.linkedin.com/jobs/view/business-development-manager-at-citation-group-%F0%9F%87%A6%F0%9F%87%BA-4468469845,Business Development Manager,,scraped,2026-09-21T02:06:42.373571,
c4087369f53c4e35,https://au.linkedin.com/jobs/view/chef-links-hotel-at-alh-hotels-4469820868,Chef - Links Hotel,,scraped,2026-09-21T02:06:51.020392,
349fb87cdeb51d02,https://au.linkedin.com/jobs/view/general-practitioner-delacombe-medical-centre-at-geelong-careers-4469823633,General Practitioner - Delacombe Medical Centre,Geelong Careers,posted,2026-09-21T02:07:18.047685,553
700119fde2f19ba7,https://au.linkedin.com/jobs/view/secondary-school-business-studies-teacher-at-redlands-4469830370,Secondary School - Business Studies Teacher,Redlands,posted,2026-09-21T02:08:28.969910,555
de8b6375d9b27752,https://au.linkedin.com/jobs/view/professional-sales-representative-at-fwc-group-of-companies-4468485546,Professional Sales Representative,,scraped,2026-09-21T02:09:05.630586,
c15bd4a15cc2005b,https://au.linkedin.com/jobs/view/security-consultant-at-bae-systems-digital-intelligence-4469827451,Security Consultant,,scraped,2026-09-21T02:09:58.659138,
fc6c9bede409ab07,https://au.linkedin.com/jobs/view/assistant-store-manager-macpac-bendigo-new-store-at-macpac-ltd-4467350517,Assistant Store Manager - Macpac Bendigo *New Store*,,scraped,2026-09-21T02:10:48.906609,
467a0e07b8244e6c,https://au.linkedin.com/jobs/view/talent-solutions-consultant-at-brennan-4469822762,Talent Solutions Consultant,,scraped,2026-09-21T02:11:19.646101,
56e5db6607b1f650,https://au.linkedin.com/jobs/view/towage-deckhand-at-tasports-4467350310,Towage Deckhand,,scraped,2026-09-21T02:11:27.442620,
94aeef22d0e72527,https://au.linkedin.com/jobs/view/head-of-finance-at-hunter-manning-4468473962,Head of Finance,,scraped,2026-09-21T02:12:30.177027,
ecc9ebf36f916937,https://au.linkedin.com/jobs/view/agri-underwriter-at-iag-4469839123,Agri Underwriter,IAG,posted,2026-09-21T02:13:58.053856,229
b8e6181dd4a92ad0,https://au.linkedin.com/jobs/view/manager-communications-acs-at-bureau-of-meteorology-4469834239,"Manager, Communications, ACS",,scraped,2026-09-21T02:14:24.696959,
4aa5010fcc97ea41,https://au.linkedin.com/jobs/view/business-development-rep-commercial-at-fivetran-4450727246,"Business Development Rep, Commercial",Fivetran,posted,2026-09-21T07:31:46.541309,557
be4782be62598a90,https://au.linkedin.com/jobs/view/sales-development-representative-at-n-able-4420104479,Sales Development Representative,N-able,posted,2026-09-21T07:31:51.423934,37
059b09ec18f371c9,https://au.linkedin.com/jobs/view/commercial-estimator-at-programmed-4469841089,Commercial Estimator,,scraped,2026-09-21T07:31:58.044648,
de9cfac2b3822190,https://au.linkedin.com/jobs/view/retail-stockroom-manager-bondi-at-seed-heritage-4468368029,Retail Stockroom Manager - Bondi,Seed Heritage,posted,2026-09-21T07:32:24.933827,559
8127db78645f4486,https://au.linkedin.com/jobs/view/team-member-fairfield-waters-fast-track-into-management-at-nando-s-australia-new-zealand-4469819667,Team Member - Fairfield Waters | Fast-Track Into Management,,scraped,2026-09-21T07:33:03.628601,
2df20d19fbb480f0,https://au.linkedin.com/jobs/view/expression-of-interest-at-hapana-4469840186,Expression of Interest,,scraped,2026-09-21T07:33:10.288424,
143fb71848db4e3e,https://au.linkedin.com/jobs/view/restaurant-manager-full-time-albury-at-mad-mex-4467339406,Restaurant Manager - Full time Albury,,scraped,2026-09-21T07:33:30.777883,
2c16a65cf7e9e255,https://au.linkedin.com/jobs/view/restaurant-manager-west-lakes-at-nando-s-australia-new-zealand-4469850227,Restaurant Manager - West Lakes,,scraped,2026-09-21T07:33:52.718194,
0fd77cd419d7cdff,https://au.linkedin.com/jobs/view/business-development-manager-at-4twenty-consulting-4468700235,Business Development Manager,,scraped,2026-09-21T07:34:35.036755,
6ae4318fd4591de3,https://au.linkedin.com/jobs/view/merchandiser-eastern-suburbs-at-coca-cola-europacific-partners-4460328543,Merchandiser - Eastern Suburbs,Coca-Cola Europacific Partners,posted,2026-09-21T07:35:01.830045,561
0bd4df452926a12c,https://au.linkedin.com/jobs/view/sales-assistant-at-bapcor-limited-4469834659,Sales Assistant,,scraped,2026-09-21T07:35:10.437802,
6f3b4b6e6b368964,https://au.linkedin.com/jobs/view/sales-development-representative-at-martian-logic-4467360219,Sales Development Representative,,scraped,2026-09-21T07:35:49.772025,
fd0202cc123ca509,https://au.linkedin.com/jobs/view/maintenance-technician-at-hays-4469842459,Maintenance Technician,,scraped,2026-09-21T07:35:56.377521,
ae95c4394e396091,https://au.linkedin.com/jobs/view/versace-store-keeper-sydney-westfield-at-versace-4469585459,VERSACE Store Keeper - Sydney Westfield,Versace,posted,2026-09-21T07:36:25.354917,563
34ef90d123196acf,https://au.linkedin.com/jobs/view/mental-health-and-disability-support-worker-at-lotus-ability-4468708389,Mental Health and Disability Support Worker,,scraped,2026-09-21T07:36:37.992510,
1deb4c9800d58029,https://au.linkedin.com/jobs/view/store-manager-grafton-new-store-opening-at-anaconda-group-pty-ltd-4467347594,Store Manager - Grafton - New Store Opening,,scraped,2026-09-21T07:36:46.831792,
13a2177440bcd7fa,https://au.linkedin.com/jobs/view/payroll-officer-%2490-000-super-south-syd-subs-hybrid-learn-dayforce%21-at-absolute-payroll-4468485877,"Payroll Officer - $90,000  Super - South Syd Subs - Hybrid - LEARN DAYFORCE!",Absolute Payroll,posted,2026-09-21T07:37:18.813346,565
2e84f33966d2ee85,https://au.linkedin.com/jobs/view/maintenance-technician-officer-at-skg-services-4468489882,Maintenance Technician (officer),,scraped,2026-09-21T07:38:07.649484,
82389dc6c9e29afc,https://au.linkedin.com/jobs/view/commercial-estimator-at-persol-apac-4469837337,Commercial Estimator,,scraped,2026-09-21T07:39:16.421949,
ef266cc263bd3563,https://au.linkedin.com/jobs/view/assistant-store-manager-supercheap-auto-nerang-at-supercheap-auto-4468712235,Assistant Store Manager - Supercheap Auto Nerang,Supercheap Auto,posted,2026-09-21T07:39:47.351844,567
76c62227122f0fec,https://au.linkedin.com/jobs/view/workforce-planner-at-certis-4468706500,Workforce Planner,,scraped,2026-09-21T07:40:12.061097,
aeff4dea1ac0c323,https://au.linkedin.com/jobs/view/sales-development-representative-at-ping-identity-4469834949,Sales Development Representative,Ping Identity,posted,2026-09-21T07:40:20.865265,37
bf2e2aa14225f240,https://au.linkedin.com/jobs/view/assistant-store-manager-melbourne-walk-at-pop-mart-4469834894,Assistant Store Manager (Melbourne Walk),,scraped,2026-09-21T07:40:23.498005,
998175f51a77541e,https://au.linkedin.com/jobs/view/project-manager-at-verse-4467358474,Project Manager,,scraped,2026-09-21T07:40:31.540959,
d48a107d10988603,https://au.linkedin.com/jobs/view/store-manager-repco-belconnen-full-time-at-repco-4469833741,Store Manager - Repco Belconnen - Full Time,Repco,posted,2026-09-21T07:41:12.678717,569
4eed23691208fae5,https://au.linkedin.com/jobs/view/senior-receptionist-at-qscan-group-4457750001,Senior Receptionist,,scraped,2026-09-21T07:41:15.350839,
7efb181b5e8b0f7e,https://au.linkedin.com/jobs/view/kmart-karratha-department-manager-at-kmart-australia-limited-4467355820,Kmart Karratha - Department Manager,Kmart Australia Limited,posted,2026-09-21T07:41:39.138202,571
2615e4c213483da0,https://au.linkedin.com/jobs/view/kmart-darwin-department-manager-at-kmart-australia-limited-4467367119,Kmart Darwin - Department Manager,Kmart Australia Limited,posted,2026-09-21T07:41:51.006707,263
0cef95cef64b69c0,https://au.linkedin.com/jobs/view/guidewire-developer-at-iag-4469854294,Guidewire Developer,IAG,posted,2026-09-21T07:42:18.789061,573
f6ec1e54a0f316fa,https://au.linkedin.com/jobs/view/graduate-program-financial-planning-at-capital-partners-private-wealth-advisers-4468492693,Graduate Program Financial Planning,,scraped,2026-09-21T07:42:39.454614,
2ef2059020af94b4,https://au.linkedin.com/jobs/view/retail-manager-at-doltone-hospitality-group-4467357208,Retail Manager,Doltone Hospitality Group,posted,2026-09-21T07:43:03.187477,541
d2a6fc6f3c427bbc,https://au.linkedin.com/jobs/view/full-time-fast-food-team-members-ferny-grove-brand-new-location-at-the-yiros-shop-4469833596,Full-Time Fast Food Team Members - Ferny Grove (BRAND NEW LOCATION),,scraped,2026-09-21T07:43:13.915661,
3fc6085f11dc4c5d,https://au.linkedin.com/jobs/view/engineering-manager-at-jumbo-interactive-limited-4469821336,Engineering Manager,,scraped,2026-09-21T07:43:28.609425,
4c9f89f436f13e16,https://au.linkedin.com/jobs/view/car-washer-at-ama-group-ltd-4469826799,Car Washer,,scraped,2026-09-21T07:45:06.554905,
76cf36f2282bf744,https://au.linkedin.com/jobs/view/panel-beater-at-ama-group-ltd-4469830555,Panel Beater,,scraped,2026-09-21T07:46:15.474200,
3f0ef210cb79aefb,https://au.linkedin.com/jobs/view/sales-travel-consultant-baldivis-wa-at-flight-centre-travel-group-4469849209,"Sales Travel Consultant - Baldivis, WA",,scraped,2026-09-21T07:46:29.950185,
22baf232f2ebbf73,https://au.linkedin.com/jobs/view/store-manager-supre-westfield-sydney-at-cotton-on-group-4449334629,Store Manager - Supre Westfield Sydney,,scraped,2026-09-21T07:46:50.544642,
a2e4f309df69920d,https://au.linkedin.com/jobs/view/service-field-technician-at-workpac-4469835720,Service Field Technician,,scraped,2026-09-21T07:46:57.071256,
d16d06d1a0eb5a06,https://au.linkedin.com/jobs/view/trades-assistant-euroa-at-pace-farm-4461523774,Trades Assistant - Euroa,Pace Farm,posted,2026-09-21T07:47:11.989167,575
823721087d060d74,https://au.linkedin.com/jobs/view/assistant-store-manager-bras-n-things-canberra-at-bras-n-things-4469821831,Assistant Store Manager | BRAS N THINGS | Canberra,Bras n Things,posted,2026-09-21T07:47:24.322786,577
a751b246f9943920,https://au.linkedin.com/jobs/view/security-consultant-at-bae-systems-4469838689,Security Consultant,,scraped,2026-09-21T07:47:46.945166,
4cba13c82491b027,https://au.linkedin.com/jobs/view/assistant-manager-caloundra-hotel-at-alh-hotels-4469853185,Assistant Manager - Caloundra Hotel,,scraped,2026-09-21T07:48:05.361673,
e17442d45361775d,https://au.linkedin.com/jobs/view/sonographer-at-qscan-group-4467385465,Sonographer,,scraped,2026-09-21T14:41:13.419072,
bbb1156c8567a679,https://au.linkedin.com/jobs/view/retail-sales-assistant-full-time-mount-gravatt-at-nutrition-warehouse-4469850868,Retail Sales Assistant - Full-Time - Mount Gravatt,,scraped,2026-09-21T14:41:42.822921,
eadc0edf75f7608d,https://au.linkedin.com/jobs/view/car-cleaner-detailer-full-time-at-avis-budget-group-4468708730,Car Cleaner/Detailer (Full-Time),Avis Budget Group,posted,2026-09-21T14:42:53.292397,579
d746a642d0c53de6,https://au.linkedin.com/jobs/view/radiographer-at-qscan-group-4467382568,Radiographer,,scraped,2026-09-21T14:43:05.524499,
6e76d09e41a8150b,https://au.linkedin.com/jobs/view/kitchen-steward-at-novotel-hotels-4468705697,Kitchen Steward,,scraped,2026-09-21T14:43:18.496943,
3de2666323732f7e,https://au.linkedin.com/jobs/view/store-manager-every-sunday-off-sale-at-the-reject-shop-4402841692,"Store Manager, Every Sunday Off, Sale",,scraped,2026-09-21T14:43:39.122950,
9f16c6938cced5cd,https://au.linkedin.com/jobs/view/retail-sales-assistant-full-time-parafield-at-petstock-group-4468707789,Retail Sales Assistant | Full Time | Parafield,,scraped,2026-09-21T14:44:20.667121,
9bd010d254b24e30,https://au.linkedin.com/jobs/view/assistant-store-manager-grafton-new-store-opening-at-anaconda-group-pty-ltd-4467340753,Assistant Store Manager - Grafton - New Store Opening,,scraped,2026-09-21T14:44:36.277512,
49a937c7671dc3fb,https://au.linkedin.com/jobs/view/store-manager-port-macquarie-at-seed-heritage-4469117038,Store Manager- Port Macquarie,Seed Heritage,posted,2026-09-21T14:45:15.178643,581
e10f8f398c204e2b,https://au.linkedin.com/jobs/view/in-store-visual-merchandiser-rebel-carousel-at-rebel-sport-4451118590,In-Store Visual Merchandiser - rebel Carousel,,scraped,2026-09-21T14:45:18.332733,
dcfcdd0f1acc135f,https://au.linkedin.com/jobs/view/payroll-officer-at-michael-page-4467388945,Payroll Officer,Michael Page,posted,2026-09-21T14:45:29.665236,401
a061d0300a50af1e,https://au.linkedin.com/jobs/view/business-development-rep-at-nintex-4469888960,Business Development Rep,Nintex,posted,2026-09-21T14:45:39.436901,583
fd46b2731844fcb4,https://au.linkedin.com/jobs/view/accounts-assistant-at-securecorp-4469880666,Accounts Assistant,,scraped,2026-09-21T14:45:48.947430,
6b88831ac9d8e4f9,https://au.linkedin.com/jobs/view/full-time-overnight-shift-leader-at-guzman-y-gomez-mexican-kitchen-4467344857,Full Time Overnight Shift Leader,,scraped,2026-09-21T14:45:59.392374,
9bd566aaccd98b18,https://au.linkedin.com/jobs/view/quality-control-inspector-at-minetek-4468497121,Quality Control Inspector,Minetek,posted,2026-09-21T14:46:31.863165,585
5569141a436fbeb1,https://au.linkedin.com/jobs/view/platypus-store-manager-mt-barker-at-platypus-shoes-4449356807,Platypus Store Manager - Mt Barker,,scraped,2026-09-21T14:46:49.145136,
49a0befceaf8630b,https://au.linkedin.com/jobs/view/maintenance-at-qms-4469855306,Maintenance,,scraped,2026-09-21T14:46:55.533902,
29f10119f906a734,https://au.linkedin.com/jobs/view/store-manager-every-sunday-off-waverley-gardens-at-the-reject-shop-4465969923,"Store Manager, Every Sunday Off, Waverley Gardens",,scraped,2026-09-21T14:47:04.030422,
b0de656efe5ef61d,https://au.linkedin.com/jobs/view/store-manager-dan-murphy-s-thomastown-at-dan-murphy-s-4469826677,Store Manager - Dan Murphy's - Thomastown,,scraped,2026-09-21T14:47:19.016321,
ba52db32325a628a,https://au.linkedin.com/jobs/view/customer-sales-service-repco-fyshwick-full-time-at-repco-4469840523,Customer Sales & Service - Repco Fyshwick - Full Time,Repco,posted,2026-09-21T14:47:39.110526,587
2925da051415f2de,https://au.linkedin.com/jobs/view/assistant-manager-northern-territory-at-alh-hotels-4423381378,Assistant Manager - NORTHERN TERRITORY,,scraped,2026-09-21T14:47:47.841431,
1bb0414927aa29ee,https://au.linkedin.com/jobs/view/gardener-at-ryman-healthcare-4458870882,Gardener,,scraped,2026-09-21T14:48:00.487089,
d1aaf5c506d81f3f,https://au.linkedin.com/jobs/view/associate-site-reliability-engineer-at-culture-amp-4467346754,Associate Site Reliability Engineer,,scraped,2026-09-21T14:48:08.611634,
1ac2ca2640ec69b6,https://au.linkedin.com/jobs/view/account-executive-%E2%80%94-australia-at-pebl-4450392045,Account Executive — Australia,Pebl,posted,2026-09-21T14:48:24.222084,589
e9e7e39a485e5606,https://au.linkedin.com/jobs/view/business-development-representative-at-martian-logic-4467354823,Business Development Representative,,scraped,2026-09-21T14:48:51.000394,
5d30838d93f631f1,https://au.linkedin.com/jobs/view/business-development-representative-at-salesforce-4442568959,Business Development Representative,Salesforce,posted,2026-09-21T14:49:04.203476,169
509c6f8b9ab07b2d,https://au.linkedin.com/jobs/view/surveying-technician-at-mgc-civil-4468402487,Surveying Technician,,scraped,2026-09-21T14:49:29.133334,
da2a52548b67a997,https://au.linkedin.com/jobs/view/groundskeeper-at-palm-lake-group-4468782070,Groundskeeper,,scraped,2026-09-21T14:50:01.066794,
890a19bfa1dfab99,https://au.linkedin.com/jobs/view/technical-recruiter-at-optiver-4458855602,Technical Recruiter,,scraped,2026-09-21T14:50:48.239274,
1c951831976c8bb2,https://au.linkedin.com/jobs/view/detailer-4468716042,Detailer,Gateway Truss,posted,2026-09-21T14:51:25.266066,591
4b7268e4af5d01a6,https://au.linkedin.com/jobs/view/sales-travel-consultant-unley-sa-at-flight-centre-travel-group-4461061295,"Sales Travel Consultant - Unley, SA",,scraped,2026-09-21T14:51:28.218107,
03263f335ee10965,https://au.linkedin.com/jobs/view/store-manager-dan-murphy-s-epping-at-dan-murphy-s-4469830433,Store Manager - Dan Murphy's - Epping,,scraped,2026-09-21T14:52:11.416784,
ca9b9198aa35324f,https://au.linkedin.com/jobs/view/store-manager-opsm-wollongong-nsw-at-opsm-4468717099,"Store Manager | OPSM | Wollongong, NSW",,scraped,2026-09-21T14:52:19.261126,
77db28713d535285,https://au.linkedin.com/jobs/view/partner-solutions-architect-anz-ps-at-amazon-web-services-aws-4469871804,"Partner Solutions Architect , ANZ-PS",Amazon Web Services (AWS),posted,2026-09-21T14:52:30.494035,63
a2d2614cfe82768b,https://au.linkedin.com/jobs/view/graduate-landscape-architect-at-aspect-studios-4468494003,Graduate Landscape Architect,,scraped,2026-09-21T14:52:41.688288,
8ac320d649516817,https://au.linkedin.com/jobs/view/store-leadership-opportunities-wa-at-the-good-guys-4351563559,Store Leadership Opportunities (WA),,scraped,2026-09-21T14:53:15.430171,
5665b30fdfb83ee8,https://au.linkedin.com/jobs/view/sales-development-representative-at-ping-identity-4469852465,Sales Development Representative,Ping Identity,posted,2026-09-21T14:53:34.670339,37
55737b8e2022bb2a,https://au.linkedin.com/jobs/view/estimator-at-davidson-4469853696,Estimator,,scraped,2026-09-21T14:54:11.780962,
7e7c687c0189798e,https://au.linkedin.com/jobs/view/storage-administrator-at-aionos-4469854703,Storage Administrator,,scraped,2026-09-21T14:54:25.320168,
5481c30d3f2c42b2,https://au.linkedin.com/jobs/view/payroll-team-leader-at-sharp-carter-4469844403,Payroll Team Leader,,scraped,2026-09-21T14:55:03.030462,
57dbcfab2b828df4,https://au.linkedin.com/jobs/view/courier-at-ups-4242245160,Courier,UPS,posted,2026-09-21T14:55:26.242641,539
1858ef4438504eec,https://au.linkedin.com/jobs/view/warranty-credits-officer-at-michael-page-4469841938,Warranty & Credits Officer,Michael Page,posted,2026-09-21T14:56:02.844309,593
0d916cfdaf37e930,https://au.linkedin.com/jobs/view/associate-ctp-at-hall-wilcox-4468702134,Associate - CTP,,scraped,2026-09-21T14:56:05.627539,
43ffe4316588f538,https://au.linkedin.com/jobs/view/personal-banker-community-bank-picton-district-nsw-at-bendigo-bank-4467360197,Personal Banker | Community Bank Picton & District | NSW,,scraped,2026-09-21T14:56:24.279416,
606dcb01578a63e4,https://au.linkedin.com/jobs/view/external-auditor-at-pwc-australia-4441195122,External Auditor,PwC Australia,posted,2026-09-21T14:56:55.709806,487
86f699e2ea948cf6,https://au.linkedin.com/jobs/view/store-manager-west-lakes-at-forever-new-clothing-4467380307,Store Manager West Lakes,Forever New Clothing,posted,2026-09-21T14:57:11.287894,595
1d245597d428cb1a,https://au.linkedin.com/jobs/view/manager-communications-acs-at-bureau-of-meteorology-4469902299,"Manager, Communications, ACS",,scraped,2026-09-21T14:57:28.389501,
ba33f8fddfb300d4,https://au.linkedin.com/jobs/view/manager-communications-acs-at-bureau-of-meteorology-4469900430,"Manager, Communications, ACS",,scraped,2026-09-21T14:57:34.962232,
bd2b74fcae5e5f6c,https://au.linkedin.com/jobs/view/expression-of-interest-at-cutcher-neale-accounting-and-financial-services-4467494177,Expression of interest,,scraped,2026-09-21T14:58:02.186825,
106b8245322e0b0b,https://au.linkedin.com/jobs/view/assistant-store-manager-gawler-at-optus-4448741719,"Assistant Store Manager, Gawler",,scraped,2026-09-21T14:58:08.685534,
52b2d51d01a516af,https://au.linkedin.com/jobs/view/store-manager-watergardens-at-skechers-australia-new-zealand-4458051890,Store Manager - Watergardens,,scraped,2026-09-21T14:58:18.264799,
0c63f54c13ad87c7,https://au.linkedin.com/jobs/view/early-childhood-centre-director-harmony-early-education-broadbeach-at-harmony-early-education-4467336744,Early Childhood Centre Director Harmony Early Education Broadbeach,,scraped,2026-09-21T14:58:39.634046,
f6012ec44efd22b9,https://au.linkedin.com/jobs/view/nightfill-manager-ef-coles-supermarkets-ulverstone-at-coles-group-4444090906,Nightfill Manager EF - Coles Supermarkets - Ulverstone,,scraped,2026-09-21T14:58:48.235811,
460e5422e4c4a5c0,https://au.linkedin.com/jobs/view/privacy-officer-at-insignia-financial-4467709354,Privacy Officer,,scraped,2026-09-21T14:58:55.711231,
3959321a0ba00c37,https://au.linkedin.com/jobs/view/content-creator-perth-full-time-at-varsity-4467347549,Content Creator Perth/ Full Time,,scraped,2026-09-21T14:59:04.317306,
f3c6035d90860b6d,https://au.linkedin.com/jobs/view/payroll-services-officer-continuous-applicant-process-at-department-of-customer-services-open-data-and-small-and-family-business-4318876351,Payroll Services Officer (Continuous applicant process),,scraped,2026-09-21T14:59:12.562527,
0bda51c49c4c9f09,https://au.linkedin.com/jobs/view/retail-sales-travel-consultant-eaton-wa-at-flight-centre-4440955029,"Retail Sales Travel Consultant - Eaton, WA",,scraped,2026-09-21T14:59:22.851232,
3d3af1da7df0c5b4,https://au.linkedin.com/jobs/view/assistant-manager-grafton-new-store-operation-at-spotlight-retail-group-srg-4468774164,Assistant Manager - Grafton - New Store Operation,,scraped,2026-09-21T14:59:40.124231,
5820a5d9a682d64a,https://au.linkedin.com/jobs/view/reddy-express-boulder-customer-service-representative-at-otr-4466502245,Reddy Express Boulder - Customer Service Representative,,scraped,2026-09-21T14:59:51.296132,
345dd57e16b0a283,https://au.linkedin.com/jobs/view/gaming-manager-enfield-hotel-at-alh-hotels-4459136098,Gaming Manager - Enfield Hotel,,scraped,2026-09-21T15:00:02.303141,
cbe2422184b62983,https://au.linkedin.com/jobs/view/fresh-convenience-manager-at-woolworths-group-4468202158,Fresh Convenience Manager,,scraped,2026-09-21T15:00:09.238483,
864e4c8706faae86,https://au.linkedin.com/jobs/view/restaurant-manager-full-time-sydney-cbd-nsw-at-mad-mex-4469966084,"Restaurant Manager - Full time Sydney CBD, NSW",,scraped,2026-09-21T20:12:22.259370,
e360fd3ced0deade,https://au.linkedin.com/jobs/view/restaurant-manager-full-time-dfo-south-wharf-at-mad-mex-4469967075,Restaurant Manager - Full time DFO South Wharf,,scraped,2026-09-21T20:12:37.572228,
3ce6d0e3d7f4405d,https://au.linkedin.com/jobs/view/applied-scientist-computer-vision-international-machine-learning-australia-at-amazon-4461078944,"Applied Scientist - Computer Vision, International Machine Learning, Australia",Amazon,posted,2026-09-21T20:14:26.806074,597
a39673df28702df2,https://au.linkedin.com/jobs/view/way-maintainer-class-1-bendigo-at-v-line-4469128193,Way Maintainer Class 1 - Bendigo,,scraped,2026-09-21T20:14:29.591070,
08a4dda808b2e7a8,https://au.linkedin.com/jobs/view/incident-response-manager-at-speedcast-4414917920,Incident Response Manager,Speedcast,posted,2026-09-21T20:14:56.894312,599
615b10a4fcfb12f7,https://au.linkedin.com/jobs/view/food-service-assistant-at-amentum-4451383398,Food Service Assistant,Amentum,posted,2026-09-21T20:15:07.698892,601
f2fe95886ce7fedc,https://au.linkedin.com/jobs/view/general-assistant-at-musgrave-4469293093,General Assistant,,scraped,2026-09-21T20:15:10.525551,
684baf68f7536a82,https://au.linkedin.com/jobs/view/cook-or-chef-south-australia-at-alh-hotels-4424343683,Cook or Chef - SOUTH AUSTRALIA,,scraped,2026-09-21T20:15:57.274648,
9cedc0517efe1ac0,https://au.linkedin.com/jobs/view/service-technician-electrician-perth-at-vontier-4461088952,Service Technician-Electrician(Perth),Vontier,posted,2026-09-21T20:16:21.459186,603
e31bf64c312dd2ce,https://au.linkedin.com/jobs/view/assistant-branch-manager-at-tranzmile-heavy-duty-auto-parts-supplier-4468710247,Assistant Branch Manager,,scraped,2026-09-21T20:16:38.246219,
091b033632d5181b,https://au.linkedin.com/jobs/view/store-manager-full-time-greenhills-at-lovisa-pty-ltd-4467336959,Store Manager | Full Time | Greenhills,,scraped,2026-09-21T20:16:46.759000,
120b754a35b56b16,https://au.linkedin.com/jobs/view/business-development-representative-at-zendesk-4411195702,Business Development Representative,Zendesk,posted,2026-09-21T20:17:08.551338,169
72e22f36363de514,https://au.linkedin.com/jobs/view/management-opportunities-supercheap-auto-west-sydney-at-supercheap-auto-4451119389,"Management Opportunities - Supercheap Auto, West Sydney",Supercheap Auto,posted,2026-09-21T20:17:27.274593,605
3c1a12ab8c0b5fae,https://au.linkedin.com/jobs/view/storeperson-at-job4online-4468491224,Storeperson,,scraped,2026-09-21T20:17:47.868571,
23ead3db010b0bc3,https://au.linkedin.com/jobs/view/assistant-store-manager-bonds-outlet-canberra-at-hanes-brands-australasia-4469823755,Assistant Store Manager | BONDS Outlet | Canberra,Hanes Brands Australasia,posted,2026-09-21T20:18:04.727353,607
58955d3dcda6ccd3,https://au.linkedin.com/jobs/view/plant-operator-at-locale-civil-4435374191,Plant Operator,,scraped,2026-09-21T20:18:21.432632,
508323641d1c55e1,https://au.linkedin.com/jobs/view/assistant-manager-willaston-hotel-at-alh-hotels-4451389800,Assistant Manager - Willaston Hotel,,scraped,2026-09-21T20:20:06.304566,
329ecfd90e6dc40b,https://au.linkedin.com/jobs/view/store-manager-full-time-greenhills-at-lovisa-pty-ltd-4468475867,Store Manager | Full Time | Greenhills,,scraped,2026-09-21T20:20:29.018347,
d1be0a65cc6d187e,https://au.linkedin.com/jobs/view/electrician-at-australian-turf-club-4469919703,Electrician,Australian Turf Club,posted,2026-09-21T20:20:59.974371,239
97c84d5de09a8934,https://au.linkedin.com/jobs/view/guidewire-developer-at-iag-4469846602,Guidewire Developer,IAG,posted,2026-09-21T20:22:02.395844,573
a6deb643c1501a6f,https://au.linkedin.com/jobs/view/assistant-store-manager-rebel-orange-at-rebel-sport-4415025005,Assistant Store Manager - rebel Orange,,scraped,2026-09-21T20:22:47.126705,
7f481b5dd076a58e,https://au.linkedin.com/jobs/view/assistant-store-manager-ellenbrook-wa-at-beacon-lighting-4469961212,Assistant Store Manager Ellenbrook WA,,scraped,2026-09-21T20:23:08.524315,
6bb5235b4f424bc9,https://au.linkedin.com/jobs/view/talent-acquisition-partner-at-cmc-4458578690,Talent Acquisition Partner,,scraped,2026-09-21T20:23:17.372304,
7d365e089fd50be6,https://au.linkedin.com/jobs/view/billings-consultant-at-macquarie-technology-group-4469832828,Billings Consultant,,scraped,2026-09-21T20:23:53.853261,
5f7ab09daedb0265,https://au.linkedin.com/jobs/view/csv-engineer-at-cai-3446358135,CSV Engineer,CAI,posted,2026-09-21T20:24:19.625144,609
44c19f649d351308,https://au.linkedin.com/jobs/view/assistant-manager-tasmania-at-alh-hotels-4424168049,Assistant Manager - TASMANIA,,scraped,2026-09-21T20:24:48.680642,
dac1d5269cdf8de6,https://au.linkedin.com/jobs/view/senior-technical-seo-manager-at-xero-4467613334,Senior Technical SEO Manager,,scraped,2026-09-21T20:25:35.706547,
5fdf7a8c91d651f7,https://au.linkedin.com/jobs/view/boost-team-member-holbrook-at-ampol-4469826808,Boost Team Member - Holbrook,,scraped,2026-09-21T20:25:54.178367,
3dd704318e9b2d96,https://au.linkedin.com/jobs/view/occupational-therapist-at-ability-action-australia-4415320703,Occupational Therapist,,scraped,2026-09-21T20:26:17.352736,
5bdfdee0e98fe214,https://au.linkedin.com/jobs/view/sales-travel-consultant-unley-sa-at-flight-centre-4461053942,"Sales Travel Consultant - Unley, SA",,scraped,2026-09-21T20:26:40.245337,
31c1eefbc0141811,https://au.linkedin.com/jobs/view/full-time-fast-food-team-leaders-ferny-grove-brand-new-location-at-the-yiros-shop-4469829922,Full-Time Fast Food Team Leaders - Ferny Grove (BRAND NEW LOCATION),,scraped,2026-09-21T20:26:49.168539,
95a7aacdbea8a8a9,https://au.linkedin.com/jobs/view/geologist-operations-at-northern-star-resources-limited-4469848555,Geologist - Operations,,scraped,2026-09-21T20:27:04.785329,
66436d8bc60c3b83,https://au.linkedin.com/jobs/view/store-manager-dan-murphy-s-new-town-at-dan-murphy-s-4461048685,Store Manager - Dan Murphy's - New Town,,scraped,2026-09-21T20:27:13.860239,
4e524fe725fe674e,https://au.linkedin.com/jobs/view/store-leadership-opportunities-nsw-at-the-good-guys-4281077647,Store Leadership Opportunities (NSW),,scraped,2026-09-21T20:27:30.771176,
fa2b3a5fb6d9f18a,https://au.linkedin.com/jobs/view/restaurant-manager-whitfords-at-zeus-street-greek-4469953447,Restaurant Manager Whitfords,,scraped,2026-09-21T20:27:40.164198,
2d77286b7f7d8084,https://au.linkedin.com/jobs/view/banking-consultant-townsville-qld-at-anz-4448160582,"Banking Consultant, Townsville QLD",,scraped,2026-09-21T20:27:57.943170,
3ef5d3d18115cbed,https://au.linkedin.com/jobs/view/store-manager-coles-supermarket-clyde-north-at-coles-group-4467993635,Store Manager - Coles Supermarket Clyde North,,scraped,2026-09-21T20:28:34.679377,
5a9833969d894c46,https://au.linkedin.com/jobs/view/guest-service-agent-at-geelong-careers-4469814993,Guest Service Agent,Geelong Careers,posted,2026-09-21T20:28:53.136711,611
6166010e7fabaef8,https://au.linkedin.com/jobs/view/cleaner-pittsworth-qld-at-mclean-farms-4467304070,"Cleaner Pittsworth, QLD",,scraped,2026-09-21T20:28:57.831354,
9514399f905fa4e9,https://au.linkedin.com/jobs/view/gaming-manager-castle-hill-tavern-at-alh-hotels-4469847484,Gaming Manager - Castle Hill Tavern,,scraped,2026-09-21T20:29:07.523553,
0b49b25d469add36,https://au.linkedin.com/jobs/view/payroll-officer-at-sharp-carter-4469835591,Payroll Officer,,scraped,2026-09-22T00:24:43.690737,
1d22b8ca8a3253c7,https://au.linkedin.com/jobs/view/full-time-sales-assistant-prouds-broome-at-jpl-group-4468170884,Full Time Sales Assistant | Prouds Broome,JPL Group,posted,2026-09-22T00:25:18.243431,613
548f9416c59c8eb5,https://au.linkedin.com/jobs/view/sleep-expert-store-manager-at-davidson-4468170921,Sleep Expert & Store Manager,,scraped,2026-09-22T00:25:38.884497,
305043ac30ab80c4,https://au.linkedin.com/jobs/view/retail-sales-assistant-full-time-melrose-park-at-petstock-group-4468701880,Retail Sales Assistant | Full Time | Melrose Park,,scraped,2026-09-22T00:25:51.967753,
d014dac216206b18,https://au.linkedin.com/jobs/view/baker-at-woolworths-group-4469871608,Baker,,scraped,2026-09-22T00:26:36.811835,
8297cd4651d4dced,https://au.linkedin.com/jobs/view/expression-of-interest-technical-directors-and-r-d-engineers-netflix-animation-studios-at-netflix-4456501541,Expression of Interest - Technical Directors and R&D Engineers - Netflix Animation Studios,Netflix,posted,2026-09-22T00:26:50.324276,615
94b1d655ade0705b,https://au.linkedin.com/jobs/view/sdr-manager-at-xplor-technologies-4469828876,SDR Manager,Xplor Technologies,posted,2026-09-22T00:27:01.261645,617
ee48ab404f1bd51e,https://au.linkedin.com/jobs/view/cook-or-chef-western-australia-at-alh-hotels-4424178042,Cook or Chef - WESTERN AUSTRALIA,,scraped,2026-09-22T00:27:11.900012,
bc676fba02b5c37c,https://au.linkedin.com/jobs/view/sales-associate-prospector-at-the-north-agency-4470201597,SALES ASSOCIATE / PROSPECTOR,,scraped,2026-09-22T00:27:20.703149,
1f084a5104c08c58,https://au.linkedin.com/jobs/view/talent-sourcer-sydney-at-gartner-4415091077,Talent Sourcer - Sydney,Gartner,posted,2026-09-22T00:27:50.593070,619
10c38bfaaeaf0e45,https://au.linkedin.com/jobs/view/guest-service-agent-higa-full-time-ovolo-nishi-at-ovolo-hotels-4469967085,Guest Service Agent (HIGA  Full Time) Ovolo Nishi,,scraped,2026-09-22T00:27:53.225847,
95ee6164a03f76ef,https://au.linkedin.com/jobs/view/retail-active-stylist-at-lorna-jane-4468181283,Retail Active Stylist,,scraped,2026-09-22T00:28:00.372066,
d1aa16083245f4cc,https://au.linkedin.com/jobs/view/store-manager-brisbane-airport-at-swarovski-4466632858,Store Manager - Brisbane Airport,SWAROVSKI,posted,2026-09-22T00:28:26.557618,621
3856b895934abd90,https://au.linkedin.com/jobs/view/executive-assistant-at-east-to-west-plant-services-4468773529,Executive Assistant,,scraped,2026-09-22T00:29:15.273034,
192fa525818ad341,https://au.linkedin.com/jobs/view/compliance-analyst-at-tasnetworks-4470217184,Compliance Analyst,,scraped,2026-09-22T00:29:22.089860,
6ce3cc1d89804219,https://au.linkedin.com/jobs/view/sandwich-artist-bannockburn-vic-at-subway%C2%AE-australia-4468763828,Sandwich Artist - Bannockburn VIC,Subway® Australia,posted,2026-09-22T00:30:30.163752,623
30f0f3eb097e3afc,https://au.linkedin.com/jobs/view/peoplesoft-hcm-developer-at-peoplelogic-4469843219,PeopleSoft HCM Developer,,scraped,2026-09-22T00:30:32.849042,
a475675bcc374494,https://au.linkedin.com/jobs/view/chef-de-partie-breakfast-at-marriott-international-4469888041,Chef de Partie - Breakfast,Marriott International,posted,2026-09-22T00:31:00.937469,625
2d25e0fa5cb4e36b,https://au.linkedin.com/jobs/view/training-sales-executive-at-bsi-4440695104,Training Sales Executive,,scraped,2026-09-22T00:31:03.592304,
631d1218cded74d4,https://au.linkedin.com/jobs/view/glazier-at-compass-construction-services-4468071701,Glazier,Compass Construction Services,posted,2026-09-22T00:31:16.301383,627
ef7876b8d1b755d9,https://au.linkedin.com/jobs/view/electrical-estimator-at-searo-4440668014,Electrical Estimator,,scraped,2026-09-22T00:31:39.026150,
e75d9540da23cc9b,https://au.linkedin.com/jobs/view/account-manager-vic-tas-sa-at-howmet-aerospace-4421103279,"Account Manager - VIC, TAS, SA",Howmet Aerospace,posted,2026-09-22T00:32:36.473699,629
d1bdd5e919605219,https://au.linkedin.com/jobs/view/fitter-at-aureos-4468732223,Fitter,,scraped,2026-09-22T00:34:44.992244,
edd146f9493a8c56,https://au.linkedin.com/jobs/view/store-manager-gazman-balmain-at-gazman-4422678286,Store Manager | GAZMAN Balmain,,scraped,2026-09-22T00:35:00.573979,
aed5aba9ae0883e4,https://au.linkedin.com/jobs/view/store-manager-gazman-pacific-fair-at-gazman-4455260969,Store Manager | GAZMAN Pacific Fair,,scraped,2026-09-22T00:35:11.338103,
efee82da41c33af6,https://au.linkedin.com/jobs/view/recruitment-consultant-at-the-andersen-partnership-4469997139,Recruitment Consultant,,scraped,2026-09-22T00:35:18.034490,
32c03db34e9b7729,https://au.linkedin.com/jobs/view/retail-active-stylist-darwin-at-lorna-jane-4468184264,Retail Active Stylist - Darwin,,scraped,2026-09-22T00:35:24.727493,
133cfd054bc3ddfb,https://au.linkedin.com/jobs/view/servicenow-engineer-at-insignia-financial-4461047085,ServiceNow Engineer,,scraped,2026-09-22T00:36:25.127664,
2bf7519fa6aca1f2,https://au.linkedin.com/jobs/view/data-engineer-at-hays-4468707327,Data Engineer,,scraped,2026-09-22T00:37:28.810677,
a00a1300eb25daf9,https://au.linkedin.com/jobs/view/mid-market-account-executive-at-block-4466911643,Mid-Market Account Executive,Block,posted,2026-09-22T00:37:45.501277,631
6dce235e663503bc,https://au.linkedin.com/jobs/view/external-auditor-at-pwc-australia-4441188328,External Auditor,PwC Australia,posted,2026-09-22T00:37:59.920278,487
1a3470be9f585751,https://au.linkedin.com/jobs/view/manager-communications-acs-at-bureau-of-meteorology-4468167111,"Manager, Communications, ACS",,scraped,2026-09-22T00:38:04.554832,
3bc4a9e5e431a668,https://au.linkedin.com/jobs/view/manager-communications-acs-at-bureau-of-meteorology-4468168083,"Manager, Communications, ACS",,scraped,2026-09-22T00:38:11.118769,
64a245b4484f8805,https://au.linkedin.com/jobs/view/retail-sales-travel-consultant-townsville-surrounding-suburbs-at-flight-centre-4441900909,Retail Sales Travel Consultant - Townsville & Surrounding Suburbs,,scraped,2026-09-22T00:38:25.463038,
0501cd0496199357,https://au.linkedin.com/jobs/view/technical-team-lead-at-weave-recruitment-4469996173,Technical Team Lead,,scraped,2026-09-22T00:38:36.362858,
3f3afa56b5d5205f,https://au.linkedin.com/jobs/view/customer-solutions-advisor-full-time-chermside-at-tpg-telecom-4459782226,Customer Solutions Advisor - Full Time - Chermside,,scraped,2026-09-22T00:38:42.592745,
f69e98a40a91241e,https://au.linkedin.com/jobs/view/driver-at-bapcor-limited-4468374373,Driver,,scraped,2026-09-22T00:39:51.863507,
bbc70d2f4299ac90,https://au.linkedin.com/jobs/view/restaurant-manager-at-grill-d-4262503879,Restaurant Manager,,scraped,2026-09-22T00:39:58.534477,
0fd057890f34e26e,https://au.linkedin.com/jobs/view/painter-full-time-at-scape-australia-4468501846,Painter (Full-Time),,scraped,2026-09-22T06:59:05.870822,
9c9afcbdfaf1fc6d,https://au.linkedin.com/jobs/view/sales-development-representative-at-hibob-4445483292,Sales Development Representative,HiBob,posted,2026-09-22T06:59:35.590443,37
31b0acdaa9822a7f,https://au.linkedin.com/jobs/view/store-manager-at-storage-king-group-4468196547,Store Manager,,scraped,2026-09-22T06:59:38.403142,
9d3de286567a126e,https://au.linkedin.com/jobs/view/intermediate-accountant-business-services-at-w3global-4468787713,Intermediate Accountant - Business Services,W3Global,posted,2026-09-22T07:00:07.548400,633
14e2808ef820c14f,https://au.linkedin.com/jobs/view/service-locator-at-insight-underground-utility-detection-4469958756,Service Locator,Insight Underground Utility Detection,posted,2026-09-22T07:01:12.385674,635
cc8ef958aa3950a5,https://au.linkedin.com/jobs/view/estimator-at-east-to-west-plant-services-4468790050,Estimator,,scraped,2026-09-22T07:01:31.079133,
1301a257d3b74fb5,https://au.linkedin.com/jobs/view/reddy-express-cairns-assistant-manager-at-otr-4468509380,Reddy Express Cairns - Assistant Manager,,scraped,2026-09-22T07:01:46.110385,
5f125d125ed203d1,https://au.linkedin.com/jobs/view/digital-account-manager-at-searchability%C2%AE-4470227398,Digital Account Manager,,scraped,2026-09-22T07:03:10.173826,
7244f23211f36df5,https://au.linkedin.com/jobs/view/senior-customer-service-hero-global-growth-experiences-start-up-at-classbento-4468059481,Senior Customer Service Hero - Global Growth Experiences Start up,ClassBento,posted,2026-09-22T07:03:25.404592,637
f11e93f38d92255c,https://au.linkedin.com/jobs/view/linesperson-at-south32-4469858176,Linesperson,South32,posted,2026-09-22T07:03:50.138911,639
9f83570db9748bd9,https://au.linkedin.com/jobs/view/merrell-canberra-dfo-assistant-store-manager-at-merrell-australia-4470256109,Merrell Canberra DFO | Assistant Store Manager,,scraped,2026-09-22T07:04:04.861032,
22d80c966f34591d,https://au.linkedin.com/jobs/view/maintenance-officer-at-mercure-it-4468189755,Maintenance Officer,,scraped,2026-09-22T07:04:13.353831,
368f0936956d4320,https://au.linkedin.com/jobs/view/store-manager-at-antojitos-mexicanos-la-jefa-4469851052,Store Manager,Antojitos Mexicanos La Jefa,posted,2026-09-22T07:04:26.936704,127
133e9a4be1134d13,https://au.linkedin.com/jobs/view/product-manager-at-blinq-4468197307,Product Manager,,scraped,2026-09-22T07:05:21.682378,
9341f61ef8c06e32,https://au.linkedin.com/jobs/view/graduate-sales-development-representative-at-sitemate-4470224441,Graduate Sales Development Representative,,scraped,2026-09-22T07:05:42.406657,
df53f52dcccddc90,https://au.linkedin.com/jobs/view/senior-estimator-at-alfabs-group-of-companies-4468776619,Senior Estimator,,scraped,2026-09-22T07:05:55.010696,
2e1c2c64bdb91212,https://au.linkedin.com/jobs/view/planner-at-people8-4467831700,Planner,,scraped,2026-09-22T07:06:41.731732,
073227f6830b67f3,https://au.linkedin.com/jobs/view/accountant-at-bdo-in-australia-4432580108,Accountant,,scraped,2026-09-22T07:06:54.882727,
b44353fab76f3264,https://au.linkedin.com/jobs/view/business-development-specialist-at-veyor-4468179430,Business Development Specialist,Veyor,posted,2026-09-22T07:07:21.587524,641
38da53505e1e1973,https://au.linkedin.com/jobs/view/retail-sales-assistant-kotara-at-lorna-jane-4468512619,Retail Sales Assistant - Kotara,,scraped,2026-09-22T07:07:28.258248,
a9720297ab369ef1,https://au.linkedin.com/jobs/view/store-manager-supercheap-auto-warrnambool-at-supercheap-auto-4470252541,Store Manager - Supercheap Auto Warrnambool,Supercheap Auto,posted,2026-09-22T07:07:48.213706,643
ebc3a496c7ce9555,https://au.linkedin.com/jobs/view/office-assistant-junior-receptionist-at-exant-advisory-4468501994,Office Assistant/Junior Receptionist,,scraped,2026-09-22T07:08:10.903313,
1c9126e9b99d1fb6,https://au.linkedin.com/jobs/view/sales-representative-at-secure-4470265772,Sales Representative,,scraped,2026-09-22T07:08:27.996269,
54467a89623608d6,https://au.linkedin.com/jobs/view/retail-coordinator-repco-bentleigh-east-full-time-at-repco-4394983693,Retail Coordinator - Repco Bentleigh East - Full Time,Repco,posted,2026-09-22T07:09:29.496902,645
48fe7eaf65aeeae6,https://au.linkedin.com/jobs/view/assistant-manager-surfers-paradise-beergarden-at-alh-hotels-4470210769,Assistant Manager - Surfers Paradise Beergarden,,scraped,2026-09-22T07:09:44.271730,
feade99fb18243ed,https://au.linkedin.com/jobs/view/electrical-inspector-at-western-power-4470239567,Electrical Inspector,,scraped,2026-09-22T07:10:00.914935,
fb03c94bc9aebe07,https://au.linkedin.com/jobs/view/retail-manager-at-savers%C2%AE-australia-4470259173,Retail Manager,,scraped,2026-09-22T07:10:13.838407,
1c900a446c79f0cd,https://au.linkedin.com/jobs/view/full-time-fast-food-team-members-ferny-grove-brand-new-location-at-the-yiros-shop-4468190818,Full-Time Fast Food Team Members - Ferny Grove (BRAND NEW LOCATION),,scraped,2026-09-22T07:10:24.534881,
e18c1a1fef5aaaf4,https://au.linkedin.com/jobs/view/stylerunner-assistant-store-manager-at-stylerunner-4468507699,Stylerunner Assistant Store Manager,Stylerunner,posted,2026-09-22T07:10:48.031943,647
31a8064cac4d41fa,https://au.linkedin.com/jobs/view/retail-assistant-store-manager-bannockburn-at-the-reject-shop-4468507301,Retail Assistant Store Manager - Bannockburn,,scraped,2026-09-22T07:11:00.891871,
3bc05c368422fb32,https://au.linkedin.com/jobs/view/bid-s-tender-coordinator-at-talentpath-recruitment-4470201862,Bid's & Tender Coordinator,,scraped,2026-09-22T07:11:13.850194,
5b48a0f770b751b8,https://au.linkedin.com/jobs/view/payroll-operations-consultant-at-paywise-4470224413,Payroll Operations Consultant,,scraped,2026-09-22T07:11:27.800232,
ef8c633ceb15706c,https://au.linkedin.com/jobs/view/assistant-restaurant-manager-at-guzman-y-gomez-mexican-kitchen-4470245614,Assistant Restaurant Manager,,scraped,2026-09-22T07:11:44.158782,
d285afdbb0d903e0,https://au.linkedin.com/jobs/view/national-contact-centre-operator-at-13cabs-4470235471,National Contact Centre Operator,13cabs,posted,2026-09-22T07:12:07.760649,649
dbbf9955ed7d6a72,https://au.linkedin.com/jobs/view/talent-acquisition-specialist-at-compass-education-4467375014,Talent Acquisition Specialist,,scraped,2026-09-22T07:12:24.531757,
47dbb6f87ce51846,https://au.linkedin.com/jobs/view/retail-active-stylist-darwin-at-lorna-jane-4468178339,Retail Active Stylist - Darwin,,scraped,2026-09-22T07:12:38.669534,
8bc29e92c7102fe3,https://au.linkedin.com/jobs/view/customer-sales-service-repco-yarrawonga-full-time-at-repco-4468524212,Customer Sales & Service - Repco Yarrawonga - Full Time,Repco,posted,2026-09-22T07:13:06.572740,651
a3ff78c6ff52b8aa,https://au.linkedin.com/jobs/view/junior-radiographer-at-qscan-group-4468194584,Junior Radiographer,,scraped,2026-09-22T07:13:13.334343,
06eb70c5aeb95a6e,https://au.linkedin.com/jobs/view/kmart-melbourne-western-suburbs-store-manager-at-kmart-australia-limited-4470264859,Kmart Melbourne Western Suburbs - Store Manager,Kmart Australia Limited,posted,2026-09-22T07:13:32.055846,653
404cd3e065cc71c2,https://au.linkedin.com/jobs/view/sonographer-at-lumus-imaging-4468173875,Sonographer,,scraped,2026-09-22T07:13:50.754246,
1d4c62f70f6b5bcf,https://au.linkedin.com/jobs/view/head-of-student-pathways-head-at-catholic-education-western-australia-4469883634,Head of Student Pathways (Head ),,scraped,2026-09-22T07:13:59.582623,
e17cc08ca1a1ced2,https://au.linkedin.com/jobs/view/general-eoi-infinity-group-coaching-at-infinity-group-4441429304,General EOI - Infinity Group Coaching,,scraped,2026-09-22T07:14:06.704282,
004cf8564e793602,https://au.linkedin.com/jobs/view/department-team-leader-brendale-at-anaconda-group-pty-ltd-4470272501,Department Team Leader - Brendale,,scraped,2026-09-22T07:14:32.321409,
6fe122c7568ce545,https://au.linkedin.com/jobs/view/kitchen-team-member-tallarook-north-at-ampol-4470234387,Kitchen Team Member - Tallarook North,,scraped,2026-09-22T07:15:15.802881,
0b30e332c75643ce,https://au.linkedin.com/jobs/view/hype-dc-assistant-store-manager-townsville-at-hype-dc-pty-limited-4470250427,Hype DC Assistant Store Manager - Townsville,HYPE DC Pty Limited,posted,2026-09-22T07:15:34.666797,655
14406932558131d3,https://au.linkedin.com/jobs/view/bid-submissions-coordinator-at-cats-construction-4470231812,Bid & Submissions Coordinator,,scraped,2026-09-22T07:15:47.444124,
f22764a3362b86bc,https://au.linkedin.com/jobs/view/servicenow-architect-at-coforge-4467509584,ServiceNow Architect,Coforge,posted,2026-09-22T07:16:06.440973,657
5865ccc5018e0631,https://au.linkedin.com/jobs/view/assistant-restaurant-manager-at-guzman-y-gomez-mexican-kitchen-4470236865,Assistant Restaurant Manager,,scraped,2026-09-22T07:16:13.100098,
7a32e3c7468a3737,https://au.linkedin.com/jobs/view/women-moving-metro-bus-drivers-at-metro-tasmania-pty-ltd-4468524312,Women Moving Metro - Bus Drivers,,scraped,2026-09-22T07:16:27.587068,
c90224fc3cd5b7e0,https://au.linkedin.com/jobs/view/night-specialist-coles-supermarkets-warners-bay-at-coles-group-4470279149,Night Specialist - Coles Supermarkets - Warners Bay,,scraped,2026-09-22T07:16:49.339318,
85d1a3812348fc49,https://au.linkedin.com/jobs/view/talent-acquisition-consultant-at-sodexo-4470244386,Talent Acquisition Consultant,,scraped,2026-09-22T07:16:56.932597,
cd9044eee3e9a71b,https://au.linkedin.com/jobs/view/junior-finance-officer-%E2%80%93-accounts-receivable-at-vincents-4470271503,Junior Finance Officer – Accounts Receivable,,scraped,2026-09-22T07:17:21.996545,
27dea035a9a9f6b3,https://au.linkedin.com/jobs/view/section-lead-perishable-rose-bay-at-harris-farm-markets-4468508937,Section Lead - Perishable - Rose Bay,,scraped,2026-09-22T07:17:32.404562,
a63912e1fea1a7d0,https://au.linkedin.com/jobs/view/software-asset-analyst-at-transport-for-nsw-4469996329,Software Asset Analyst,,scraped,2026-09-22T07:17:45.418468,
727d0ac052f3ef98,https://au.linkedin.com/jobs/view/hype-dc-assistant-store-manager-central-park-at-hype-dc-pty-limited-4470252350,Hype DC Assistant Store Manager - Central Park,HYPE DC Pty Limited,posted,2026-09-22T07:18:14.666233,659
32351174064b0bf7,https://au.linkedin.com/jobs/view/sales-consultants-health-insurance-at-compare-the-market-australia-4458729651,Sales Consultants - Health Insurance,,scraped,2026-09-22T07:18:19.460625,
6579ab2360a53738,https://au.linkedin.com/jobs/view/fire-assayer-at-sgs-4467364360,Fire Assayer,,scraped,2026-09-22T07:18:26.352547,
7e43eea279de9c44,https://au.linkedin.com/jobs/view/team-member-thornleigh-at-ampol-4470247911,Team Member - Thornleigh,,scraped,2026-09-22T07:18:35.572611,
67c93e228ce0acb5,https://au.linkedin.com/jobs/view/fruit-and-veg-manager-at-woolworths-group-4468517563,Fruit and Veg Manager,,scraped,2026-09-22T07:18:44.677858,
5b0e2e02df07ec4a,https://au.linkedin.com/jobs/view/assistant-restaurant-manager-at-guzman-y-gomez-mexican-kitchen-4470250312,Assistant Restaurant Manager,,scraped,2026-09-22T07:19:03.703056,
6ed9206fddad43d1,https://au.linkedin.com/jobs/view/software-engineer-at-upguard-4468769204,Software Engineer,UpGuard,posted,2026-09-22T12:56:41.598235,661
56c301a56e6b95ce,https://au.linkedin.com/jobs/view/solutions-architect-at-gsoba-4424259379,Solutions Architect,GSOBA,posted,2026-09-22T12:56:54.263676,663
e223c4755e268d33,https://au.linkedin.com/jobs/view/business-development-representative-at-mitti-by-safetyculture-4470277350,Business Development Representative,,scraped,2026-09-22T12:57:01.011725,
5deb721bfa363b5f,https://au.linkedin.com/jobs/view/sales-development-representative-at-opentable-4468535848,Sales Development Representative,OpenTable,posted,2026-09-22T12:57:27.965709,37
35a72f7858d7d5bc,https://au.linkedin.com/jobs/view/shop-assistant-newcastle-at-harris-farm-markets-4468578605,Shop Assistant - Newcastle,,scraped,2026-09-22T12:57:38.652163,
a1e31230a120e9da,https://au.linkedin.com/jobs/view/charlestown-assistant-store-manager-at-skechers-australia-new-zealand-4449559348,Charlestown - Assistant Store Manager,,scraped,2026-09-22T12:58:19.463988,
b69ca274ef2cfd03,https://au.linkedin.com/jobs/view/maintenance-handypeson-facilities-technician-at-scape-australia-4468520412,Maintenance Handypeson/Facilities Technician,,scraped,2026-09-22T12:58:56.016374,
c897dc5dd5e6b1c0,https://au.linkedin.com/jobs/view/in-store-visual-merchandiser-cotton-on-perth-dfo-at-cotton-on-group-4442566313,In Store Visual Merchandiser - Cotton On Perth DFO,,scraped,2026-09-22T12:59:04.665913,
aee28efc6d257a45,https://au.linkedin.com/jobs/view/general-practitioner-the-quay-family-healthcare-at-geelong-careers-4470417648,General Practitioner - The Quay Family Healthcare,Geelong Careers,posted,2026-09-22T12:59:56.465811,665
aaf3add19c33e6c4,https://au.linkedin.com/jobs/view/electrical-technician-at-chubb-fire-security-4469004137,Electrical Technician,,scraped,2026-09-22T12:59:59.132571,
566b6e7401cb0694,https://au.linkedin.com/jobs/view/product-manager-at-blinq-4468176934,Product Manager,,scraped,2026-09-22T13:00:13.554324,
87c866b0147fe487,https://au.linkedin.com/jobs/view/full-time-retail-sales-assistant-at-muji-retail-australia-pty-ltd-4469974150,Full-time Retail Sales Assistant,,scraped,2026-09-22T13:00:33.998881,
01a7faa4fd3c2dfa,https://au.linkedin.com/jobs/view/lead-sales-consultant-craigieburn-at-freedom-australia-4468514332,Lead Sales Consultant - Craigieburn,,scraped,2026-09-22T13:01:01.709652,
8461493b81a58906,https://au.linkedin.com/jobs/view/full-time-sales-assistant-perth-dfo-at-skechers-australia-new-zealand-4468517435,Full Time Sales Assistant - Perth DFO,,scraped,2026-09-22T13:01:28.678361,
a8804c19b3842c10,https://au.linkedin.com/jobs/view/business-development-executive-at-orbit-consulting-australia-pty-ltd-4468520351,Business Development Executive,Orbit Consulting Australia Pty Ltd,posted,2026-09-22T13:01:47.552368,667
ea246f8b0e5d85a7,https://au.linkedin.com/jobs/view/sales-manager-launceston-at-the-good-guys-4468187627,Sales Manager - Launceston,,scraped,2026-09-22T13:01:50.202991,
91ac47cab409e245,https://au.linkedin.com/jobs/view/employment-consultant-at-apm-4468520959,Employment Consultant,,scraped,2026-09-22T13:01:59.868265,
08a85b7244468861,https://au.linkedin.com/jobs/view/observability-engineer-at-intrinzic-4469500856,Observability Engineer,,scraped,2026-09-22T13:02:18.028728,
f336e93f18a9bff2,https://au.linkedin.com/jobs/view/software-engineer-at-upguard-4468780007,Software Engineer,UpGuard,posted,2026-09-22T13:02:31.696946,661
a8300d20937a427c,https://au.linkedin.com/jobs/view/store-manager-cotton-on-mt-druitt-mega-at-cotton-on-group-4448136193,Store Manager- Cotton On Mt Druitt Mega,,scraped,2026-09-22T13:02:54.398947,
6e187cb51454f192,https://au.linkedin.com/jobs/view/retail-store-manager-karrinyup-western-australia-at-ghanda-clothing-4470285303,Retail Store Manager - Karrinyup WESTERN AUSTRALIA,,scraped,2026-09-22T13:03:28.690001,
f44855373c794f39,https://au.linkedin.com/jobs/view/car-cleaner-detailer-full-time-at-avis-budget-group-4470292390,Car Cleaner/Detailer (Full-Time),Avis Budget Group,posted,2026-09-22T13:03:37.546423,579
cc8c8c03ef73012a,https://au.linkedin.com/jobs/view/cranbourne-assistant-manager-cranbourne-assistant-manager-at-kennards-self-storage-4469964108,Cranbourne Assistant Manager Cranbourne Assistant Manager,Kennards Self Storage,posted,2026-09-22T13:03:53.129977,669
6501276097256916,https://au.linkedin.com/jobs/view/store-manager-grafton-new-store-opening-at-spotlight-retail-group-srg-4468761926,Store Manager - Grafton - New Store Opening,,scraped,2026-09-22T13:04:09.786664,
ba10336db63d4635,https://au.linkedin.com/jobs/view/kitchen-team-member-alligator-creek-at-ampol-4470215830,Kitchen Team Member - Alligator Creek,,scraped,2026-09-22T13:04:20.393338,
1231f9be3c5ab3a3,https://au.linkedin.com/jobs/view/product-manager-at-birddog-4470244939,Product Manager,,scraped,2026-09-22T13:04:27.019413,
d57175e4a11aaab8,https://au.linkedin.com/jobs/view/restaurant-manager-waverley-at-zeus-street-greek-4466990371,Restaurant Manager Waverley,,scraped,2026-09-22T13:04:35.333277,
06f9382a651426b8,https://au.linkedin.com/jobs/view/full-time-assistant-store-manager-angus-coote-kalgoorlie-at-jpl-group-4470241873,Full Time Assistant Store Manager | Angus & Coote Kalgoorlie,JPL Group,posted,2026-09-22T13:05:12.612581,671
570e698c6cdfeabd,https://au.linkedin.com/jobs/view/telco-sales-coordinator-at-jb-hi-fi-4449519838,Telco Sales Coordinator,,scraped,2026-09-22T13:05:27.341976,
cf51915655c68a71,https://au.linkedin.com/jobs/view/sales-estimator-at-coral-homes-4468792222,Sales Estimator,,scraped,2026-09-22T13:05:58.452256,
6401bc5650c215c8,https://au.linkedin.com/jobs/view/estimator-at-komatsu-australia-4470279700,Estimator,,scraped,2026-09-22T13:06:05.732296,
47a3a00cef8f2958,https://au.linkedin.com/jobs/view/warehouse-assistant-full-time-greystanes-dc-at-harris-farm-markets-4468509958,Warehouse Assistant Full Time - Greystanes DC,,scraped,2026-09-22T13:06:29.320650,
7842f1b3e75388e1,https://au.linkedin.com/jobs/view/storage-consultant-at-storage-king-group-4468188789,Storage Consultant,,scraped,2026-09-22T13:06:54.583714,
1b3255aaf0b43e66,https://au.linkedin.com/jobs/view/credit-officer-at-sharp-carter-4468514774,Credit Officer,,scraped,2026-09-22T13:07:21.370942,
25d530b9d63a2f25,https://au.linkedin.com/jobs/view/garden-maintenance-team-member-at-green-by-nature-4461554504,Garden Maintenance Team Member,Green by Nature,posted,2026-09-22T13:07:36.094950,21
df3496822a6f3846,https://au.linkedin.com/jobs/view/customer-success-specialist-at-data%233-4468508162,Customer Success Specialist,,scraped,2026-09-22T13:07:48.857679,
e9b2919bd4c7b0a1,https://au.linkedin.com/jobs/view/sydney-applications-specialist-sydney-calling-all-sonographers%21-at-austcorp-executive-4468519044,Sydney Applications Specialist - Sydney - Calling all Sonographers!,,scraped,2026-09-22T13:08:33.470449,
cd193af7a55aea0c,https://au.linkedin.com/jobs/view/spray-painter-at-carma-4373442074,Spray Painter,,scraped,2026-09-22T13:08:51.226837,
52a764b089a54d8a,https://au.linkedin.com/jobs/view/maintenance-officer-bunbury-at-regis-aged-care-4460232986,Maintenance Officer - Bunbury,,scraped,2026-09-22T13:08:59.143173,
f11616d325487f1a,https://au.linkedin.com/jobs/view/assistant-manager-victoria-at-alh-hotels-4424180067,Assistant Manager - VICTORIA,,scraped,2026-09-22T13:09:18.063243,
23531c1af8861c34,https://au.linkedin.com/jobs/view/assistant-manager-commercial-hotel-at-alh-hotels-4461049660,Assistant Manager - Commercial Hotel,,scraped,2026-09-22T13:09:24.646193,
a3ced4684a3572ca,https://au.linkedin.com/jobs/view/store-manager-at-bapcor-limited-4468524075,Store Manager,,scraped,2026-09-22T13:09:53.138990,
f2ad3ac4171c2bd7,https://au.linkedin.com/jobs/view/office-administrator-at-programmed-4468564045,Office Administrator,,scraped,2026-09-22T13:10:00.017147,
73c2ab0545c2608c,https://au.linkedin.com/jobs/view/assistant-store-manager-inglewood-at-aldi-stores-australia-4468534573,Assistant Store Manager - Inglewood,,scraped,2026-09-22T13:10:06.588858,
c24b3a1bcbfa7d0f,https://au.linkedin.com/jobs/view/baker-at-woolworths-group-4469865693,Baker,,scraped,2026-09-22T13:10:13.557737,
c005adce356585a0,https://au.linkedin.com/jobs/view/general-manager-building-construction-at-mcmahon-services-4469857229,General Manager - Building & Construction,,scraped,2026-09-22T13:10:44.352256,
fdd0441d89a0fc29,https://au.linkedin.com/jobs/view/qualified-gardener-at-green-by-nature-4461574082,Qualified Gardener,Green by Nature,posted,2026-09-22T13:11:02.642373,673
1e7932bb46d316f0,https://au.linkedin.com/jobs/view/sonographer-at-integral-diagnostics-idx-4468492782,Sonographer,,scraped,2026-09-22T13:11:13.276358,
6f2941e92da8276b,https://au.linkedin.com/jobs/view/nuclear-medicine-pet-technologist-at-qscan-group-4468187846,Nuclear Medicine / PET Technologist,,scraped,2026-09-22T13:11:44.214062,
373d51273dea6fe5,https://au.linkedin.com/jobs/view/growth-marketer-at-pay-com-au-4446703076,Growth Marketer,,scraped,2026-09-22T13:12:00.175897,
4e9db170b9b58327,https://au.linkedin.com/jobs/view/senior-solutions-engineer-at-epicor-4415308419,Senior Solutions Engineer,Epicor,posted,2026-09-22T13:12:25.490013,675
105adc8819bdd5d0,https://au.linkedin.com/jobs/view/trade-assistant-qcoal-at-thiess-4470259264,Trade Assistant - QCoal,,scraped,2026-09-22T13:12:32.088034,
bb4a07a748c3e71c,https://au.linkedin.com/jobs/view/field-visual-merchandiser-qld-cotton-on-australia-at-cotton-on-group-4470279829,Field Visual Merchandiser QLD - Cotton On Australia,,scraped,2026-09-22T13:12:39.633053,
523baa2e67691ab7,https://au.linkedin.com/jobs/view/allied-health-assistant-at-better-rehab-4470277810,Allied Health Assistant,,scraped,2026-09-22T13:12:52.064625,
6b02b4d60c32793b,https://au.linkedin.com/jobs/view/manager-communications-acs-at-bureau-of-meteorology-4468541393,"Manager, Communications, ACS",,scraped,2026-09-22T13:13:10.259125,
8b7566dd7e8c2db0,https://au.linkedin.com/jobs/view/recruitment-consultant-aq-18881-at-aquent-4468575636,Recruitment Consultant [AQ-18881],Aquent,posted,2026-09-22T13:13:28.223074,677
87a70f9977c728ce,https://au.linkedin.com/jobs/view/store-manager-opsm-mandurah-wa-at-opsm-4468505103,"Store Manager | OPSM Mandurah, WA",,scraped,2026-09-22T13:13:38.904770,
d9e2d51f0f9edcad,https://au.linkedin.com/jobs/view/assistant-store-manager-melville-at-harris-scarfe-australia-pty-ltd-4468191378,Assistant Store Manager - Melville,,scraped,2026-09-22T13:14:15.535427,
3ddf30eca8cbf5f2,https://www.linkedin.com/jobs/view/vice-president-of-global-customer-service-at-kitterman-marketing-4469041069,Vice President of Global Customer Service,Kitterman Marketing,posted,2026-09-22T17:50:40.769882,678
b8edde08e284f4bb,https://au.linkedin.com/jobs/view/account-manager-anz-at-bmc-software-4470447378,Account Manager ANZ,BMC Software,posted,2026-09-22T17:50:52.542887,680
0ea7ab1e017448a4,https://au.linkedin.com/jobs/view/store-manager-canberra-centre-at-strandbags-4439815124,Store Manager - Canberra Centre,,scraped,2026-09-22T17:50:55.217598,
b6d78003c4f8bbf0,https://au.linkedin.com/jobs/view/technical-seo-manager-at-easygo-4461532314,Technical SEO Manager,,scraped,2026-09-22T17:51:18.938238,
d2392b29b0162d75,https://au.linkedin.com/jobs/view/cleaner-at-millennium-services-group-limited-4468528462,Cleaner,,scraped,2026-09-22T17:51:49.928779,
5d4970ed17a440f0,https://au.linkedin.com/jobs/view/business-development-manager-corporate-traveller-melbourne-vic-at-flight-centre-travel-group-4419568787,"Business Development Manager - Corporate Traveller - Melbourne, VIC",,scraped,2026-09-22T17:52:25.601841,
921d9bead888cba2,https://au.linkedin.com/jobs/view/new-store-sports-direct-full-time-sales-assistant-penrith-at-sports-direct-australia-4460198523,NEW STORE Sports Direct Full Time Sales Assistant - Penrith,,scraped,2026-09-22T17:52:42.287710,
19641ef18feb6bfe,https://au.linkedin.com/jobs/view/estimator-at-harnest-4469004432,Estimator,Harnest,posted,2026-09-22T17:53:24.359050,57
5fb88816cbde9c7d,https://au.linkedin.com/jobs/view/landscaper-at-civilandscape-4470272635,LANDSCAPER,,scraped,2026-09-22T17:53:31.067776,
eaa96f45f9faa542,https://au.linkedin.com/jobs/view/jarrabomberra-subway-sandwich-artist-at-subway%C2%AE-australia-4468776058,JARRABOMBERRA - Subway Sandwich Artist,Subway® Australia,posted,2026-09-22T17:54:29.199950,682
98961aeddee39318,https://au.linkedin.com/jobs/view/labourer-at-locale-civil-4408746485,Labourer,,scraped,2026-09-22T17:54:33.968689,
bda2b64b92286bca,https://au.linkedin.com/jobs/view/store-manager-canberra-civic-at-the-body-shop-australia-4468533390,Store Manager - Canberra Civic,,scraped,2026-09-22T17:54:40.603169,
5e13edf9fae433e1,https://au.linkedin.com/jobs/view/sales-development-representive-at-plexus-4434171644,Sales Development Representive,,scraped,2026-09-22T17:55:00.132904,
b7ab9a7b1a4a5d81,https://au.linkedin.com/jobs/view/principal-development-planner-at-mackay-regional-council-4468550537,Principal Development Planner,Mackay Regional Council,posted,2026-09-22T17:55:19.653609,684
0f476839d4a3c488,https://au.linkedin.com/jobs/view/on-air-graphics-operator-at-tabcorp-4470451040,On-Air Graphics Operator,Tabcorp,posted,2026-09-22T17:55:58.154604,686
794d6f260f6d23b7,https://au.linkedin.com/jobs/view/management-opportunities-supercheap-auto-kalgoorlie-at-supercheap-auto-4468491668,Management opportunities - Supercheap Auto Kalgoorlie,Supercheap Auto,posted,2026-09-22T17:56:28.072988,688
caf181000b683608,https://au.linkedin.com/jobs/view/radiographer-at-qscan-group-4467385468,Radiographer,,scraped,2026-09-22T17:56:32.736845,
6a84bd38b7faa2bc,https://au.linkedin.com/jobs/view/sales-development-representative-at-sitemate-4470236066,Sales Development Representative,,scraped,2026-09-22T17:57:09.044564,
145724acb115bf66,https://au.linkedin.com/jobs/view/skechers-sales-assistants-warringah-mall-at-skechers-australia-new-zealand-4459271725,Skechers Sales Assistants - Warringah Mall,,scraped,2026-09-22T17:57:15.815163,
c77b04530aebe95b,https://au.linkedin.com/jobs/view/sales-manager-at-pointer-4468790074,Sales Manager,,scraped,2026-09-22T17:57:56.877718,
94c3caf8f6e8075f,https://au.linkedin.com/jobs/view/on-air-graphics-operator-at-tabcorp-4470433889,On-Air Graphics Operator,Tabcorp,posted,2026-09-22T17:59:17.203859,686
80102594d8358954,https://au.linkedin.com/jobs/view/fire-alarm-electrician-at-chubb-fire-security-4442255372,Fire Alarm Electrician,,scraped,2026-09-22T18:00:06.003533,
8078efb923d3218b,https://au.linkedin.com/jobs/view/sales-travel-consultant-midland-gate-wa-at-flight-centre-4461567926,"Sales Travel Consultant - Midland Gate, WA",,scraped,2026-09-22T18:01:45.814189,
8eb6edc170a97d5e,https://au.linkedin.com/jobs/view/reatail-sales-travel-consultant-mount-barker-sa-at-flight-centre-4461571813,"Reatail Sales Travel Consultant - Mount Barker, SA",,scraped,2026-09-22T18:02:01.361002,
b89a926994ae7d2b,https://au.linkedin.com/jobs/view/store-manager-every-sunday-off-fulham-gardens-at-the-reject-shop-4468199585,"Store Manager, Every Sunday Off, Fulham Gardens",,scraped,2026-09-22T18:02:10.426446,
ea8f3e3f134556bc,https://au.linkedin.com/jobs/view/retail-sales-travel-consultant-murray-bridge-sa-at-flight-centre-travel-group-4461707835,"Retail Sales Travel Consultant - Murray Bridge, SA",,scraped,2026-09-22T18:02:45.243286,
0f87af8c62632fb3,https://au.linkedin.com/jobs/view/cruise-sales-consultant-broadbeach-qld-at-ignite-travel-group-4047587380,"Cruise Sales Consultant - Broadbeach, QLD",,scraped,2026-09-22T18:02:59.827543,
1d1d4d6507cba861,https://au.linkedin.com/jobs/view/store-manager-bws-moorabbin-at-bws-4461528513,Store Manager - BWS - Moorabbin,,scraped,2026-09-22T18:03:39.036618,
af22209333aad0ac,https://au.linkedin.com/jobs/view/security-officer-at-millennium-services-group-limited-4468540213,Security Officer,,scraped,2026-09-22T18:04:16.501997,
f6b7caa1aeedd0fb,https://au.linkedin.com/jobs/view/manager-finance-transformation-at-deloitte-4461527132,Manager | Finance Transformation,Deloitte,posted,2026-09-22T18:04:46.318845,690
a826bc66d93050d4,https://au.linkedin.com/jobs/view/sales-travel-consultant-south-east-melbourne-vic-at-flight-centre-4415349004,"Sales Travel Consultant - South-East Melbourne, VIC",,scraped,2026-09-22T18:05:04.965082,
3d074c42ff23b6b8,https://au.linkedin.com/jobs/view/assistant-electorate-officer-mackay-at-queensland-government-4468562868,Assistant Electorate Officer (Mackay),,scraped,2026-09-22T18:05:26.394976,
dee02d8a61e2379d,https://au.linkedin.com/jobs/view/manager-communications-acs-at-bureau-of-meteorology-4470449043,"Manager, Communications, ACS",,scraped,2026-09-22T18:07:15.488126,
7f96f998758c7657,https://au.linkedin.com/jobs/view/manager-communications-acs-at-bureau-of-meteorology-4470444317,"Manager, Communications, ACS",,scraped,2026-09-22T18:07:22.783859,
11e7750ba042a69d,https://au.linkedin.com/jobs/view/internal-communications-manager-south-bank-qld-at-flight-centre-travel-group-4433067650,"Internal Communications Manager- South Bank, QLD",,scraped,2026-09-22T18:07:57.540194,
e02e77ecad071efb,https://au.linkedin.com/jobs/view/project-manager-at-decode-group-4470267666,Project Manager,,scraped,2026-09-22T18:08:12.256266,
a71c910acf21b088,https://au.linkedin.com/jobs/view/social-media-manager-at-7-eleven-australia-4468506371,Social Media Manager,,scraped,2026-09-22T18:08:22.566712,
a44734d4c978af9a,https://au.linkedin.com/jobs/view/store-manager-westfield-chermside-at-crocs-inc-4440163265,"Store Manager, Westfield Chermside","Crocs, Inc.",posted,2026-09-22T18:08:53.964262,692
3fb2624f8d49e093,https://au.linkedin.com/jobs/view/manager-communications-acs-at-bureau-of-meteorology-4470431857,"Manager, Communications, ACS",,scraped,2026-09-22T18:09:02.646625,
96a8e536a06a37d4,https://au.linkedin.com/jobs/view/store-manager-at-antojitos-mexicanos-la-jefa-4468508522,Store Manager,Antojitos Mexicanos La Jefa,posted,2026-09-22T20:40:20.013697,127
04ea715170045b68,https://au.linkedin.com/jobs/view/hv-cable-jointers-at-rsgx-4458051151,HV Cable Jointers,,scraped,2026-09-22T20:40:42.760826,
31314bf9fe5183b4,https://au.linkedin.com/jobs/view/restaurant-manager-annandale-at-zeus-street-greek-4468926289,Restaurant Manager Annandale,,scraped,2026-09-22T20:42:49.852726,
7db809346b262dfd,https://au.linkedin.com/jobs/view/assistant-store-manager-mt-ommaney-at-skechers-australia-new-zealand-4449551720,Assistant Store Manager - Mt Ommaney,,scraped,2026-09-22T20:43:16.156990,
b103b2041f90f612,https://au.linkedin.com/jobs/view/marketing-assistant-adelaide-at-hickinbotham-group-4468939009,Marketing Assistant Adelaide,,scraped,2026-09-22T20:44:09.084365,
7a9f25e66f0ae4d7,https://au.linkedin.com/jobs/view/account-executive-at-splose-4437233558,Account Executive,,scraped,2026-09-22T20:45:09.950539,
a7c519ecb210a3cd,https://au.linkedin.com/jobs/view/scraper-operator-at-jk-williams-4468926430,Scraper Operator,,scraped,2026-09-22T20:45:46.979685,
d8496ef08bda1e79,https://au.linkedin.com/jobs/view/deli-assistant-at-centra-4469964678,Deli Assistant,,scraped,2026-09-22T20:46:03.789192,
1d5d1c77cf00831b,https://au.linkedin.com/jobs/view/employment-consultant-at-apm-employment-services-4459255453,Employment Consultant,,scraped,2026-09-22T20:46:46.772304,
523856ce9b351ae4,https://au.linkedin.com/jobs/view/depot-maintenance-assistant-blacktown-at-busways-group-4470430293,Depot Maintenance Assistant - Blacktown,,scraped,2026-09-22T20:47:52.678254,
f7c74e5f3ad9a342,https://au.linkedin.com/jobs/view/baker-at-woolworths-group-4470412675,Baker,,scraped,2026-09-22T20:48:02.754099,
0bc6455bcc6403a4,https://au.linkedin.com/jobs/view/hair-and-beauty-retail-assistant-at-hairhouse-4470497385,Hair and Beauty Retail Assistant,,scraped,2026-09-22T20:49:15.879848,
7e94ff3e1c002292,https://au.linkedin.com/jobs/view/manager-communications-acs-at-bureau-of-meteorology-4470604544,"Manager, Communications, ACS",,scraped,2026-09-22T20:49:25.257898,
ccfb517a4cc7be0b,https://au.linkedin.com/jobs/view/manager-communications-acs-at-bureau-of-meteorology-4470611286,"Manager, Communications, ACS",,scraped,2026-09-22T20:49:31.858591,
4f3501e404c99970,https://au.linkedin.com/jobs/view/worker-s-compensation-case-manager-at-dxc-technology-4460259461,Worker's Compensation Case Manager,DXC Technology,posted,2026-09-22T20:50:30.370130,694
90ad58e8f59999db,https://au.linkedin.com/jobs/view/manager-communications-acs-at-bureau-of-meteorology-4470605459,"Manager, Communications, ACS",,scraped,2026-09-22T20:50:46.980076,
7b84befc07be11d2,https://au.linkedin.com/jobs/view/sales-executive-at-quiet-list-4464173239,Sales Executive,,scraped,2026-09-22T23:56:16.559026,
851db93cb022910a,https://au.linkedin.com/jobs/view/sign-installer-at-fastsigns-of-west-metro-mn-4470280790,Sign Installer,"FASTSIGNS of West Metro, MN",posted,2026-09-22T23:57:12.813297,696
df4c6b6d140a23ea,https://au.linkedin.com/jobs/view/editor-law360-australia-at-law360-4467821989,Editor | Law360 Australia,Law360,posted,2026-09-22T23:58:39.585996,698
de9df83ecacd7a25,https://au.linkedin.com/jobs/view/customer-sales-service-repco-midland-full-time-at-repco-4470405989,Customer Sales & Service - Repco Midland - Full Time,Repco,posted,2026-09-23T00:00:31.134461,700
05d9a99ed29deeec,https://au.linkedin.com/jobs/view/hype-dc-store-manager-bondi-junction-at-hype-dc-pty-limited-4470254186,Hype DC Store Manager - Bondi Junction,HYPE DC Pty Limited,posted,2026-09-23T00:02:43.636099,702
4faf45615cea97e9,https://au.linkedin.com/jobs/view/associate-recruitment-consultant-at-abacus-human-capital-pty-ltd-4470635210,Associate Recruitment Consultant,,scraped,2026-09-23T00:03:40.322391,
c597cb8641666f11,https://au.linkedin.com/jobs/view/customer-solutions-assistant-team-leader-miranda-at-tpg-telecom-4441799822,Customer Solutions Assistant Team Leader - Miranda,,scraped,2026-09-23T00:05:30.968672,
ffafd9de80016bac,https://au.linkedin.com/jobs/view/hair-and-beauty-retail-assistant-hairdressing-qualification-required-at-hairhouse-4470274516,Hair and Beauty Retail Assistant - Hairdressing Qualification REQUIRED,,scraped,2026-09-23T00:06:18.150694,
464d0bdd5f25b466,https://au.linkedin.com/jobs/view/financial-accountant-at-outcast-4452191764,Financial Accountant,,scraped,2026-09-23T00:06:41.045187,
75b45ce2e5d31cf1,https://au.linkedin.com/jobs/view/retail-assistant-manager-chermside-at-seed-heritage-4469998743,Retail Assistant Manager - Chermside,Seed Heritage,posted,2026-09-23T00:07:23.566848,704
9613c69d2b1f9cc3,https://au.linkedin.com/jobs/view/deli-assistant-at-centra-4469042815,Deli Assistant,Centra,posted,2026-09-23T00:07:58.188530,706
86ce5161ea9a9956,https://au.linkedin.com/jobs/view/head-chef-at-novotel-hotels-4470281495,Head Chef,,scraped,2026-09-23T00:08:14.854086,
45d6e13fcf4bcd26,https://au.linkedin.com/jobs/view/fitter-at-oscar-hunt-4468197043,Fitter,,scraped,2026-09-23T00:08:22.622281,
2fcf91d980ef5e04,https://au.linkedin.com/jobs/view/bid-manager-at-design-build-recruitment-4468576924,Bid Manager,,scraped,2026-09-23T00:10:22.928773,
da5f7d6f0e6b927a,https://au.linkedin.com/jobs/view/touring-sales-consultant-broadbeach-qld-at-ignite-travel-group-4452423202,"Touring Sales Consultant - Broadbeach, QLD",,scraped,2026-09-23T00:11:31.584912,
35046533c8a609c9,https://au.linkedin.com/jobs/view/gyg-adelaide-metro-crew-members-at-otr-4466833230,GYG Adelaide Metro - Crew Members,,scraped,2026-09-23T00:11:52.900974,
2a1ec5238d41a501,https://au.linkedin.com/jobs/view/sonographer-at-qscan-group-4470659283,Sonographer,,scraped,2026-09-23T02:05:38.526211,
dd8c2c5c41c100d8,https://au.linkedin.com/jobs/view/salesperson-at-realrun-4466842519,Salesperson,,scraped,2026-09-23T02:05:47.145358,
61371b061ad5d440,https://au.linkedin.com/jobs/view/expression-of-interest-at-immutable-4451477836,Expression of Interest,,scraped,2026-09-23T02:05:53.995522,
a169a68f7c95cdd8,https://au.linkedin.com/jobs/view/bid-coordinator-at-shape-australia-4466814819,Bid Coordinator,,scraped,2026-09-23T02:06:00.801266,
1c3e583021c65047,https://au.linkedin.com/jobs/view/sales-development-representative-at-techium-consulting-group-4468717032,Sales Development Representative,,scraped,2026-09-23T02:06:08.696428,
a7c7dd9da79defc8,https://au.linkedin.com/jobs/view/store-manager-marrickville-full-time-at-chargrill-charlie-s-4466299782,Store Manager - Marrickville Full-Time,,scraped,2026-09-23T02:06:31.128060,
de62aadae71b115b,https://au.linkedin.com/jobs/view/smokemart-gift-box-dubbo-sales-assistant-at-smokemart-giftbox-4469120702,Smokemart & Gift Box Dubbo - Sales Assistant,,scraped,2026-09-23T02:06:38.463148,
7906a55ab888abbc,https://au.linkedin.com/jobs/view/assistant-store-manager-moore-park-at-anaconda-group-pty-ltd-4467158428,Assistant Store Manager - Moore Park,,scraped,2026-09-23T02:07:00.001293,
3c52049d1b8bcd5b,https://au.linkedin.com/jobs/view/property-valuer-cpv-rpv-at-opteon-aus-nz-4240001514,Property Valuer (CPV/RPV),,scraped,2026-09-23T02:07:09.307630,
19fc79c263a6ae93,https://au.linkedin.com/jobs/view/sales-development-representative-applied-ai-apj-at-v2-ai-4469086621,Sales Development Representative | Applied AI | APJ |,,scraped,2026-09-23T02:07:34.247394,
5fb16a2853198911,https://au.linkedin.com/jobs/view/store-manager-at-metcash-4461702543,Store Manager,,scraped,2026-09-23T02:07:41.609208,
d54cdf575424ca99,https://au.linkedin.com/jobs/view/porter-at-sofitel-4470272824,Porter,,scraped,2026-09-23T02:07:48.605852,
e04e4518d28d4fa7,https://au.linkedin.com/jobs/view/payroll-officer-at-spotlight-retail-group-srg-4467344479,Payroll Officer,,scraped,2026-09-23T02:08:08.003270,
acb2d7d7766d984c,https://au.linkedin.com/jobs/view/payroll-officer-at-sharp-carter-4469109866,Payroll Officer,,scraped,2026-09-23T02:08:18.370443,
5397e30da1d6ea56,https://au.linkedin.com/jobs/view/account-executive-remote-at-visualcare-4466660493,Account Executive - Remote,,scraped,2026-09-23T02:08:47.285212,
a14565fdd9c49c4a,https://au.linkedin.com/jobs/view/sales-assistant-at-centra-4469058483,Sales Assistant,,scraped,2026-09-23T02:08:53.885010,
ffef18e3a1032417,https://au.linkedin.com/jobs/view/parking-officer-stonnington-at-orikan-4466659814,Parking Officer - Stonnington,,scraped,2026-09-23T02:09:33.388522,
da37686daf4872e6,https://au.linkedin.com/jobs/view/driver-at-team-global-express-4424139831,Driver,,scraped,2026-09-23T02:09:41.064311,
0a4a6d0c3275c7cb,https://au.linkedin.com/jobs/view/graduate-radiographer-at-radiology-victoria-4470653520,Graduate Radiographer,,scraped,2026-09-23T02:09:50.248012,
0657c105d8cfa492,https://au.linkedin.com/jobs/view/radiographer-at-qscan-group-4468191773,Radiographer,,scraped,2026-09-23T02:10:11.157698,
1949550de83e3903,https://au.linkedin.com/jobs/view/new-store-sports-direct-assistant-store-manager-penrith-at-sports-direct-australia-4442578111,NEW STORE Sports Direct Assistant Store Manager - Penrith,,scraped,2026-09-23T02:10:41.702697,
9f5a6fddbd67cff3,https://au.linkedin.com/jobs/view/observability-engineer-at-carecone-group-4470654676,Observability Engineer,,scraped,2026-09-23T02:11:00.938716,
349f0d7bb02d182a,https://au.linkedin.com/jobs/view/project-coordinator-sa-at-chubb-fire-security-4469082334,Project Coordinator SA,,scraped,2026-09-23T02:11:22.162846,
c0ba6b798e33a9f7,https://au.linkedin.com/jobs/view/payroll-officer-at-sharp-carter-4470666283,Payroll Officer,,scraped,2026-09-23T02:11:38.563994,
74d91771f77f9528,https://au.linkedin.com/jobs/view/head-chef-norwood-hotel-at-alh-hotels-4461265036,Head Chef - Norwood Hotel,,scraped,2026-09-23T02:11:54.782058,
ee01f9a39b6ea22f,https://au.linkedin.com/jobs/view/maintenance-planner-at-michael-page-4470446473,Maintenance Planner,Michael Page,posted,2026-09-23T02:12:21.412048,708
10ce9c94bf4eb99b,https://au.linkedin.com/jobs/view/account-executive-new-business-smb-at-mandoe-media-4458331088,Account Executive - New Business (SMB),,scraped,2026-09-23T02:12:48.179538,
ad7c89113997deef,https://au.linkedin.com/jobs/view/hse-and-facilities-coordinator-at-searson-buck-group-4468947305,HSE and Facilities Coordinator,,scraped,2026-09-23T02:13:11.997185,
ecd447a33c7eda03,https://au.linkedin.com/jobs/view/blaster-at-emerson-4461565156,Blaster,Emerson,posted,2026-09-23T02:13:30.050824,710
e3e1c405260118c8,https://au.linkedin.com/jobs/view/it-recruitment-talent-consultant-resourcer-at-e2-cyber-4470266966,IT Recruitment Talent Consultant / Resourcer,,scraped,2026-09-23T02:13:32.766041,
deb50de60e0c79d4,https://au.linkedin.com/jobs/view/recruiter-at-gr-engineering-services-ltd-4470404329,Recruiter,,scraped,2026-09-23T02:13:47.637431,
49050e4c9131999b,https://au.linkedin.com/jobs/view/auto-body-prepper-beech-st-at-assured-automotive-4469060209,Auto Body Prepper (Beech St),,scraped,2026-09-23T02:13:57.384070,
9485fdb09d86ff83,https://au.linkedin.com/jobs/view/retail-store-manager-every-sunday-off-robina-at-the-reject-shop-4466268022,Retail Store Manager - Every Sunday Off - Robina,,scraped,2026-09-23T02:14:22.106767,
f7ec16f0ef1e832f,https://au.linkedin.com/jobs/view/surveyor-at-bouygues-construction-australia-4468859831,Surveyor,,scraped,2026-09-23T02:14:28.934982,
8cca28ffd0fdc06e,https://au.linkedin.com/jobs/view/assistant-manager-golfview-hotel-at-alh-hotels-4460329651,Assistant Manager - Golfview Hotel,,scraped,2026-09-23T02:15:15.362134,
9e51498f2ed246cf,https://au.linkedin.com/jobs/view/domestic-cleaner-paid-training-permanent-hours-at-maid2match-4470642826,Domestic Cleaner - Paid Training  Permanent Hours,,scraped,2026-09-23T02:15:47.895596,
6e073fe36ad464ab,https://au.linkedin.com/jobs/view/full-time-customer-service-and-sales-assistant-everton-park-qld-at-beacon-lighting-4468958063,Full Time Customer Service and Sales Assistant Everton Park QLD,,scraped,2026-09-23T02:16:02.236858,
22aa53c277a4ccb6,https://au.linkedin.com/jobs/view/insurance-building-assessor-at-cbs-complete-building-solutions-4468494029,Insurance / Building Assessor,,scraped,2026-09-23T02:16:15.475372,
8f22205bd87b88a7,https://au.linkedin.com/jobs/view/sales-director-perth-at-fractal-4460081291,Sales Director- Perth,Fractal,posted,2026-09-23T02:16:29.976320,712
5ae6829b7f60ef83,https://au.linkedin.com/jobs/view/talent-acquisition-specialist-at-heidelberg-materials-australia-4461547735,Talent Acquisition Specialist,Heidelberg Materials Australia,posted,2026-09-23T02:16:55.024602,97
73891ac0dc7c7199,https://au.linkedin.com/jobs/view/visual-merchandiser-glasshouse-at-h-m-4470226871,Visual Merchandiser - Glasshouse,H&M,posted,2026-09-23T02:17:23.265636,714
e20380b34ad4491e,https://au.linkedin.com/jobs/view/working-cleaning-supervisor-at-skg-services-4470200539,Working Cleaning Supervisor,,scraped,2026-09-23T02:17:25.932360,
eac712e3851dda0e,https://au.linkedin.com/jobs/view/reatail-sales-travel-consultant-mount-barker-sa-at-flight-centre-travel-group-4461566160,"Reatail Sales Travel Consultant - Mount Barker, SA",,scraped,2026-09-23T02:17:35.583541,
eea954c14ad65918,https://au.linkedin.com/jobs/view/assistant-store-managers-bcf-kawana-sunshine-coast-at-bcf-boating-camping-fishing-4451605710,"Assistant Store Managers - BCF Kawana, Sunshine Coast",,scraped,2026-09-23T02:17:46.226169,
f985b6111d51db3d,https://au.linkedin.com/jobs/view/guidewire-developer-at-iag-4469834955,Guidewire Developer,IAG,posted,2026-09-23T02:18:04.536744,573
92e25babdeb87211,https://au.linkedin.com/jobs/view/entry-level-sales-representative-business-development-at-liquid-learning-4470647533,Entry Level Sales Representative | Business Development,Liquid Learning,posted,2026-09-23T02:18:20.067864,716
fbf401c809db7757,https://au.linkedin.com/jobs/view/flexographic-printer-at-mcc-label-4468576264,Flexographic Printer,MCC Label,posted,2026-09-23T02:18:31.405573,718
3bb7202c16fa9037,https://au.linkedin.com/jobs/view/retail-store-manager-caneland-central-at-spendless-shoes-4468941644,Retail Store Manager CANELAND CENTRAL,,scraped,2026-09-23T02:18:52.074299,
6b05e379dc039b4e,https://au.linkedin.com/jobs/view/restaurant-manager-at-zambrero-4469076608,Restaurant Manager,,scraped,2026-09-23T02:19:02.829302,
edc6ce029e1981c0,https://au.linkedin.com/jobs/view/assistant-store-manager-at-antojitos-mexicanos-la-jefa-4468508632,Assistant Store Manager,Antojitos Mexicanos La Jefa,posted,2026-09-23T02:19:15.466470,95
8751ae4e200289de,https://au.linkedin.com/jobs/view/kmart-north-perth-department-manager-at-kmart-australia-limited-4467358278,Kmart North Perth - Department Manager,Kmart Australia Limited,posted,2026-09-23T02:19:36.199571,720
62a5d66bd2ad62a2,https://au.linkedin.com/jobs/view/cook-or-chef-northern-territory-at-alh-hotels-4423380399,Cook or Chef - NORTHERN TERRITORY,,scraped,2026-09-23T02:19:58.819232,
05a0bf42d7bb0230,https://au.linkedin.com/jobs/view/senior-urban-planner-at-aecom-4469048432,Senior Urban Planner,AECOM,posted,2026-09-23T02:20:22.061324,722
27b71ea8d84a25b6,https://au.linkedin.com/jobs/view/behaviour-support-practitioner-canberra-at-optimum-health-solutions-4468507851,Behaviour Support Practitioner | Canberra,,scraped,2026-09-23T02:20:32.661118,
cafbe09fa49265e9,https://au.linkedin.com/jobs/view/general-manager-at-bigboi-international-pty-ltd-4469075246,General Manager,bigboi International PTY LTD,posted,2026-09-23T02:20:47.923639,724
860448f3f0d25fcb,https://au.linkedin.com/jobs/view/experienced-bookkeeper-at-afm-services-4468792187,Experienced Bookkeeper,,scraped,2026-09-23T02:20:50.547476,
68a86b7aa417db84,https://au.linkedin.com/jobs/view/vic-electrician-at-omnidian-4469037675,VIC Electrician,Omnidian,posted,2026-09-23T02:21:08.408979,726
441ef8cbdd1f7b36,https://au.linkedin.com/jobs/view/disability-support-worker-at-sirv-4470280470,Disability Support Worker,,scraped,2026-09-23T02:21:23.094260,
d1accf72dbbc9fcf,https://au.linkedin.com/jobs/view/credit-control-officer-at-srg-global-4469085819,Credit Control Officer,,scraped,2026-09-23T02:21:36.878250,
0454edf69835206d,https://au.linkedin.com/jobs/view/business-development-representative-at-talent-flare-4467123003,Business Development Representative,,scraped,2026-09-23T02:22:09.457724,
a502d7cc9cc2c5b9,https://au.linkedin.com/jobs/view/full-time-certificate-iii-educator-tallawong-at-mini-masterminds-4468576681,Full Time Certificate III Educator - Tallawong,,scraped,2026-09-23T02:22:35.892421,
82f2e318ecfe4cce,https://au.linkedin.com/jobs/view/mc-driver-evening-shift-north-fremantle-at-qube-4468511004,MC Driver - Evening Shift - North Fremantle,,scraped,2026-09-23T02:22:43.779760,
21862e68d4527fa6,https://au.linkedin.com/jobs/view/trade-counter-assistant-hvac-r-alexandria-at-reece-group-4468525389,Trade Counter Assistant - (HVAC-R) Alexandria,,scraped,2026-09-23T02:22:52.833713,
0d04e5a58817f731,https://au.linkedin.com/jobs/view/inside-sales-elearning-software-articulate-at-microway-pty-ltd-australia-and-new-zealand-4469073824,Inside Sales (eLearning Software - Articulate),,scraped,2026-09-23T02:23:02.670209,
7546ecef509afd9e,https://au.linkedin.com/jobs/view/logistics-documentation-officer-at-hays-4470274504,Logistics Documentation Officer,,scraped,2026-09-23T02:23:25.551448,
611286034bb680b7,https://au.linkedin.com/jobs/view/marketing-business-operations-manager-at-upguard-4460292156,Marketing Business Operations Manager,UpGuard,posted,2026-09-23T02:23:53.321278,728
1f24fb25a6e369ea,https://au.linkedin.com/jobs/view/hc-mc-driver-at-goldstar-transport-australia-4468549105,HC/MC Driver,,scraped,2026-09-23T02:23:55.939338,
c948be023adf7213,https://au.linkedin.com/jobs/view/radiographer-medical-imaging-practitioner-503707l3-at-department-of-health-tasmania-4468926043,Radiographer (Medical Imaging Practitioner) (503707L3),"Department of Health, Tasmania",posted,2026-09-23T02:24:13.265850,730
ea8fb24e68e5f142,https://au.linkedin.com/jobs/view/dispute-resolution-specialist-workers-compensation-at-suncorp-group-4470400432,Dispute Resolution Specialist - Workers Compensation,,scraped,2026-09-23T02:24:15.890257,
f717faf5abec8185,https://au.linkedin.com/jobs/view/skilled-handyman-maintenance-professional-at-xplicit-facility-management-4469062962,Skilled Handyman / Maintenance Professional,,scraped,2026-09-23T02:24:22.839717,
7d4ca8b90bbcc03d,https://au.linkedin.com/jobs/view/consultant-at-l-e-k-consulting-4459203564,Consultant,L.E.K. Consulting,posted,2026-09-23T02:24:38.103229,732
0485eab5d58a3600,https://au.linkedin.com/jobs/view/assistant-manager-miami-tavern-at-alh-hotels-4461039809,Assistant Manager - Miami Tavern,,scraped,2026-09-23T02:25:00.823123,
75a6148c8b6db68a,https://au.linkedin.com/jobs/view/cook-or-chef-tasmania-at-alh-hotels-4424106711,Cook or Chef - TASMANIA,,scraped,2026-09-23T02:25:15.354139,
a7a8ab95d884d8fe,https://au.linkedin.com/jobs/view/team-member-wyong-m1-northbound-diesel-site-at-ampol-4470667394,Team Member - Wyong M1 Northbound (Diesel Site),,scraped,2026-09-23T02:25:21.693048,
2c08bbc9c5a85104,https://au.linkedin.com/jobs/view/manager-communications-acs-at-bureau-of-meteorology-4470666291,"Manager, Communications, ACS",,scraped,2026-09-23T02:25:32.343725,
dc8f4be1436e7c7f,https://au.linkedin.com/jobs/view/retail-cluster-visual-merchandiser-northern-beaches-at-seed-heritage-4470679632,Retail Cluster Visual Merchandiser - Northern Beaches,Seed Heritage,posted,2026-09-23T08:55:48.351464,734
79aea3033b576565,https://au.linkedin.com/jobs/view/estimator-at-versatile-group-4469432081,Estimator,,scraped,2026-09-23T08:56:01.044078,
48875eb4ec9bb0e6,https://au.linkedin.com/jobs/view/maintenance-technician-at-the-tasman-a-luxury-collection-hotel-hobart-4469417172,Maintenance Technician,"The Tasman, a Luxury Collection Hotel, Hobart",posted,2026-09-23T08:56:27.542567,736
559cf07070169e88,https://au.linkedin.com/jobs/view/business-development-representative-at-braze-4470650271,Business Development Representative,Braze,posted,2026-09-23T08:56:47.067798,169
f78355a774df11f3,https://au.linkedin.com/jobs/view/data-engineer-at-clearai-4469420756,Data Engineer,,scraped,2026-09-23T08:56:59.739666,
f18879e975ed77b5,https://au.linkedin.com/jobs/view/brandwatch-sales-development-representative-melbourne-at-cision-4470910413,"Brandwatch - Sales Development Representative, Melbourne",Cision,posted,2026-09-23T08:57:35.376157,738
9674c36ad276f06e,https://au.linkedin.com/jobs/view/automotive-assistant-at-carma-4459287784,Automotive Assistant,,scraped,2026-09-23T08:57:37.912852,
17e772a2b8074a01,https://au.linkedin.com/jobs/view/retail-assistant-store-manager-rouse-hill-at-spendless-shoes-4468986627,Retail Assistant Store Manager Rouse Hill,,scraped,2026-09-23T08:57:45.151080,
8f260c9fc6837e5d,https://au.linkedin.com/jobs/view/skechers-sales-assistant-toowoomba-at-skechers-australia-new-zealand-4468979322,Skechers Sales Assistant - Toowoomba,,scraped,2026-09-23T08:58:01.506092,
5672d12a1118776f,https://au.linkedin.com/jobs/view/reddy-express-brighton-le-sands-assistant-manager-at-otr-4469414303,Reddy Express Brighton-Le-Sands - Assistant Manager,,scraped,2026-09-23T08:58:09.925045,
cc7f47ac3644ca39,https://au.linkedin.com/jobs/view/sales-development-representative-melbourne-at-brandwatch-4470691089,"Sales Development Representative, Melbourne",,scraped,2026-09-23T08:58:35.520602,
0a41ce5ac8bac438,https://au.linkedin.com/jobs/view/handy-person-at-bgis-4469415669,Handy Person,,scraped,2026-09-23T08:58:42.619356,
8f7bd63645d199af,https://au.linkedin.com/jobs/view/account-executive-at-data%233-4468989021,Account Executive,,scraped,2026-09-23T08:59:00.386012,
4116c77d9d2e8de3,https://au.linkedin.com/jobs/view/platypus-store-manager-west-lakes-at-platypus-shoes-4470693001,Platypus Store Manager - West Lakes,,scraped,2026-09-23T08:59:41.792827,
5942d8c3d7b73ed3,https://au.linkedin.com/jobs/view/smokemart-giftbox-caneland-sales-assistant-at-smokemart-giftbox-4470674586,Smokemart & GiftBox Caneland - Sales Assistant,,scraped,2026-09-23T08:59:54.013834,
0b65c30bf83d5780,https://au.linkedin.com/jobs/view/smokemart-gift-box-katherine-sales-assistant-at-smokemart-giftbox-4470678396,Smokemart & Gift Box Katherine- Sales Assistant,,scraped,2026-09-23T09:00:03.346103,
b41759163a093026,https://au.linkedin.com/jobs/view/labourer-at-amentum-4451609063,Labourer,Amentum,posted,2026-09-23T09:00:35.194329,740
39fba96f77af7b43,https://au.linkedin.com/jobs/view/residential-cleaning-at-marta-cleaning-services-4469083697,Residential Cleaning,Marta Cleaning Services,posted,2026-09-23T09:01:38.129704,742
a17bbbb73b62ca87,https://au.linkedin.com/jobs/view/store-manager-at-bapcor-limited-4470685479,Store Manager,,scraped,2026-09-23T09:01:54.846893,
930f0da5b562efe9,https://au.linkedin.com/jobs/view/inside-sales-consultant-apac-at-kaliba-4469410835,Inside Sales Consultant - APAC,,scraped,2026-09-23T09:02:02.262863,
ecd60f1fd4e7559a,https://au.linkedin.com/jobs/view/ai-generalist-at-rex-zone-4470692570,AI Generalist,Rex.zone,posted,2026-09-23T09:02:20.392136,744
9efb77b7a841c0bc,https://au.linkedin.com/jobs/view/sales-travel-consultant-south-brisbane-qld-at-flight-centre-4386743015,"Sales Travel Consultant - South Brisbane, QLD",,scraped,2026-09-23T09:02:31.034435,
8bac80d65e874ddb,https://au.linkedin.com/jobs/view/business-development-representative-business-development-at-denodo-4469425583,"Business Development Representative, Business Development",Denodo,posted,2026-09-23T09:02:45.017371,746
6b9399cc2d6e6594,https://au.linkedin.com/jobs/view/behaviour-support-practitioner-penrith-blue-mountains-at-optimum-health-solutions-4470901662,Behaviour Support Practitioner | Penrith/Blue Mountains,,scraped,2026-09-23T09:03:29.642772,
df4c36834fbf7e2a,https://au.linkedin.com/jobs/view/observability-engineer-at-renaissance-infosystems-4468195625,Observability Engineer,,scraped,2026-09-23T09:03:59.563110,
cbee62c3f21c56bb,https://au.linkedin.com/jobs/view/kmart-warriewood-operations-manager-at-kmart-australia-limited-4468983486,Kmart Warriewood - Operations Manager,Kmart Australia Limited,posted,2026-09-23T09:04:37.337856,748
05377f1de6184d3c,https://au.linkedin.com/jobs/view/assistant-store-manager-midland-at-anaconda-group-pty-ltd-4468945250,Assistant Store Manager - Midland,,scraped,2026-09-23T09:04:56.035973,
60fab62549b4b960,https://au.linkedin.com/jobs/view/job-title-intermediate-accountant-at-bottrell-chartered-accountants-financial-services-pty-ltd-4467654707,Job Title: Intermediate Accountant,,scraped,2026-09-23T09:05:09.079066,
48472d588b23d1cf,https://au.linkedin.com/jobs/view/payroll-advisor-at-sharp-carter-4470218611,Payroll Advisor,,scraped,2026-09-23T09:05:19.087188,
18625763f1b23eb6,https://au.linkedin.com/jobs/view/assistant-restaurant-manager-castle-towers-at-nando-s-australia-new-zealand-4470674814,Assistant Restaurant Manager - Castle Towers,,scraped,2026-09-23T09:05:32.860348,
666baf77a11a323f,https://au.linkedin.com/jobs/view/office-assistant-at-dc-support-4468526453,Office Assistant,DC Support,posted,2026-09-23T09:05:48.266467,750
d1fcd20dcba64241,https://au.linkedin.com/jobs/view/sales-associate-swatch-pitt-st-at-swatch-4459212565,Sales Associate | Swatch Pitt St,Swatch,posted,2026-09-23T09:06:48.498055,752
7c730c875f938fa7,https://au.linkedin.com/jobs/view/performance-test-engineer-at-dxc-technology-4470231885,Performance Test Engineer,DXC Technology,posted,2026-09-23T09:07:18.821225,754
75b96178980c32a4,https://au.linkedin.com/jobs/view/customer-service-team-member-at-the-good-guys-4431071681,Customer Service Team Member,,scraped,2026-09-23T09:07:21.514949,
74deb408f8b2adb8,https://au.linkedin.com/jobs/view/groundsperson-at-marsupial-landscape-management-4469079456,Groundsperson,,scraped,2026-09-23T09:07:29.233384,
6e916e8cb7bdc655,https://au.linkedin.com/jobs/view/occupational-therapist-at-apm-4469400369,Occupational Therapist,,scraped,2026-09-23T09:07:44.688388,
b54307cb0ef6a1c9,https://au.linkedin.com/jobs/view/assistant-store-manager-everton-park-qld-at-beacon-lighting-4468939973,"Assistant Store Manager Everton Park, QLD",,scraped,2026-09-23T09:08:43.043288,
c531cf3a05a0c65b,https://au.linkedin.com/jobs/view/lending-specialist-at-handy-finance-4469408736,Lending Specialist,,scraped,2026-09-23T09:08:58.065426,
bb5d1cac8856f944,https://au.linkedin.com/jobs/view/fibreglasser-at-ama-group-ltd-4469406092,Fibreglasser,,scraped,2026-09-23T09:09:08.797476,
53c06f9c1ec47e66,https://au.linkedin.com/jobs/view/head-of-program-delivery-at-vgw-4459210843,Head of Program Delivery,,scraped,2026-09-23T09:09:18.123221,
358b9687dcd8e484,https://au.linkedin.com/jobs/view/assistant-nightfill-manager-at-woolworths-group-4470681581,Assistant Nightfill Manager,,scraped,2026-09-23T09:09:25.245646,
f0c4999d0f1d1384,https://au.linkedin.com/jobs/view/store-manager-bws-bentleigh-at-bws-4461513751,Store Manager - BWS - Bentleigh,,scraped,2026-09-23T09:09:34.165445,
ec83ea3debbba99f,https://au.linkedin.com/jobs/view/digital-project-manager-at-meta-creative-4469423408,Digital Project Manager,,scraped,2026-09-23T09:10:16.209233,
0efce687ed207b2a,https://au.linkedin.com/jobs/view/payroll-systems-administrator-at-sharp-carter-4470672289,Payroll Systems Administrator,,scraped,2026-09-23T09:10:33.800601,
f331a8a848217c8a,https://au.linkedin.com/jobs/view/solutions-consultant-at-xero-4469440374,Solutions Consultant,,scraped,2026-09-23T09:10:44.634093,
d352f43d0e43daeb,https://au.linkedin.com/jobs/view/store-manager-factorie-westfield-liverpool-at-cotton-on-group-4470910374,Store Manager - Factorie Westfield Liverpool,,scraped,2026-09-23T09:11:03.360787,
96a78f63dcb377d3,https://au.linkedin.com/jobs/view/luxury-travel-consultant-%E2%80%93-flight-centre-%E2%80%93-victoria-at-flight-centre-4443072862,Luxury Travel Consultant – Flight Centre – Victoria,,scraped,2026-09-23T09:11:09.632584,
69643ac7a2bd38b6,https://au.linkedin.com/jobs/view/tax-analyst-at-judo-bank-4467370234,Tax Analyst,Judo Bank,posted,2026-09-23T09:12:05.716799,756
f73c35f5b6dff6ab,https://au.linkedin.com/jobs/view/full-time-customer-service-and-sales-assistant-malaga-wa-at-beacon-lighting-4468992071,Full Time Customer Service and Sales Assistant Malaga WA,,scraped,2026-09-23T09:12:12.404148,
050dfd9be53c31a3,https://au.linkedin.com/jobs/view/reddy-express-runaway-bay-customer-service-representative-at-otr-4469414302,Reddy Express Runaway Bay - Customer Service Representative,,scraped,2026-09-23T09:12:21.358572,
a3c790407de1c58f,https://au.linkedin.com/jobs/view/field-service-technician-banz-powervac-perth-at-bunzl-australasia-4469094415,Field Service Technician - BANZ  PowerVac Perth,,scraped,2026-09-23T09:13:15.630590,
ee5282ff61147783,https://au.linkedin.com/jobs/view/business-development-manager-at-antojitos-mexicanos-la-jefa-4470670414,Business Development Manager,Antojitos Mexicanos La Jefa,posted,2026-09-23T09:13:35.458080,109
af32fa6ae855afcd,https://au.linkedin.com/jobs/view/business-development-specialist-mandarin-at-hungrypanda-ltd-%E7%86%8A%E7%8C%AB%E5%A4%96%E5%8D%96-4469406961,Business development specialist (mandarin),,scraped,2026-09-23T09:14:04.133327,
97470fd680d64192,https://au.linkedin.com/jobs/view/grounds-person-at-perth-airport-4470905424,Grounds Person,Perth Airport,posted,2026-09-23T09:14:46.017924,758
831db5b740d072ef,https://au.linkedin.com/jobs/view/solutions-consultant-at-xero-4469424666,Solutions Consultant,,scraped,2026-09-23T09:14:58.752807,
c588edd5428bec56,https://au.linkedin.com/jobs/view/manager-communications-acs-at-bureau-of-meteorology-4470699286,"Manager, Communications, ACS",,scraped,2026-09-23T09:15:09.488330,
e0b87b8430ac9ba8,https://au.linkedin.com/jobs/view/store-manager-amx-balcatta-at-amx-superstores-4470912919,Store Manager - AMX Balcatta,AMX Superstores,posted,2026-09-23T14:32:51.350970,760
444501abde2691c8,https://au.linkedin.com/jobs/view/store-manager-dubbo-at-spotlight-retail-group-srg-4468999438,Store Manager - Dubbo,,scraped,2026-09-23T14:33:08.393318,
25b0903416c66d82,https://au.linkedin.com/jobs/view/full-time-sales-assistant-prouds-broome-at-jpl-group-4469301411,Full Time Sales Assistant | Prouds Broome,JPL Group,posted,2026-09-23T14:33:25.776394,613
a516fe25d7505fda,https://au.linkedin.com/jobs/view/maintenance-fitter-at-youfoodz-4470929349,Maintenance Fitter,,scraped,2026-09-23T14:33:46.524861,
5f2359d327cc1055,https://au.linkedin.com/jobs/view/crypto-broker-at-trade-view-4469417440,Crypto Broker,Trade View,posted,2026-09-23T14:34:46.303182,762
dfeb0f0a77e50d55,https://au.linkedin.com/jobs/view/service-locator-at-fulton-hogan-4468516399,Service Locator,,scraped,2026-09-23T14:35:06.968192,
b5e6011c6d1bee12,https://au.linkedin.com/jobs/view/account-executive-saas-brisbane-remote-at-bespokeiq-4470230957,Account Executive | SaaS | Brisbane/remote,,scraped,2026-09-23T14:35:16.456428,
5acee4e7fdd35b89,https://au.linkedin.com/jobs/view/product-manager-at-future-business-systems-pimdrop-4469401867,Product Manager,,scraped,2026-09-23T14:35:41.096059,
bab6f5fc8d6849f1,https://au.linkedin.com/jobs/view/bus-drivers-at-metro-tasmania-pty-ltd-4470925637,Bus Drivers,,scraped,2026-09-23T14:35:47.362237,
d4b9b526591d7f12,https://au.linkedin.com/jobs/view/sales-development-representative-at-heidi-4470905405,Sales Development Representative,,scraped,2026-09-23T14:35:55.050031,
1c09a21d08347305,https://au.linkedin.com/jobs/view/in-store-visual-merchandiser-cotton-on-moorabbin-at-cotton-on-group-4451398708,In Store Visual Merchandiser - Cotton On Moorabbin,,scraped,2026-09-23T14:36:02.026245,
f6629ee9380321f1,https://au.linkedin.com/jobs/view/store-manager-typo-birkenhead-point-at-cotton-on-group-4443105672,Store Manager - Typo Birkenhead Point,,scraped,2026-09-23T14:36:16.786116,
d9300606b41abaa9,https://au.linkedin.com/jobs/view/smokemart-gift-box-mirrabooka-sales-assistant-at-smokemart-giftbox-4470906795,Smokemart & Gift Box Mirrabooka - Sales Assistant,,scraped,2026-09-23T14:36:35.361106,
107f10de7419127d,https://au.linkedin.com/jobs/view/restaurant-manager-mawson-lakes-at-nando-s-australia-new-zealand-4470681553,Restaurant Manager - Mawson Lakes,,scraped,2026-09-23T14:36:42.495248,
585674ab60496cdb,https://au.linkedin.com/jobs/view/retail-store-manager-every-sunday-off-diggers-rest-new-store-at-the-reject-shop-4459922967,Retail Store Manager - Every Sunday Off - Diggers Rest (New Store),,scraped,2026-09-23T14:36:55.845101,
ec588542acf31d66,https://au.linkedin.com/jobs/view/store-manager-capalaba-qld-at-beacon-lighting-4468959053,Store Manager Capalaba QLD,,scraped,2026-09-23T14:37:08.391427,
43b8c422f4ee790c,https://au.linkedin.com/jobs/view/business-development-executive-at-orbit-consulting-australia-pty-ltd-4468997840,Business Development Executive,Orbit Consulting Australia Pty Ltd,posted,2026-09-23T14:37:47.240272,667
fb0a5cdb69b931a9,https://au.linkedin.com/jobs/view/reservation-support-agent-%E2%80%93-remote-at-remote-careers-4469436345,Reservation Support Agent – Remote,Remote-careers,posted,2026-09-23T14:38:06.033204,764
0086641c1d1ee796,https://au.linkedin.com/jobs/view/retail-store-manager-launceston-tasmania-at-ghanda-clothing-4468991197,Retail Store Manager -   Launceston TASMANIA,,scraped,2026-09-23T14:38:30.713036,
e6d1a9da035a6102,https://au.linkedin.com/jobs/view/booking-services-coordinator-%E2%80%93-remote-at-remote-careers-4469437326,Booking Services Coordinator – Remote,Remote-careers,posted,2026-09-23T14:38:43.639548,766
271264ad65fc6aec,https://au.linkedin.com/jobs/view/manager-sales-engineering-at-crowdstrike-4453025208,"Manager, Sales Engineering",CrowdStrike,posted,2026-09-23T14:39:19.788487,768
5832b914326585e8,https://au.linkedin.com/jobs/view/business-development-manager-at-skutopia-4468987591,Business Development Manager,,scraped,2026-09-23T14:39:28.487068,
3c7149ce73ef3156,https://au.linkedin.com/jobs/view/payroll-specialist-ii-at-dayforce-4469308167,Payroll Specialist II,Dayforce,posted,2026-09-23T14:40:02.795690,770
9abf7bef7f08ea89,https://au.linkedin.com/jobs/view/expression-of-interest-leadership-sydney-metro-at-spotlight-retail-group-srg-4469310243,Expression of Interest - Leadership - Sydney Metro,,scraped,2026-09-23T14:40:10.136642,
f34288a29508346f,https://au.linkedin.com/jobs/view/region-security-manager-apac-at-jacobs-4470690184,Region Security Manager - APAC,Jacobs,posted,2026-09-23T14:40:28.745438,772
b30f4958475f31ff,https://au.linkedin.com/jobs/view/full-time-assistant-store-manager-prouds-wynnum-at-jpl-group-4468980343,Full Time Assistant Store Manager | Prouds Wynnum,JPL Group,posted,2026-09-23T14:41:02.258274,774
f5754f1ce77df541,https://au.linkedin.com/jobs/view/account-executive-at-pgr-recruitment-4469411502,Account Executive,PGR Recruitment,posted,2026-09-23T14:41:30.603854,205
045d41b66fbfc4f3,https://au.linkedin.com/jobs/view/recruitment-consultant-at-anzuk-education-australia-4469071780,Recruitment Consultant,ANZUK Education Australia,posted,2026-09-23T14:41:46.268327,776
0ee6da9fc6510319,https://au.linkedin.com/jobs/view/case-manger-at-dxc-technology-4451667163,Case Manger,DXC Technology,posted,2026-09-23T14:41:58.771124,778
f8997bee2097c9ae,https://au.linkedin.com/jobs/view/department-manager-upper-coomera-at-spotlight-retail-group-srg-4469310244,Department Manager - Upper Coomera,,scraped,2026-09-23T14:42:03.447932,
9a750670972f477d,https://au.linkedin.com/jobs/view/restaurant-team-leader-pre-opening-at-andaz-4462162029,Restaurant Team Leader (Pre-Opening),Andaz,posted,2026-09-23T14:42:28.215753,780
d39ad80e7d8cf9df,https://au.linkedin.com/jobs/view/department-manager-lidcombe-at-spotlight-ltd-4468979435,Department Manager- Lidcombe,,scraped,2026-09-23T14:42:31.999553,
02707b00347d4b4f,https://au.linkedin.com/jobs/view/assistant-store-manager-ballina-at-aldi-stores-australia-4470903183,Assistant Store Manager - Ballina,,scraped,2026-09-23T14:42:58.522769,
a5a64fb1c79976fd,https://au.linkedin.com/jobs/view/assistant-restaurant-manager-west-lakes-at-nando-s-australia-new-zealand-4470685415,Assistant Restaurant Manager - West Lakes,,scraped,2026-09-23T14:43:15.535783,
89af44836ea6f27e,https://au.linkedin.com/jobs/view/business-development-representative-business-development-at-denodo-4469403759,"Business Development Representative, Business Development",Denodo,posted,2026-09-23T14:43:28.477280,746
5b2e4ff2d4d41cc6,https://au.linkedin.com/jobs/view/digital-agency-account-manager-%2475k-%2490k-at-social-status-%C2%AE-4468991421,Digital Agency Account Manager ($75k-$90k),,scraped,2026-09-23T14:43:47.961230,
ba35e984b885bc5e,https://au.linkedin.com/jobs/view/sales-development-representative-at-heidi-4470693933,Sales Development Representative,,scraped,2026-09-23T14:44:16.120171,
16beb15e5d0a53be,https://au.linkedin.com/jobs/view/condition-monitoring-technician-at-srg-global-4469424551,Condition Monitoring Technician,,scraped,2026-09-23T14:44:57.018618,
e80744d6fcec1c27,https://au.linkedin.com/jobs/view/bench-store-manager-every-sunday-off-arndale-at-the-reject-shop-4432313537,"Bench Store Manager, Every Sunday Off, Arndale",,scraped,2026-09-23T14:45:24.286728,
5bc91e9f606e3b91,https://au.linkedin.com/jobs/view/civil-estimator-at-zeal-engineering-4470688185,Civil Estimator,,scraped,2026-09-23T14:45:46.140814,
379d4bd91593510e,https://au.linkedin.com/jobs/view/business-development-specialist-mandarin-speaking-at-hungrypanda-ltd-%E7%86%8A%E7%8C%AB%E5%A4%96%E5%8D%96-4469414889,Business development specialist (mandarin speaking),,scraped,2026-09-23T14:45:56.824641,
92306adff6064bb7,https://au.linkedin.com/jobs/view/platypus-store-manager-singleton-at-platypus-shoes-4470919348,Platypus Store Manager - SIngleton,,scraped,2026-09-23T14:46:11.812979,
44c64d7fc1fc1745,https://au.linkedin.com/jobs/view/sales-development-coordinator-ii-at-dynatrace-4470902776,Sales Development Coordinator II,Dynatrace,posted,2026-09-23T14:46:28.219388,782
c548d2a998213c4f,https://au.linkedin.com/jobs/view/reddy-express-fitzroy-crossing-roadhouse-customer-service-representative-at-otr-4469423939,Reddy Express Fitzroy Crossing Roadhouse - Customer Service Representative,,scraped,2026-09-23T14:46:30.794709,
0a1c5ec5e7571f9a,https://au.linkedin.com/jobs/view/account-manager-at-smc-corporation-australia-and-new-zealand-4470652673,Account Manager,,scraped,2026-09-23T14:46:46.439721,
65c3f6cfb16d086f,https://au.linkedin.com/jobs/view/business-development-representative-at-docusign-4451660871,Business Development Representative,Docusign,posted,2026-09-23T14:47:02.377327,169
80e4e6659c069d6c,https://au.linkedin.com/jobs/view/retail-sales-assistant-mackay-at-lorna-jane-4469447089,Retail Sales Assistant - Mackay,,scraped,2026-09-23T14:47:05.112292,
75b3ceb935183660,https://au.linkedin.com/jobs/view/pastry-chef-4469428135,Pastry Chef,PD Foods Pty Ltd t/a Albion bakehouse,posted,2026-09-23T14:47:24.103185,784
b02af56f8266c884,https://au.linkedin.com/jobs/view/store-manager-at-sunglass-hut-4469428876,Store Manager,Sunglass Hut,posted,2026-09-23T14:47:31.694440,127
499d0a48c5090530,https://au.linkedin.com/jobs/view/chef-de-partie-perth-airport-at-delaware-north-australia-new-zealand-4459546674,"Chef de Partie, Perth Airport",,scraped,2026-09-23T14:47:41.280149,
e733093a4de4d056,https://au.linkedin.com/jobs/view/food-beverage-supervisor-at-novotel-hotels-4469428305,Food & Beverage Supervisor,,scraped,2026-09-23T14:47:49.498102,
7e8203df0aaa856a,https://au.linkedin.com/jobs/view/assistant-manager-queensland-at-alh-hotels-4424321731,Assistant Manager - QUEENSLAND,,scraped,2026-09-23T14:47:59.110371,
39cb54c7a5aa5b11,https://au.linkedin.com/jobs/view/assistant-restaurant-manager-at-guzman-y-gomez-mexican-kitchen-4468996426,Assistant Restaurant Manager,,scraped,2026-09-23T14:48:05.515372,
d1f8f76023088128,https://au.linkedin.com/jobs/view/store-manager-factorie-north-lakes-at-cotton-on-group-4461701283,Store Manager - Factorie North Lakes,,scraped,2026-09-23T14:48:52.143238,
c646a1ea8ab0fa8f,https://au.linkedin.com/jobs/view/senior-planning-consultant-at-urbis-4462114275,Senior Planning Consultant,,scraped,2026-09-23T14:49:09.853128,
8f8e02e754540780,https://au.linkedin.com/jobs/view/administrator-at-square-capital-%E6%99%82%E7%9F%B3%E8%AD%89%E5%88%B8-4469437199,Administrator,Square Capital | 時石證券,posted,2026-09-23T14:49:35.693554,786
ebf93b67e4654947,https://au.linkedin.com/jobs/view/assistant-store-manager-rebel-doncaster-at-rebel-sport-4451634062,Assistant Store Manager - rebel Doncaster,,scraped,2026-09-23T14:49:40.354679,
ce4ef0301ae87def,https://au.linkedin.com/jobs/view/centre-director-assistant-centre-director-elizabeth-vale-at-bright-steps-academy-australia-4470920435,Centre Director & Assistant Centre Director | Elizabeth Vale,,scraped,2026-09-23T14:50:01.058562,
16cb06d15a34308e,https://au.linkedin.com/jobs/view/land-sales-coordinator-adelaide-at-hickinbotham-group-4469307933,Land Sales Coordinator Adelaide,,scraped,2026-09-23T14:50:14.892860,
5a11cabc0da049c1,https://au.linkedin.com/jobs/view/concierge-customer-service-specialist-full-time-at-avis-budget-group-4469401115,Concierge / Customer Service Specialist (Full-Time),Avis Budget Group,posted,2026-09-23T14:50:37.316633,788
bc6aa0b171148c79,https://www.linkedin.com/jobs/view/cashier-at-the-home-depot-4384671812,Cashier,The Home Depot,failed|wp_post_failed,2026-09-23T19:19:10.273042,
18d4b28b2e4db3b7,https://www.linkedin.com/jobs/view/cashier-at-the-home-depot-4384673907,Cashier,The Home Depot,failed|wp_post_failed,2026-09-23T19:19:18.925346,
99ec679336c97717,https://in.linkedin.com/jobs/view/hotel-cleanliness-expert-at-w-hotels-4463725790,Hotel Cleanliness Expert,W Hotels,failed|wp_post_failed,2026-09-23T19:19:29.594431,
dd8d651b10ab5c91,https://ca.linkedin.com/jobs/view/tool-tech-full-time-nepean-at-the-home-depot-canada-4468777632,Tool Tech - Full Time (Nepean),,scraped,2026-09-23T19:19:32.238269,
6d49eb80b8e0fc3e,https://www.linkedin.com/jobs/view/crew-member-at-chipotle-mexican-grill-4458720703,Crew Member,Chipotle Mexican Grill,failed|wp_post_failed,2026-09-23T19:19:44.944509,
fdbee82b1c720d9f,https://www.linkedin.com/jobs/view/crew-member-at-chipotle-mexican-grill-4461108263,Crew Member,Chipotle Mexican Grill,failed|wp_post_failed,2026-09-23T19:19:53.913184,
cc8f2b856fa77fa6,https://gh.linkedin.com/jobs/view/circuit-court-judges-at-judicial-service-of-ghana-4168527064,Circuit Court Judges,,scraped,2026-09-23T19:19:56.445583,
bb8c7bc99c23cd2d,https://gh.linkedin.com/jobs/view/high-court-judge-at-judicial-service-of-ghana-4168512547,High Court Judge,,scraped,2026-09-23T19:20:08.327380,
a55e02b2c726b8db,https://www.linkedin.com/jobs/view/cashier-at-the-home-depot-4384680792,Cashier,The Home Depot,failed|wp_post_failed,2026-09-23T19:20:24.794345,
02feebef815d7783,https://www.linkedin.com/jobs/view/cashier-at-the-home-depot-4384296996,Cashier,The Home Depot,failed|wp_post_failed,2026-09-23T19:20:33.775562,
ac569d7e294136fa,https://www.linkedin.com/jobs/view/cashier-at-the-home-depot-4384680923,Cashier,The Home Depot,failed|wp_post_failed,2026-09-23T19:20:42.518966,
fb2448a35e561780,https://www.linkedin.com/jobs/view/warehouse-maintenance-associate-at-the-home-depot-4304589778,Warehouse Maintenance Associate,The Home Depot,failed|wp_post_failed,2026-09-23T19:20:51.250418,
e999f17bd25544eb,https://www.linkedin.com/jobs/view/cashier-at-the-home-depot-4384680541,Cashier,The Home Depot,failed|wp_post_failed,2026-09-23T19:20:59.891977,
7d9d21d9118a6227,https://www.linkedin.com/jobs/view/cashier-at-the-home-depot-4384686574,Cashier,The Home Depot,failed|wp_post_failed,2026-09-23T19:21:08.651623,
4231ff7851f7eaba,https://www.linkedin.com/jobs/view/cashier-at-the-home-depot-4384699449,Cashier,The Home Depot,failed|wp_post_failed,2026-09-23T19:21:17.247271,
5829b19433096f3d,https://www.linkedin.com/jobs/view/cashier-at-the-home-depot-4384697154,Cashier,The Home Depot,failed|wp_post_failed,2026-09-23T19:21:26.034684,
bfc67debd6d28a55,https://www.linkedin.com/jobs/view/cashier-at-the-home-depot-4384678871,Cashier,The Home Depot,failed|wp_post_failed,2026-09-23T19:21:34.773950,
ce1443654363a4c7,https://www.linkedin.com/jobs/view/cashier-at-the-home-depot-4384640535,Cashier,The Home Depot,failed|wp_post_failed,2026-09-23T19:21:43.401099,
b12a2d41b27339a6,https://www.linkedin.com/jobs/view/cashier-at-the-home-depot-4384698027,Cashier,The Home Depot,failed|wp_post_failed,2026-09-23T19:21:51.899262,
bd2e87e18b8537b7,https://www.linkedin.com/jobs/view/cashier-at-the-home-depot-4384694384,Cashier,The Home Depot,failed|wp_post_failed,2026-09-23T19:22:00.566753,
40f94321fa7c552c,https://www.linkedin.com/jobs/view/cashier-at-the-home-depot-4384676644,Cashier,The Home Depot,failed|wp_post_failed,2026-09-23T19:22:09.515502,
60d43ef5cd996397,https://www.linkedin.com/jobs/view/cashier-at-the-home-depot-4384689280,Cashier,The Home Depot,failed|wp_post_failed,2026-09-23T19:22:18.257115,
144fe5d5e94b83fd,https://www.linkedin.com/jobs/view/cashier-at-the-home-depot-4384685732,Cashier,The Home Depot,failed|wp_post_failed,2026-09-23T19:22:26.976545,
329f0c18a6e2a3e5,https://www.linkedin.com/jobs/view/cashier-at-the-home-depot-4384691535,Cashier,The Home Depot,failed|wp_post_failed,2026-09-23T19:22:35.658351,
86e22eda212a81ec,https://www.linkedin.com/jobs/view/cashier-at-the-home-depot-4384900050,Cashier,The Home Depot,failed|wp_post_failed,2026-09-23T19:22:44.412133,
9db45475e3d449b1,https://www.linkedin.com/jobs/view/cashier-at-the-home-depot-4384693080,Cashier,The Home Depot,failed|wp_post_failed,2026-09-23T19:22:52.889360,
1ba226d52aa23ee2,https://www.linkedin.com/jobs/view/cashier-at-the-home-depot-4384697471,Cashier,The Home Depot,failed|wp_post_failed,2026-09-23T19:23:01.517780,
c66de6cf603d30ba,https://www.linkedin.com/jobs/view/cashier-at-the-home-depot-4384698625,Cashier,The Home Depot,failed|wp_post_failed,2026-09-23T19:23:10.163990,
27d661f4b71775b2,https://www.linkedin.com/jobs/view/warehouse-maintenance-associate-at-the-home-depot-4304597197,Warehouse Maintenance Associate,The Home Depot,failed|wp_post_failed,2026-09-23T19:23:18.962518,
3a98253d4feb024b,https://www.linkedin.com/jobs/view/cashier-at-the-home-depot-4384637642,Cashier,The Home Depot,failed|wp_post_failed,2026-09-23T19:23:27.516735,
5c7f88de102c510f,https://www.linkedin.com/jobs/view/cashier-at-the-home-depot-4384682761,Cashier,The Home Depot,failed|wp_post_failed,2026-09-23T19:23:36.237398,
c81fab48e2d7e571,https://www.linkedin.com/jobs/view/cashier-at-the-home-depot-4384680709,Cashier,The Home Depot,failed|wp_post_failed,2026-09-23T19:23:44.985009,
16eb15436b849109,https://www.linkedin.com/jobs/view/cashier-at-the-home-depot-4384688363,Cashier,The Home Depot,failed|wp_post_failed,2026-09-23T19:23:53.802306,
65c2e450ffb81e2c,https://www.linkedin.com/jobs/view/cashier-at-the-home-depot-4384683826,Cashier,The Home Depot,scraped,2026-09-23T19:23:57.878718,
36b2626f99b1d6d6,https://www.linkedin.com/jobs/view/cashier-at-the-home-depot-4384672881,Cashier,The Home Depot,failed|wp_post_failed,2026-09-23T19:24:06.726366,
8456461c85845b49,https://www.linkedin.com/jobs/view/cashier-at-the-home-depot-4384692107,Cashier,The Home Depot,failed|wp_post_failed,2026-09-23T19:24:15.224681,
b4691e0677dfec47,https://www.linkedin.com/jobs/view/cashier-at-the-home-depot-4384681989,Cashier,The Home Depot,failed|wp_post_failed,2026-09-23T19:24:23.847148,
99669970bf6a4e21,https://www.linkedin.com/jobs/view/cashier-at-the-home-depot-4384682580,Cashier,The Home Depot,failed|wp_post_failed,2026-09-23T19:24:32.331530,
5289248ec37fc6d0,https://www.linkedin.com/jobs/view/cashier-at-the-home-depot-4384699575,Cashier,The Home Depot,failed|wp_post_failed,2026-09-23T19:24:41.077260,
ec3c57218b9a7d3f,https://www.linkedin.com/jobs/view/cashier-at-the-home-depot-4384681897,Cashier,The Home Depot,failed|wp_post_failed,2026-09-23T19:24:49.697559,
70de7a29f33c6ba7,https://www.linkedin.com/jobs/view/warehouse-maintenance-associate-at-the-home-depot-4304806024,Warehouse Maintenance Associate,The Home Depot,failed|wp_post_failed,2026-09-23T19:24:58.388376,
db7ab5286b7efbdb,https://www.linkedin.com/jobs/view/warehouse-maintenance-associate-at-the-home-depot-4304592244,Warehouse Maintenance Associate,The Home Depot,scraped,2026-09-23T19:25:02.640126,
db43cbfea69122ca,https://www.linkedin.com/jobs/view/cashier-at-the-home-depot-4384674608,Cashier,The Home Depot,failed|wp_post_failed,2026-09-23T19:25:11.497774,
c42bfd6d2640e702,https://www.linkedin.com/jobs/view/cashier-at-the-home-depot-4384688143,Cashier,The Home Depot,failed|wp_post_failed,2026-09-23T19:25:20.328339,
10ca06fddbfd821a,https://www.linkedin.com/jobs/view/cashier-at-the-home-depot-4384680677,Cashier,The Home Depot,failed|wp_post_failed,2026-09-23T19:25:29.064923,
4710a55440890644,https://www.linkedin.com/jobs/view/cashier-at-the-home-depot-4384672720,Cashier,The Home Depot,failed|wp_post_failed,2026-09-23T19:25:37.781672,
c6993448bcffd3df,https://www.linkedin.com/jobs/view/cashier-at-the-home-depot-4384684514,Cashier,The Home Depot,failed|wp_post_failed,2026-09-23T19:25:46.422442,
37172b04d849f23f,https://www.linkedin.com/jobs/view/cashier-at-the-home-depot-4384687367,Cashier,The Home Depot,failed|wp_post_failed,2026-09-23T19:25:55.072340,
600333fbcf4df090,https://www.linkedin.com/jobs/view/cashier-at-the-home-depot-4384684810,Cashier,The Home Depot,failed|wp_post_failed,2026-09-23T19:26:03.688176,
b1927a55e60dbbed,https://www.linkedin.com/jobs/view/cashier-at-the-home-depot-4384696079,Cashier,The Home Depot,failed|wp_post_failed,2026-09-23T19:26:12.395719,
c100e656fd8e18d6,https://www.linkedin.com/jobs/view/cashier-at-the-home-depot-4384693120,Cashier,The Home Depot,failed|wp_post_failed,2026-09-23T19:26:21.357883,
2a678c8b425e1211,https://www.linkedin.com/jobs/view/cashier-at-the-home-depot-4384689627,Cashier,The Home Depot,failed|wp_post_failed,2026-09-23T19:26:30.192815,
a02c8181729da241,https://www.linkedin.com/jobs/view/cashier-at-the-home-depot-4384691688,Cashier,The Home Depot,failed|wp_post_failed,2026-09-23T19:26:38.805608,
0ffbe98c94952aa1,https://www.linkedin.com/jobs/view/cashier-at-the-home-depot-4384686793,Cashier,The Home Depot,failed|wp_post_failed,2026-09-23T19:26:47.550733,
b845dd7a859c31e3,https://www.linkedin.com/jobs/view/cashier-at-the-home-depot-4384673570,Cashier,The Home Depot,failed|wp_post_failed,2026-09-23T19:26:56.309936,
c5a49cf0f005de7c,https://www.linkedin.com/jobs/view/cashier-at-the-home-depot-4384673906,Cashier,The Home Depot,failed|wp_post_failed,2026-09-23T19:27:05.113412,
b8ee04a3acb87e77,https://www.linkedin.com/jobs/view/cashier-at-the-home-depot-4384674778,Cashier,The Home Depot,scraped,2026-09-23T19:27:09.216097,
cfec8ef7ad82acb4,https://www.linkedin.com/jobs/view/cashier-at-the-home-depot-4384680612,Cashier,The Home Depot,failed|wp_post_failed,2026-09-23T19:27:17.980798,
c107625e6e960f21,https://www.linkedin.com/jobs/view/cashier-at-the-home-depot-4384693310,Cashier,The Home Depot,scraped,2026-09-23T19:27:22.088610,
f2164d9db3c5dad0,https://www.linkedin.com/jobs/view/cashier-at-the-home-depot-4384688558,Cashier,The Home Depot,failed|wp_post_failed,2026-09-23T19:27:30.755191,
1b11eff1a88c74b3,https://www.linkedin.com/jobs/view/cashier-at-the-home-depot-4384668955,Cashier,The Home Depot,failed|wp_post_failed,2026-09-23T19:27:39.315578,
ce4d52a0f3c33741,https://www.linkedin.com/jobs/view/cashier-at-the-home-depot-4384693347,Cashier,The Home Depot,failed|wp_post_failed,2026-09-23T19:27:47.977954,
efc09266ba4bf8cc,https://www.linkedin.com/jobs/view/cashier-at-the-home-depot-4384689241,Cashier,The Home Depot,failed|wp_post_failed,2026-09-23T19:27:56.632959,
1b3151b9cf2188a9,https://www.linkedin.com/jobs/view/cashier-at-the-home-depot-4384678577,Cashier,The Home Depot,scraped,2026-09-23T19:28:00.627170,
f6ca768f10df2c3f,https://www.linkedin.com/jobs/view/cashier-at-the-home-depot-4384906388,Cashier,The Home Depot,failed|wp_post_failed,2026-09-23T19:28:09.435262,
d98ddd329a8befd3,https://www.linkedin.com/jobs/view/cashier-at-the-home-depot-4384681784,Cashier,The Home Depot,failed|wp_post_failed,2026-09-23T19:28:18.243181,
6bf466d9d6bc17df,https://www.linkedin.com/jobs/view/cashier-at-the-home-depot-4384631800,Cashier,The Home Depot,failed|wp_post_failed,2026-09-23T19:28:26.888539,
1c01f86f2d145d28,https://www.linkedin.com/jobs/view/cashier-at-the-home-depot-4384672685,Cashier,The Home Depot,failed|wp_post_failed,2026-09-23T19:28:35.624872,
7d741f994a470d6a,https://www.linkedin.com/jobs/view/cashier-at-the-home-depot-4384902108,Cashier,The Home Depot,failed|wp_post_failed,2026-09-23T19:28:44.397289,
1780acf09af98e04,https://www.linkedin.com/jobs/view/cashier-at-the-home-depot-4384672669,Cashier,The Home Depot,failed|wp_post_failed,2026-09-23T19:28:53.123745,
99a3c54d3bf02f13,https://www.linkedin.com/jobs/view/cashier-at-the-home-depot-4384690289,Cashier,The Home Depot,failed|wp_post_failed,2026-09-23T19:29:01.735892,
6dc70841f1cc3e39,https://www.linkedin.com/jobs/view/cashier-at-the-home-depot-4384694179,Cashier,The Home Depot,failed|wp_post_failed,2026-09-23T19:29:10.442866,
4248e8b29a7fb63b,https://www.linkedin.com/jobs/view/cashier-at-the-home-depot-4384674894,Cashier,The Home Depot,failed|wp_post_failed,2026-09-23T19:29:19.254043,
0675a72f418442cd,https://www.linkedin.com/jobs/view/cashier-at-the-home-depot-4384686207,Cashier,The Home Depot,failed|wp_post_failed,2026-09-23T19:29:27.813034,
c79d7ba8ea4fd11b,https://www.linkedin.com/jobs/view/cashier-at-the-home-depot-4384697019,Cashier,The Home Depot,failed|wp_post_failed,2026-09-23T19:29:36.553152,
23b5057cc7629d09,https://www.linkedin.com/jobs/view/cashier-at-the-home-depot-4384691155,Cashier,The Home Depot,failed|wp_post_failed,2026-09-23T19:29:45.108371,
d5158b4bcc4b809f,https://www.linkedin.com/jobs/view/cashier-at-the-home-depot-4384679596,Cashier,The Home Depot,failed|wp_post_failed,2026-09-23T19:29:53.672657,
77f023613530253c,https://www.linkedin.com/jobs/view/cashier-at-the-home-depot-4384681530,Cashier,The Home Depot,failed|wp_post_failed,2026-09-23T19:30:02.865405,
efe4f6afb146d27d,https://www.linkedin.com/jobs/view/cashier-at-the-home-depot-4384900098,Cashier,The Home Depot,failed|wp_post_failed,2026-09-23T19:30:11.728101,
6fb0faadccc6b814,https://www.linkedin.com/jobs/view/cashier-at-the-home-depot-4384689714,Cashier,The Home Depot,failed|wp_post_failed,2026-09-23T19:30:20.307670,
f9c6231c160f8894,https://www.linkedin.com/jobs/view/cashier-at-the-home-depot-4384675845,Cashier,The Home Depot,failed|wp_post_failed,2026-09-23T19:30:29.062547,
a3245be0acea1ddf,https://www.linkedin.com/jobs/view/cashier-at-the-home-depot-4384689212,Cashier,The Home Depot,failed|wp_post_failed,2026-09-23T19:30:37.549575,
37f18169691825cf,https://www.linkedin.com/jobs/view/cashier-at-the-home-depot-4384697143,Cashier,The Home Depot,failed|wp_post_failed,2026-09-23T19:30:46.571138,
c03f4f555bb8cc28,https://www.linkedin.com/jobs/view/cashier-at-the-home-depot-4384669977,Cashier,The Home Depot,failed|wp_post_failed,2026-09-23T19:30:56.132853,
dadf5d5ac665391b,https://www.linkedin.com/jobs/view/cashier-at-the-home-depot-4384693153,Cashier,The Home Depot,failed|wp_post_failed,2026-09-23T19:31:05.213495,
2add0d1cf1795440,https://www.linkedin.com/jobs/view/cashier-at-the-home-depot-4384680550,Cashier,The Home Depot,failed|wp_post_failed,2026-09-23T19:31:14.175426,
0885d9ff7f68cbe1,https://www.linkedin.com/jobs/view/cashier-at-the-home-depot-4384695230,Cashier,The Home Depot,failed|wp_post_failed,2026-09-23T19:31:22.839456,
4495fa2504a7a7c7,https://www.linkedin.com/jobs/view/cashier-at-the-home-depot-4384692378,Cashier,The Home Depot,failed|wp_post_failed,2026-09-23T19:31:31.590882,
38f1ba2c17cf34b6,https://www.linkedin.com/jobs/view/cashier-at-the-home-depot-4384676945,Cashier,The Home Depot,failed|wp_post_failed,2026-09-23T19:31:40.380260,
09cc21f2e669e33a,https://www.linkedin.com/jobs/view/cashier-at-the-home-depot-4384687450,Cashier,The Home Depot,failed|wp_post_failed,2026-09-23T19:31:49.142791,
ccc817a809525c31,https://www.linkedin.com/jobs/view/cashier-at-the-home-depot-4384692172,Cashier,The Home Depot,scraped,2026-09-23T19:31:53.191226,
ae13b4d19e7c9d22,https://www.linkedin.com/jobs/view/cashier-at-the-home-depot-4384672868,Cashier,The Home Depot,failed|wp_post_failed,2026-09-23T19:32:01.726780,
aa4ffbc6a940696c,https://www.linkedin.com/jobs/view/cashier-at-the-home-depot-4384686631,Cashier,The Home Depot,failed|wp_post_failed,2026-09-23T19:32:10.411695,
9548c5e0d6b8692f,https://www.linkedin.com/jobs/view/cashier-at-the-home-depot-4384686583,Cashier,The Home Depot,failed|wp_post_failed,2026-09-23T19:32:18.953165,
68179b1d75b0ae8d,https://www.linkedin.com/jobs/view/cashier-at-the-home-depot-4384679965,Cashier,The Home Depot,failed|wp_post_failed,2026-09-23T19:32:27.568040,
9a4f876303975594,https://www.linkedin.com/jobs/view/crew-member-at-chipotle-mexican-grill-4461111195,Crew Member,Chipotle Mexican Grill,failed|wp_post_failed,2026-09-23T19:32:36.314766,
0f32a9d8218beeee,https://www.linkedin.com/jobs/view/cashier-at-the-home-depot-4384678831,Cashier,The Home Depot,failed|wp_post_failed,2026-09-23T19:32:45.013555,
e82000c6c14d1c48,https://www.linkedin.com/jobs/view/warehouse-maintenance-associate-at-the-home-depot-4384267372,Warehouse Maintenance Associate,The Home Depot,failed|wp_post_failed,2026-09-23T19:32:54.102008,
4d8cf3b1b709da0c,https://www.linkedin.com/jobs/view/cashier-at-the-home-depot-4384911198,Cashier,The Home Depot,failed|wp_post_failed,2026-09-23T19:33:02.888450,
b93c6602b5f1288c,https://au.linkedin.com/jobs/view/bid-executive-at-careeraiforge-4470968435,Bid Executive,careerAIForge,failed|wp_post_failed,2026-09-23T19:33:13.981312,
a00e7f5ac97aa764,https://au.linkedin.com/jobs/view/commercial-property-valuer-at-opteon-aus-nz-4411192951,Commercial Property Valuer,,scraped,2026-09-23T19:33:32.647986,
cae8b9f9d3764ec7,https://au.linkedin.com/jobs/view/assistant-store-manager-nowra-at-pandora-4469336191,Assistant Store Manager Nowra,,scraped,2026-09-23T19:35:37.781162,
a75271520c286455,https://au.linkedin.com/jobs/view/tool-and-die-maker-at-sdm-composites-4468933871,Tool and Die Maker,SDM Composites,failed|wp_post_failed,2026-09-23T19:36:52.026848,
b88720d1b9730b8e,https://au.linkedin.com/jobs/view/ndd-operator-at-locale-civil-4462114522,NDD Operator,,scraped,2026-09-23T19:36:56.742632,
8cb884b3ed0eb588,https://au.linkedin.com/jobs/view/behaviour-support-practitioner-penrith-at-real-therapy-solutions-4470685502,Behaviour Support Practitioner | Penrith,,scraped,2026-09-23T19:38:55.360331,
08cc3f5ee7dad509,https://au.linkedin.com/jobs/view/cabinet-vision-drafter-at-w3global-4469425395,Cabinet Vision Drafter,W3Global,failed|wp_post_failed,2026-09-23T19:40:08.705127,
5c7476750bd3b942,https://au.linkedin.com/jobs/view/maintenance-officer-at-anglicare-sydney-4462148150,Maintenance Officer,,scraped,2026-09-23T19:40:36.178960,
9ad6c27d1bc8603e,https://au.linkedin.com/jobs/view/store-manager-cotton-on-castle-hill-mega-at-cotton-on-group-4434436098,Store Manager - Cotton On Castle Hill Mega,,scraped,2026-09-23T19:40:43.419747,
b302923899768182,https://au.linkedin.com/jobs/view/assistant-store-manager-opsm-bunbury-centerpoint-wa-at-opsm-4469098436,"Assistant Store Manager | OPSM Bunbury Centerpoint, WA",,scraped,2026-09-23T19:41:34.122522,
e28f990104ba7916,https://au.linkedin.com/jobs/view/marketing-executive-mandarin-speaking-at-hungrypanda-ltd-%E7%86%8A%E7%8C%AB%E5%A4%96%E5%8D%96-4468976647,Marketing Executive (Mandarin Speaking),,scraped,2026-09-23T19:42:03.685104,
fbb21b108cdffda1,https://au.linkedin.com/jobs/view/sales-trader-broker-at-trade-view-4469411924,Sales Trader / Broker,Trade View,failed|wp_post_failed,2026-09-23T19:42:41.607453,
4ba1f13b0ce4e63f,https://au.linkedin.com/jobs/view/field-service-technician-at-world-mode-australia-pty-ltd-4469008534,Field Service Technician,,scraped,2026-09-23T19:42:54.289196,
8d8e96e67306a7fe,https://au.linkedin.com/jobs/view/accounts-payable-and-billing-officer-at-ecg-engineering-pty-ltd-4470634221,Accounts Payable and Billing Officer,,scraped,2026-09-23T19:43:04.944312,
9af7b691e537771d,https://au.linkedin.com/jobs/view/product-compliance-specialist-bcf-and-super-retail-group-at-super-retail-group-4469434537,Product Compliance Specialist | BCF and Super Retail Group,,scraped,2026-09-23T19:43:29.851199,
b1265e92f88eff96,https://au.linkedin.com/jobs/view/manager-gtm-engineering-at-upguard-4449232008,"Manager, GTM Engineering",UpGuard,failed|wp_post_failed,2026-09-23T19:43:46.296370,
965f959a6cc742b4,https://au.linkedin.com/jobs/view/head-of-continuous-improvement-at-morton-philips-4467843082,Head of Continuous Improvement,,scraped,2026-09-23T19:44:00.934374,
1f930ce0bbdeab5b,https://au.linkedin.com/jobs/view/kmart-khub-katherine-assistant-store-manager-at-kmart-australia-limited-4457719023,Kmart Khub Katherine - Assistant Store Manager,Kmart Australia Limited,failed|wp_post_failed,2026-09-23T19:44:16.777931,
3c551d4306ff4f30,https://au.linkedin.com/jobs/view/retail-assistant-manager-new-farm-at-seed-heritage-4466658416,Retail Assistant Manager - New Farm,Seed Heritage,failed|wp_post_failed,2026-09-23T19:44:27.212446,
e9945f8a92a2d41e,https://au.linkedin.com/jobs/view/sales-travel-consultant-mt-ommaney-qld-at-flight-centre-4416097206,"Sales Travel Consultant - Mt Ommaney, QLD",,scraped,2026-09-23T19:44:29.940380,
72bd4cd983750f6b,https://au.linkedin.com/jobs/view/sales-travel-consultant-northwestern-sydney-nsw-at-flight-centre-4366675278,"Sales Travel Consultant - Northwestern Sydney, NSW",,scraped,2026-09-23T19:44:43.229064,
3320b2688c3f4051,https://au.linkedin.com/jobs/view/luxury-travel-consultant-%E2%80%93-flight-centre-%E2%80%93-australia-wide-at-flight-centre-4309303874,Luxury Travel Consultant – Flight Centre – Australia Wide,,scraped,2026-09-23T19:44:58.570510,
42bb3d3aecbb1e5d,https://au.linkedin.com/jobs/view/commercial-cleaner-at-servpro-of-vacaville-dixon-4471118298,Commercial Cleaner,SERVPRO of Vacaville / Dixon,failed|wp_post_failed,2026-09-23T22:34:15.872874,
dcbb3bb2ecda5a79,https://au.linkedin.com/jobs/view/assistant-manager-carringbah-at-kennards-self-storage-4469356251,Assistant Manager Carringbah,Kennards Self Storage,failed|wp_post_failed,2026-09-23T22:34:34.673286,
de9f6f92b634369a,https://au.linkedin.com/jobs/view/brandwatch-sales-development-representative-melbourne-at-prime-research-brazil-4469435233,"Brandwatch - Sales Development Representative, Melbourne",,scraped,2026-09-23T22:35:19.321591,
034ad047ff7f4bca,https://au.linkedin.com/jobs/view/electrician-at-proger-global-network-romania-4470935443,Electrician,Proger Global Network ROMANIA,failed|wp_post_failed,2026-09-23T22:35:48.126093,
4fc23b2dc7dc6795,https://au.linkedin.com/jobs/view/full-time-customer-service-and-sales-assistant-alexandria-nsw-at-beacon-lighting-4469344427,Full Time Customer Service and Sales Assistant Alexandria NSW,,scraped,2026-09-23T22:36:30.826678,
42a5efe9f16937b0,https://au.linkedin.com/jobs/view/apac-payroll-manager-at-slalom-4469601390,APAC Payroll Manager,Slalom,failed|wp_post_failed,2026-09-23T22:36:48.301768,
bda377da4017f91a,https://au.linkedin.com/jobs/view/customer-sales-service-repco-st-peters-full-time-at-repco-4462170377,Customer Sales & Service - Repco St Peters - Full Time,Repco,failed|wp_post_failed,2026-09-23T22:38:10.957161,
f138f87e4747f2d6,https://au.linkedin.com/jobs/view/financial-planning-and-analysis-analyst-at-territory-generation-4469344546,Financial Planning and Analysis Analyst,,scraped,2026-09-23T22:38:17.589996,
3ca97e8975c63fb1,https://au.linkedin.com/jobs/view/sales-travel-consultant-perth-inner-city-suburbs-at-flight-centre-travel-group-4461713657,Sales Travel Consultant - Perth Inner City Suburbs,,scraped,2026-09-23T22:38:37.415773,
48fcd0007ff957bf,https://au.linkedin.com/jobs/view/music-central-assistant-at-wme-4469026568,Music Central Assistant,WME,failed|wp_post_failed,2026-09-23T22:38:50.668288,
68235024fc93bf92,https://au.linkedin.com/jobs/view/store-manager-cotton-on-noosa-mega-at-cotton-on-group-4461590474,Store Manager - Cotton On Noosa Mega,,scraped,2026-09-23T22:39:11.383942,
e02ab52f5f24e8d8,https://au.linkedin.com/jobs/view/small-engine-mechanic-at-bunzl-australasia-4469407256,Small Engine Mechanic,,scraped,2026-09-23T22:39:17.850731,
cb8122a57e2be075,https://au.linkedin.com/jobs/view/ode-store-manager-at-stylerunner-4470680570,ODE Store Manager,Stylerunner,failed|wp_post_failed,2026-09-23T22:39:39.781992,
a27fb3eb6f42b70a,https://au.linkedin.com/jobs/view/store-manager-victoria-point-at-specsavers-4470671421,Store Manager - Victoria Point,,scraped,2026-09-23T22:39:50.526714,
cafe2ad39af6b2ad,https://au.linkedin.com/jobs/view/estimator-custom-homes-at-design-build-recruitment-4468190455,Estimator - Custom Homes,,scraped,2026-09-23T22:40:15.397875,
04cc54248b8b3292,https://au.linkedin.com/jobs/view/schedulers-at-qinetiq-australia-4452386078,Schedulers,,scraped,2026-09-23T22:40:22.242335,
8fdfeec2deb25c0f,https://au.linkedin.com/jobs/view/field-technician-at-tabcorp-4469858048,Field Technician,Tabcorp,failed|wp_post_failed,2026-09-23T22:41:22.241720,
1aa38b88c0f3eb17,https://au.linkedin.com/jobs/view/grill-master-westfield-knox-at-mad-mex-4469345466,Grill Master Westfield Knox,,scraped,2026-09-23T22:41:46.933360,
58ebdae93db67141,https://au.linkedin.com/jobs/view/hype-dc-store-manager-central-park-at-hype-dc-pty-limited-4470921353,Hype DC Store Manager - Central Park,HYPE DC Pty Limited,failed|wp_post_failed,2026-09-23T22:42:05.172886,
a73166a380534ab1,https://au.linkedin.com/jobs/view/otr-mt-barker-adelaide-rd-assistant-manager-at-otr-4470687690,OTR Mt Barker Adelaide Rd - Assistant Manager,,scraped,2026-09-23T22:42:17.806437,
a9e4eeaff1c83360,https://au.linkedin.com/jobs/view/telstra-retail-full-time-assistant-store-manager-darwin-at-telstra-4468181873,Telstra Retail: Full Time Assistant Store Manager DARWIN,,scraped,2026-09-23T22:42:27.724851,
32a6fd51d3ea156f,https://au.linkedin.com/jobs/view/eligibility-officer-workers-compensation-at-dxc-technology-4442287490,Eligibility Officer - Workers Compensation,DXC Technology,failed|wp_post_failed,2026-09-23T22:43:23.313853,
905a9b8674953fa6,https://au.linkedin.com/jobs/view/recruitment-manager-at-lskd-4469354382,Recruitment Manager,,scraped,2026-09-23T22:44:23.991279,
ff9c3f41e7c69cec,https://au.linkedin.com/jobs/view/staff-specialist-radiology-528384-at-department-of-health-tasmania-4453050680,Staff Specialist - Radiology (528384),"Department of Health, Tasmania",failed|wp_post_failed,2026-09-23T22:46:07.097130,
3874f878d51e7ac0,https://au.linkedin.com/jobs/view/product-engineer-at-wellio-4469485217,Product Engineer,,scraped,2026-09-23T22:46:23.817364,
b4ba99f14868773c,https://au.linkedin.com/jobs/view/jnr-account-executive-at-meltwater-4469490197,Jnr Account Executive*,Meltwater,failed|wp_post_failed,2026-09-23T22:47:13.078891,
95eac66bef191484,https://au.linkedin.com/jobs/view/product-engineer-at-wellio-4470985094,Product Engineer,,scraped,2026-09-23T22:47:59.768613,
b1e06cf8dfd78807,https://au.linkedin.com/jobs/view/store-manager-at-pvh-brands-australia-4469601527,Store Manager,,scraped,2026-09-23T22:48:20.175368,
70ab0c5ddcbb1d6b,https://au.linkedin.com/jobs/view/estimator-at-bretts-trade-timber-and-hardware-4470682762,Estimator,Bretts Trade Timber and Hardware,failed|wp_post_failed,2026-09-23T22:49:30.574954,
84b3913115982798,https://au.linkedin.com/jobs/view/store-manager-at-pvh-brands-australia-4469603523,Store Manager,,scraped,2026-09-23T22:49:47.272306,
711f4f034567606a,https://au.linkedin.com/jobs/view/manager-communications-acs-at-bureau-of-meteorology-4471116041,"Manager, Communications, ACS",,scraped,2026-09-23T22:50:10.024392,
f153373775249755,https://au.linkedin.com/jobs/view/full-time-cook-the-sun-hotel-at-australia-chef-migration-4471149830,Full Time Cook - The Sun Hotel,,scraped,2026-09-24T01:54:09.083458,
a2e262adff948f58,https://au.linkedin.com/jobs/view/retail-store-manager-tamworth-at-spendless-shoes-4467175960,Retail Store Manager Tamworth,,scraped,2026-09-24T01:54:35.576734,
720435f1ef3a138c,https://au.linkedin.com/jobs/view/radiographer-at-qscan-group-4471151817,Radiographer,,scraped,2026-09-24T01:54:44.198385,
ca85c12adcd55464,https://au.linkedin.com/jobs/view/trade-waitstaff-rafi-north-sydney-at-applejack-hospitality-4471153806,Trade Waitstaff | RAFI | North Sydney,,scraped,2026-09-24T01:55:54.722625,
d1276ad829255a11,https://au.linkedin.com/jobs/view/associate-recruitment-consultant-mining-recruitment-at-nucrew-4471149925,Associate Recruitment Consultant | Mining Recruitment,,scraped,2026-09-24T01:56:57.341623,
2c1523513dcc9105,https://au.linkedin.com/jobs/view/full-time-cook-the-bower-hotel-at-australia-chef-migration-4471145993,Full Time Cook - The Bower Hotel,,scraped,2026-09-24T01:57:41.956111,
8150fb545bbedec3,https://au.linkedin.com/jobs/view/full-time-cook-ashmont-inn-hotel-motel-at-australia-chef-migration-4471162301,Full Time Cook - Ashmont Inn Hotel Motel,,scraped,2026-09-24T01:57:50.175076,
240c447b37098be2,https://au.linkedin.com/jobs/view/trade-waitstaff-rafi-urbnsurf-sydney-olympic-park-at-applejack-hospitality-4471147945,Trade Waitstaff | RAFI URBNSURF | Sydney Olympic Park,,scraped,2026-09-24T01:58:05.742759,
88e8cb47f16a93e3,https://au.linkedin.com/jobs/view/breast-sonographer-at-qscan-group-4471152871,Breast Sonographer,,scraped,2026-09-24T01:58:14.322070,
c64008117f90ed5d,https://au.linkedin.com/jobs/view/assistant-store-manager-factorie-townsville-at-cotton-on-group-4461597391,Assistant Store Manager - Factorie Townsville,,scraped,2026-09-24T01:58:44.294631,
65c4682882b3125d,https://au.linkedin.com/jobs/view/full-time-customer-service-and-sales-assistant-garbutt-townsville-qld-at-beacon-lighting-4469359139,"Full Time Customer Service and Sales Assistant Garbutt Townsville, QLD",,scraped,2026-09-24T01:59:30.945227,
0091a9a8699be829,https://au.linkedin.com/jobs/view/seo-specialist-at-searchability%C2%AE-4471144506,SEO Specialist,,scraped,2026-09-24T02:00:14.016248,
a319065cbddb3489,https://au.linkedin.com/jobs/view/domestic-cleaner-paid-training-permanent-hours-at-maid2match-4471152807,Domestic Cleaner - Paid Training  Permanent Hours,,scraped,2026-09-24T02:00:55.332788,
1094c64fecafe148,https://au.linkedin.com/jobs/view/software-engineer-at-verbrec-4469369329,Software Engineer,,scraped,2026-09-24T02:01:02.917940,
b4b2cdfdb62255ac,https://au.linkedin.com/jobs/view/business-development-representative-at-assignar-4469317146,Business Development Representative,Assignar,failed|wp_post_failed,2026-09-24T02:01:25.459752,
6519e66ae2c31a54,https://au.linkedin.com/jobs/view/store-manager-dfo-south-wharf-at-swatch-group-4469340815,Store Manager | DFO South Wharf,Swatch Group,failed|wp_post_failed,2026-09-24T02:02:26.022752,
c22d01baa82808a3,https://au.linkedin.com/jobs/view/restaurant-manager-rafi-north-sydney-at-applejack-hospitality-4471146995,Restaurant Manager | RAFI | North Sydney,,scraped,2026-09-24T02:02:36.713753,
eb26651aa1cfc43b,https://au.linkedin.com/jobs/view/full-time-cook-orion-hotel-at-australia-chef-migration-4471152802,Full Time Cook - Orion Hotel,,scraped,2026-09-24T02:02:59.146464,
07b6b95e440b22df,https://au.linkedin.com/jobs/view/restaurant-manager-bopp-tone-sydney-at-applejack-hospitality-4471164262,Restaurant Manager | Bopp & Tone | Sydney,,scraped,2026-09-24T02:03:27.476006,
d208a12dddbd618e,https://au.linkedin.com/jobs/view/banking-consultant-campsie-nsw-at-anz-4468655611,"Banking Consultant, Campsie NSW",,scraped,2026-09-24T02:03:39.656406,
21a2a64048e58647,https://au.linkedin.com/jobs/view/senior-recruitment-consultant-at-tardis-group-4471151530,Senior Recruitment Consultant,,scraped,2026-09-24T02:04:32.438387,
ec0c1dd3149be017,https://au.linkedin.com/jobs/view/general-physician-staff-specialist-general-medicine-darwin-at-sant%C3%A9-recruitment-4471162328,General Physician / Staff Specialist - General Medicine Darwin,,scraped,2026-09-24T02:05:35.622223,
b9410555cbb0599a,https://au.linkedin.com/jobs/view/occupational-therapist-new-graduate-early-career-at-concentric-4471161285,Occupational Therapist - New Graduate / Early Career,,scraped,2026-09-24T02:06:20.140912,
3aa7f9ba380d7639,https://au.linkedin.com/jobs/view/customer-service-officer-mackay-city-at-boq-group-4469619733,Customer Service Officer - Mackay City,,scraped,2026-09-24T02:06:26.895540,
e438675cb9088a73,https://au.linkedin.com/jobs/view/receptionist-at-qscan-group-4471165048,Receptionist,,scraped,2026-09-24T02:06:49.675713,
9aaa1d0113e16a8a,https://au.linkedin.com/jobs/view/assistant-manager-broadbeach-tavern-at-alh-hotels-4471154842,Assistant Manager - Broadbeach Tavern,,scraped,2026-09-24T02:07:01.740219,
13069619a6598342,https://au.linkedin.com/jobs/view/radiographer-at-qscan-group-4471146963,Radiographer,,scraped,2026-09-24T02:07:54.206093,
c65ebb9536966882,https://au.linkedin.com/jobs/view/nuclear-medicine-technologist-at-qscan-group-4471170029,Nuclear Medicine Technologist,,scraped,2026-09-24T02:08:22.039047,
bbd0095f766e70b2,https://au.linkedin.com/jobs/view/conductor-bendigo-at-v-line-4470681124,Conductor - Bendigo,,scraped,2026-09-24T02:08:33.762230,
4c998f393e5a95b7,https://au.linkedin.com/jobs/view/restaurant-manager-concord-at-zeus-street-greek-4468938042,Restaurant Manager Concord,Zeus Street Greek,failed|wp_post_failed,2026-09-24T02:09:00.564773,
01eb8ea748785883,https://au.linkedin.com/jobs/view/assistant-restaurant-manager-palmerston-at-nando-s-australia-new-zealand-4470674812,Assistant Restaurant Manager - Palmerston,,scraped,2026-09-24T02:09:03.274765,
d1f2146f1b16c305,https://au.linkedin.com/jobs/view/full-time-cook-coro-club-at-australia-chef-migration-4471166088,Full Time Cook - Coro Club,,scraped,2026-09-24T02:09:40.332750,
e3351075c3103d9e,https://au.linkedin.com/jobs/view/smokemart-gift-box-cockburn-sales-assistant-at-smokemart-giftbox-4470913380,Smokemart & Gift Box Cockburn - Sales Assistant,,scraped,2026-09-24T02:09:52.563847,
b8d831a5129613d4,https://au.linkedin.com/jobs/view/maintenance-officer-xavier-catholic-college-ballina-at-diocese-of-lismore-catholic-schools-4470671524,"Maintenance Officer - Xavier Catholic College, Ballina",,scraped,2026-09-24T02:10:00.453076,
9f3232f422a78f93,https://au.linkedin.com/jobs/view/courier-at-fedex-australia-4452356224,Courier,FedEx Australia,failed|wp_post_failed,2026-09-24T02:10:33.123250,
bdb8ee29b68eaca4,https://au.linkedin.com/jobs/view/retail-assistant-store-manager-every-sunday-off-diggers-rest-at-the-reject-shop-4459932351,Retail Assistant Store Manager - Every Sunday Off - Diggers Rest,,scraped,2026-09-24T02:10:53.861374,
8914c72b89cb476b,https://au.linkedin.com/jobs/view/reddy-express-orange-customer-service-rep-at-otr-4469423938,Reddy Express Orange - Customer Service Rep,,scraped,2026-09-24T02:11:04.630700,
c7e4db76d4a0a6d4,https://au.linkedin.com/jobs/view/store-manager-cotton-on-kids-westfield-chermside-at-cotton-on-group-4451650698,Store Manager - Cotton On Kids Westfield Chermside,,scraped,2026-09-24T02:11:17.149011,
90b293235f13aacd,https://au.linkedin.com/jobs/view/manager-communications-acs-at-bureau-of-meteorology-4471173367,"Manager, Communications, ACS",,scraped,2026-09-24T02:11:25.922516,
4f86e55086e6228a,https://au.linkedin.com/jobs/view/plumbers-at-hays-4471410014,Plumbers,,scraped,2026-09-24T06:54:23.625448,
980f20fd9de594e8,https://au.linkedin.com/jobs/view/sales-development-representative-aus-hybrid-at-attentive-4450285692,"Sales Development Representative, AUS (Hybrid)",Attentive,failed|wp_post_failed,2026-09-24T06:55:05.245773,
dc13e5c354e7706e,https://au.linkedin.com/jobs/view/service-technician-at-epiroc-4471187957,Service Technician,,scraped,2026-09-24T06:55:37.930723,
67bc649873ed57f0,https://au.linkedin.com/jobs/view/vehicle-service-agent-car-detailer-fulltime-at-avis-budget-group-4469416761,Vehicle Service Agent / Car Detailer (Fulltime),Avis Budget Group,failed|wp_post_failed,2026-09-24T06:55:57.790898,
e2edf630843cf84a,https://au.linkedin.com/jobs/view/brand-communications-and-social-specialist-at-caresuper-4469646097,Brand Communications and Social Specialist,CareSuper,failed|wp_post_failed,2026-09-24T06:56:36.010459,
42ee1a9e5e6e904f,https://au.linkedin.com/jobs/view/landscaper-at-civilandscape-4471109100,LANDSCAPER,,scraped,2026-09-24T06:56:50.584813,
d6bad083aacab141,https://au.linkedin.com/jobs/view/maintenance-officer-at-skg-services-4468489882,Maintenance Officer,,scraped,2026-09-24T06:57:15.701717,
555272257fece015,https://au.linkedin.com/jobs/view/sales-consultant-earn-more-at-plush-knoxfield-at-plush-think-sofas-4469364631,Sales Consultant - Earn More at Plush Knoxfield,,scraped,2026-09-24T06:57:22.195935,
e1d42824e8b38b7a,https://au.linkedin.com/jobs/view/cleaner-permanent-role-paid-travel-and-training-at-maid2match-4471154643,Cleaner - Permanent Role  Paid Travel and Training,,scraped,2026-09-24T06:57:33.800828,
d32cb1ae79bce682,https://au.linkedin.com/jobs/view/domestic-cleaner-paid-training-permanent-hours-at-maid2match-4471162261,Domestic Cleaner - Paid Training  Permanent Hours,,scraped,2026-09-24T06:58:32.160397,
75f52add114a650e,https://au.linkedin.com/jobs/view/cyber-security-risk-analyst-at-western-power-4469407661,Cyber Security Risk Analyst,,scraped,2026-09-24T07:00:28.236028,
c7fa9439aa977af8,https://au.linkedin.com/jobs/view/origin-sales-representatives-gold-coast-at-strikeforce-amc-4470680442,Origin Sales Representatives - Gold Coast,,scraped,2026-09-24T07:00:35.203397,
ef81f643068a7ae0,https://au.linkedin.com/jobs/view/account-manager-at-marilyn-sons-4469390448,Account Manager,,scraped,2026-09-24T07:00:49.896744,
f9d73201af593124,https://au.linkedin.com/jobs/view/branch-manager-angle-park-at-rexel-australia-4470645666,"Branch Manager, Angle Park",,scraped,2026-09-24T07:01:03.910653,
45928c8b1cb0b607,https://au.linkedin.com/jobs/view/strata-manager-at-stratabee-4469095301,Strata Manager,,scraped,2026-09-24T07:01:29.374116,
94b32c70e9b8ea72,https://au.linkedin.com/jobs/view/senior-receptionist-at-qscan-group-4471164177,Senior Receptionist,,scraped,2026-09-24T07:01:36.526437,
00cc0e0ce618f7d1,https://au.linkedin.com/jobs/view/kitchen-hand-2-1-at-saltbush-contracting-4471164200,Kitchen Hand 2/1,,scraped,2026-09-24T07:02:19.991360,
dbf587135ea00845,https://au.linkedin.com/jobs/view/accounts-receivable-administrator-motion-industries-regency-park-at-motion-asia-pacific-4469369927,Accounts Receivable Administrator - Motion Industries Regency Park,,scraped,2026-09-24T07:02:32.463322,
863a496fd9e782ac,https://au.linkedin.com/jobs/view/talent-acquisition-partner-mission-software-solutions-at-leidos-4469363807,Talent Acquisition Partner - Mission Software Solutions,Leidos,failed|wp_post_failed,2026-09-24T07:03:03.228998,
c3df516b0413159f,https://au.linkedin.com/jobs/view/general-practitioner-work-close-to-the-melbourne-cbd-at-sant%C3%A9-recruitment-4471162275,General Practitioner - Work close to the Melbourne CBD,,scraped,2026-09-24T07:03:59.914858,
43ae65014ba222a0,https://au.linkedin.com/jobs/view/boilermaker-at-heidelberg-materials-australia-4471183501,Boilermaker,Heidelberg Materials Australia,failed|wp_post_failed,2026-09-24T07:04:16.295102,
bf7069e157e28c00,https://au.linkedin.com/jobs/view/remote-pilot-australia-at-skyports-drone-services-4470934341,"Remote Pilot, Australia",,scraped,2026-09-24T07:04:47.046487,
d6db4505427e6b09,https://au.linkedin.com/jobs/view/plumber-4469437602,Plumber,Taro Flow Plumbing,failed|wp_post_failed,2026-09-24T07:05:39.634993,
debd2017d536ec21,https://au.linkedin.com/jobs/view/retail-store-manager-birkenhead-point-at-unison-label-4469704253,Retail Store Manager - Birkenhead Point,,scraped,2026-09-24T07:06:02.237430,
8791b38193bad092,https://au.linkedin.com/jobs/view/assistant-manager-hotel-victor-at-alh-hotels-4471417415,Assistant Manager - Hotel Victor,,scraped,2026-09-24T07:06:09.794407,
120fbe01c4ba5eb4,https://au.linkedin.com/jobs/view/payroll-officer-at-aston-stone-consulting-4471199214,Payroll Officer,,scraped,2026-09-24T07:06:40.246880,
18790f2ec7f328f9,https://au.linkedin.com/jobs/view/business-development-manager-at-coco-republic-4471188768,Business Development Manager,,scraped,2026-09-24T07:06:58.475971,
69bce94efe03460a,https://au.linkedin.com/jobs/view/sales-consultant-earn-more-at-plush-capalaba-at-plush-think-sofas-4471181320,Sales Consultant - Earn More at Plush Capalaba,,scraped,2026-09-24T07:07:09.810934,
cf08cfa40eac14c2,https://au.linkedin.com/jobs/view/optometrist-maryborough-at-specsavers-4470681169,Optometrist - Maryborough,,scraped,2026-09-24T07:07:17.042207,
c4ff74c519592b28,https://au.linkedin.com/jobs/view/customer-sales-service-repco-oakleigh-full-time-at-repco-4384825257,Customer Sales & Service - Repco Oakleigh - Full Time,Repco,failed|wp_post_failed,2026-09-24T07:07:33.268142,
13b070a06855c137,https://au.linkedin.com/jobs/view/project-hse-advisor-at-decode-group-4471195708,Project HSE Advisor,,scraped,2026-09-24T07:08:07.912854,
55a5f88f12bac281,https://au.linkedin.com/jobs/view/assistant-restaurant-manager-at-guzman-y-gomez-mexican-kitchen-4471195429,Assistant Restaurant Manager,,scraped,2026-09-24T07:08:22.669798,
e83c6961d047511e,https://au.linkedin.com/jobs/view/operations-coordinator-at-signal-brands-australia-4469617285,Operations Coordinator,,scraped,2026-09-24T07:08:43.271663,
b11d171ab29cd8e2,https://au.linkedin.com/jobs/view/poultry-farm-hands-entry-level-through-to-team-leader-at-pace-farm-4469625466,Poultry Farm Hands | Entry Level through to Team Leader,Pace Farm,failed|wp_post_failed,2026-09-24T07:09:04.960142,
2fa460e2ab44e2eb,https://au.linkedin.com/jobs/view/maintenance-and-grounds-coordinator-at-unilodge-4471155638,Maintenance and Grounds Coordinator,UniLodge,failed|wp_post_failed,2026-09-24T07:09:17.188857,
6e46042ca0138a0a,https://au.linkedin.com/jobs/view/data-migration-lead-at-carecone-group-4471157350,Data Migration Lead,,scraped,2026-09-24T07:09:23.844025,
5ecc3763fdff4e5e,https://au.linkedin.com/jobs/view/customer-success-manager-at-point-of-rental-software-4471403276,Customer Success Manager,Point of Rental Software,failed|wp_post_failed,2026-09-24T07:09:38.742266,
9dfbda5e45f820b1,https://au.linkedin.com/jobs/view/recruitment-consultant-at-healthcare-australia-4469383312,Recruitment Consultant,,scraped,2026-09-24T07:09:41.449682,
6be35a1af05cf3f6,https://au.linkedin.com/jobs/view/account-development-representative-11887-at-coupa-4469305500,Account Development Representative - 11887,Coupa,failed|wp_post_failed,2026-09-24T07:10:07.876049,
2a5ba5a6e0884607,https://au.linkedin.com/jobs/view/store-manager-indooroopilly-at-strandbags-4469669328,Store Manager - Indooroopilly,,scraped,2026-09-24T07:10:26.609413,
7f73bf574029a558,https://au.linkedin.com/jobs/view/underwriter-financial-lines-at-cfc-4470669940,Underwriter - Financial Lines,,scraped,2026-09-24T07:10:34.228644,
2ada423457785329,https://au.linkedin.com/jobs/view/estimator-at-power-fm-bega-bay-4469715555,Estimator,Power FM Bega Bay,posted,2026-09-24T13:00:26.691643,57
f0aac28a4cd69476,https://au.linkedin.com/jobs/view/sales-development-representative-at-wow-recruitment-4471194554,Sales Development Representative,,scraped,2026-09-24T13:00:55.453905,
82163d6963580061,https://au.linkedin.com/jobs/view/platypus-store-manager-oran-park-at-platypus-shoes-4470682552,Platypus Store Manager - Oran Park,,scraped,2026-09-24T13:01:04.941037,
07d413bb91061ecd,https://au.linkedin.com/jobs/view/sales-development-representative-at-businessai-4453049366,Sales Development Representative,,scraped,2026-09-24T13:01:55.378753,
1c163be1dee51cf1,https://au.linkedin.com/jobs/view/staff-front-end-engineer-design-systems-at-canva-4433629732,Staff Front-End Engineer - Design Systems,,scraped,2026-09-24T13:02:33.183099,
b2afabe0911b5160,https://au.linkedin.com/jobs/view/store-manager-every-sunday-off-craigieburn-central-at-the-reject-shop-4413303225,"Store Manager, Every Sunday Off, Craigieburn Central",,scraped,2026-09-24T13:02:39.855808,
fa5174fadf9ac865,https://au.linkedin.com/jobs/view/retail-sales-assistant-bondi-junction-at-lorna-jane-4469722817,Retail Sales Assistant - Bondi Junction,,scraped,2026-09-24T13:02:56.652517,
04774a639993b153,https://au.linkedin.com/jobs/view/creative-technologist-at-entropico-4460448907,Creative Technologist,,scraped,2026-09-24T13:03:09.421416,
31c726a55f27f664,https://au.linkedin.com/jobs/view/store-manager-at-jb-hi-fi-4469712777,Store Manager,,scraped,2026-09-24T13:04:02.227605,
30dcc58184d7c622,https://au.linkedin.com/jobs/view/sales-executive-b2b-at-progresso-search-4469741283,Sales Executive - B2B,,scraped,2026-09-24T13:04:09.202329,
a4e4dad1742b0359,https://au.linkedin.com/jobs/view/head-cook-baldivis-at-guzman-y-gomez-mexican-kitchen-4468975388,Head Cook - Baldivis,,scraped,2026-09-24T13:06:07.399747,
e77b9617aa75d8a7,https://au.linkedin.com/jobs/view/medical-officer-dfr-at-serco-4460459909,Medical Officer - DFR,Serco,posted,2026-09-24T13:06:28.469482,790
680a5ffd6fbba563,https://au.linkedin.com/jobs/view/store-manager-rebel-rockhampton-at-rebel-sport-4471414437,Store Manager - rebel Rockhampton,,scraped,2026-09-24T13:06:31.163371,
5e5c515ddf6a4a83,https://au.linkedin.com/jobs/view/horticulturist-at-green-by-nature-4453060382,Horticulturist,Green by Nature,posted,2026-09-24T13:07:08.122681,792
d3683a91cac7b25f,https://au.linkedin.com/jobs/view/store-manager-at-duluxgroup-4469373772,Store Manager,,scraped,2026-09-24T13:07:24.868991,
b38ddb8a44e71054,https://au.linkedin.com/jobs/view/assistant-store-manager-cotton-on-dfo-canberra-outlet-at-cotton-on-group-4434439020,Assistant Store Manager - Cotton On DFO Canberra (Outlet),,scraped,2026-09-24T13:08:00.292038,
3576d8a319ad53af,https://au.linkedin.com/jobs/view/recruiter-at-teksystems-4471446949,Recruiter,TEKsystems,posted,2026-09-24T13:08:39.203029,193
2239707869093c1b,https://au.linkedin.com/jobs/view/landscape-leading-hand-at-bmd-group-4457664474,Landscape Leading Hand,,scraped,2026-09-24T13:09:07.911870,
06f105010922d3f0,https://au.linkedin.com/jobs/view/residential-valuer-hobart-at-cbre-asia-pacific-4469071725,Residential Valuer - Hobart,,scraped,2026-09-24T13:09:26.702819,
a50764d8a063447a,https://au.linkedin.com/jobs/view/customer-service-team-member-at-the-good-guys-4460443370,Customer Service Team Member,,scraped,2026-09-24T13:10:15.139954,
b40fa2aa6d7e991d,https://au.linkedin.com/jobs/view/field-service-technician-at-metso-4469722749,Field Service Technician,,scraped,2026-09-24T13:10:38.560925,
85083e396c1e69ee,https://au.linkedin.com/jobs/view/customer-care-consultant-ts-gladstone-at-blackwoods-4462154906,Customer Care Consultant TS - Gladstone,,scraped,2026-09-24T13:11:34.329395,
5ad29d80521a4ec8,https://au.linkedin.com/jobs/view/corporate-travel-consultant-perth-wa-at-flight-centre-travel-group-4471186935,"Corporate Travel Consultant - Perth, WA",,scraped,2026-09-24T13:12:01.505804,
58faeaa207c29911,https://au.linkedin.com/jobs/view/store-manager-claremont-at-bailey-nelson-4471429337,Store Manager - Claremont,,scraped,2026-09-24T13:12:10.259008,
4bec29e5ac0be8e5,https://au.linkedin.com/jobs/view/hr-rem-analyst-at-hydro-tasmania-4471401389,HR Rem Analyst,,scraped,2026-09-24T13:12:53.726352,
a114600e4ca98f7a,https://au.linkedin.com/jobs/view/office-manager-at-future-secure-ai-4460445600,Office Manager,Future Secure AI,posted,2026-09-24T13:13:19.704487,794
0395469b81ba8cbf,https://au.linkedin.com/jobs/view/store-manager-gazman-double-bay-at-austin-group-4471196786,Store Manager | GAZMAN Double Bay,,scraped,2026-09-24T13:13:42.452223,
fb95115d3b5f8ed6,https://au.linkedin.com/jobs/view/general-practitioner-at-serco-4377139949,General Practitioner,Serco,posted,2026-09-24T13:14:03.823691,61
1796563d06815288,https://au.linkedin.com/jobs/view/associate-director-credit-validation-at-nab-4471407936,"Associate Director, Credit Validation",,scraped,2026-09-24T13:14:48.600193,
ab8822cb294169a3,https://au.linkedin.com/jobs/view/executive-assistant-to-chief-executive-officer-4469606737,Executive Assistant to Chief Executive Officer,WOLF Enterprises,posted,2026-09-24T13:15:33.050040,796
076ce6a00c7a2cd9,https://au.linkedin.com/jobs/view/retail-store-manager-expression-of-interest-bayside-qld-at-the-reject-shop-4460483674,Retail Store Manager - Expression of Interest - Bayside QLD,,scraped,2026-09-24T13:16:05.725631,
